{
"type": "FeatureCollection",
"name": "chubusangaku_nationalpark_outline",
"crs": { "type": "name", "properties": { "name": "urn:ogc:def:crs:EPSG::4612" } },
"features": [
{ "type": "Feature", "properties": { "NAME": "中部山岳", "ZONE": "第1種特別地域" }, "geometry": { "type": "LineString", "coordinates": [ [ 137.595897857001006, 36.177394887164503 ], [ 137.597720915888004, 36.177103521210697 ], [ 137.598977598836996, 36.176828247725602 ], [ 137.600030820065996, 36.176541006062699 ], [ 137.601502934713011, 36.175751090140899 ], [ 137.602424502388999, 36.175068890516997 ], [ 137.603250322843991, 36.174829522464698 ], [ 137.604279606819006, 36.174733775243702 ], [ 137.605814933912001, 36.174812996522697 ], [ 137.606154030483992, 36.174771353415402 ], [ 137.607774383081988, 36.174530312624 ], [ 137.608408709094988, 36.174326849104901 ], [ 137.608300993695991, 36.173931891144001 ], [ 137.608097530176991, 36.172579460973502 ], [ 137.607894067556998, 36.171765608695999 ], [ 137.607582888639996, 36.171047503639599 ], [ 137.606697226395994, 36.169539483560499 ], [ 137.605392668936986, 36.167756189996297 ], [ 137.604040237866997, 36.166463601614097 ], [ 137.602029544428007, 36.165051328756 ], [ 137.600796797833993, 36.163962202993403 ], [ 137.600078693677006, 36.163184256148703 ], [ 137.599049409703014, 36.162358435693399 ], [ 137.59688312635501, 36.1603357731776 ], [ 137.596129116766008, 36.159509952722303 ], [ 137.593884800143996, 36.158288217427497 ], [ 137.591143375167007, 36.156344556755997 ], [ 137.588372359797006, 36.154664865990902 ], [ 137.586721137969988, 36.153886704208198 ], [ 137.585629814264991, 36.153250888917597 ], [ 137.585098385982008, 36.152785889957002 ], [ 137.584785223159997, 36.152358849581397 ], [ 137.583580021901014, 36.150043344424901 ], [ 137.583105533294002, 36.149208243865502 ], [ 137.582801860117996, 36.148933039628197 ], [ 137.582365330095996, 36.148819162974199 ], [ 137.580979822860996, 36.148914060335798 ], [ 137.580495843708007, 36.148828652620402 ], [ 137.578759215065986, 36.147974572768497 ], [ 137.576291871971989, 36.1462853923571 ], [ 137.575333405113014, 36.145488250382598 ], [ 137.574682786082008, 36.145473446642399 ], [ 137.574348745498014, 36.145570621986799 ], [ 137.572211268335991, 36.1466365137643 ], [ 137.572087901136001, 36.1465321258571 ], [ 137.571565963398996, 36.144729068791698 ], [ 137.571290759161002, 36.144150192277699 ], [ 137.570806780907986, 36.143523866633302 ], [ 137.569525660680995, 36.142204787820802 ], [ 137.569326375412004, 36.141739787961001 ], [ 137.569174539274002, 36.1409046883009 ], [ 137.569421273672987, 36.1391016303361 ], [ 137.56964902787999, 36.138703059798601 ], [ 137.570237394040987, 36.1381146936384 ], [ 137.570977597238993, 36.137583265355602 ], [ 137.571395147069012, 36.136928470772503 ], [ 137.571736778829006, 36.136169289181503 ], [ 137.572011982166998, 36.134973576669402 ], [ 137.572011982166998, 36.134553654427698 ], [ 137.571594432337008, 36.134201108494601 ], [ 137.570554352901013, 36.134003721694597 ], [ 137.569878680556997, 36.133935394802798 ], [ 137.569658517526989, 36.133836701402799 ], [ 137.569603951162009, 36.133663987503198 ], [ 137.569805608841989, 36.133142049765901 ], [ 137.570007267422, 36.132359143160102 ], [ 137.570446168956011, 36.130817054064003 ], [ 137.570659689592986, 36.1288004763611 ], [ 137.570719000780997, 36.125965404979603 ], [ 137.570446168956011, 36.125170636316 ], [ 137.569817471799013, 36.1240555875955 ], [ 137.569283671105012, 36.123415027481698 ], [ 137.568405867136988, 36.122572809687597 ], [ 137.569936093275999, 36.121588245401398 ], [ 137.570434306897994, 36.120757889665001 ], [ 137.570730862839014, 36.119666565060101 ], [ 137.571003693765988, 36.1185515163396 ], [ 137.571395147069012, 36.1180651647757 ], [ 137.571881497732988, 36.117685573530501 ], [ 137.573281240336996, 36.117199222865999 ], [ 137.573743866885991, 36.116902666924702 ], [ 137.574028560769989, 36.1164163162601 ], [ 137.574123458130998, 36.115657133769901 ], [ 137.574384427000012, 36.1131186183297 ], [ 137.574408151114994, 36.112561093519801 ], [ 137.574503049376005, 36.112418747027696 ], [ 137.57479960441799, 36.112454334100399 ], [ 137.575535062792994, 36.112727165026797 ], [ 137.57660266238301, 36.112655991780699 ], [ 137.577919369683002, 36.112371298796603 ], [ 137.579591942314011, 36.111766324856099 ], [ 137.581074720222006, 36.1111376268002 ], [ 137.582355840449992, 36.110461480513102 ], [ 137.582868288540993, 36.110097073421301 ], [ 137.583052787156987, 36.109724172232902 ], [ 137.583096042747997, 36.109474543815303 ], [ 137.583073267417006, 36.109193645970201 ], [ 137.582716452402991, 36.1086698106634 ], [ 137.582109106051007, 36.107925812326499 ], [ 137.581418250452003, 36.107379200789602 ], [ 137.58035539568499, 36.106817405998598 ], [ 137.579049601657999, 36.1063391213535 ], [ 137.577121278924011, 36.105800101893401 ], [ 137.57704536085501, 36.1056634490091 ], [ 137.577197196993012, 36.103902145667597 ], [ 137.577781767114999, 36.102467291732303 ], [ 137.577804543344996, 36.102224353371398 ], [ 137.577781767114999, 36.101981415010499 ], [ 137.57710609566999, 36.101237416673598 ], [ 137.577007401370992, 36.101017253643498 ], [ 137.577121278924011, 36.098800441887001 ], [ 137.577060544109003, 36.098633421595302 ], [ 137.575959729857999, 36.097403546536597 ], [ 137.575329609074004, 36.096355875023797 ], [ 137.575192956189994, 36.095968691701898 ], [ 137.575139813452012, 36.094951387596602 ], [ 137.574950017828996, 36.094488286205603 ], [ 137.574456549030998, 36.094123879113901 ], [ 137.574266753408011, 36.0938429812687 ], [ 137.574198427416007, 36.093243227892799 ], [ 137.574084549861993, 36.093038248116798 ], [ 137.573196306564, 36.092430902664198 ], [ 137.572611736443008, 36.092248699118301 ], [ 137.571609615591001, 36.092112046234099 ], [ 137.571427412046006, 36.092020944011502 ], [ 137.571265703150004, 36.091730497164903 ], [ 137.571030761560991, 36.091600660242399 ], [ 137.568607148901009, 36.091427545245203 ], [ 137.568081620171, 36.091235881730697 ], [ 137.567036746448991, 36.090691806282003 ], [ 137.565948594652014, 36.090203373686897 ], [ 137.562622309971999, 36.088973019289597 ], [ 137.561591038496005, 36.0884549108656 ], [ 137.561299215686006, 36.088231097487302 ], [ 137.561150831145994, 36.087878684653703 ], [ 137.561126100688995, 36.087124397173298 ], [ 137.560940620014009, 36.086846175710598 ], [ 137.560217245828994, 36.086345378336702 ], [ 137.559926659588001, 36.085863129480003 ], [ 137.559673169480988, 36.085727109718498 ], [ 137.559487688806001, 36.085739475396601 ], [ 137.559240381539013, 36.085906407554802 ], [ 137.558782863138987, 36.086104253908303 ], [ 137.558146046003003, 36.0866112341213 ], [ 137.556872413531011, 36.088113626243 ], [ 137.556724028990999, 36.088132174760197 ], [ 137.556526182636986, 36.087996154998699 ], [ 137.556186135481994, 36.087575732734003 ], [ 137.555895549240006, 36.0874582614898 ], [ 137.555487491755002, 36.0873778872798 ], [ 137.555283270106997, 36.087242640935301 ], [ 137.555165992217013, 36.0871614933084 ], [ 137.554819762221996, 36.086703974009403 ], [ 137.554411704736992, 36.085584908017303 ], [ 137.554386974279993, 36.085380879723999 ], [ 137.554318964848989, 36.085183034269797 ], [ 137.553978916793994, 36.0849480917812 ], [ 137.553484302258994, 36.084744063487904 ], [ 137.55328645590501, 36.084521486677403 ], [ 137.553212263635004, 36.084274179410002 ], [ 137.553206080796002, 36.083958861812199 ], [ 137.553342100558012, 36.083600266139499 ], [ 137.553546128850996, 36.082883074794204 ], [ 137.553564676468994, 36.082202979583997 ], [ 137.553403927149986, 36.081393048350698 ], [ 137.553057697154998, 36.080323443272398 ], [ 137.552872216480012, 36.079933934303803 ], [ 137.552612543533996, 36.079711357493302 ], [ 137.552173572751997, 36.079698992714498 ], [ 137.551481885280992, 36.079949005142602 ], [ 137.551018184041993, 36.080180855762002 ], [ 137.550671180631014, 36.080533655304102 ], [ 137.550303310250001, 36.081465694686202 ], [ 137.550061800012003, 36.082595967130302 ], [ 137.54993621418501, 36.084296204706199 ], [ 137.549810628357989, 36.086257275353098 ], [ 137.549552114638999, 36.088064165329101 ], [ 137.549181153288004, 36.089881874149299 ], [ 137.549051317264997, 36.090141547094902 ], [ 137.548872019427989, 36.090221922204101 ], [ 137.548711269210003, 36.090221922204101 ], [ 137.548139371435013, 36.090175551360701 ], [ 137.547351078789006, 36.090082811472698 ], [ 137.546755995593003, 36.089897330797299 ], [ 137.545604470369994, 36.089387259614497 ], [ 137.544660374676994, 36.088746733675002 ], [ 137.542795676280008, 36.087376650712002 ], [ 137.542306008015998, 36.087233212443003 ], [ 137.54195977802101, 36.087218373629199 ], [ 137.541577996927003, 36.0872619619701 ], [ 137.54123269413401, 36.087401381168903 ], [ 137.540757863784989, 36.087678365164599 ], [ 137.539978227114005, 36.088297560983797 ], [ 137.538254804116008, 36.089866417501398 ], [ 137.536605077861992, 36.090716289425401 ], [ 137.533749172786003, 36.091689691326302 ], [ 137.533348534706988, 36.091768829867803 ], [ 137.532903381085987, 36.091768829867803 ], [ 137.532398874009004, 36.091655068326901 ], [ 137.531933936201995, 36.091496791244097 ], [ 137.531538244394994, 36.091318729975598 ], [ 137.530315952418988, 36.090406067386297 ], [ 137.530227317037003, 36.090368080922403 ], [ 137.530170337790992, 36.090393404931802 ], [ 137.530151344108987, 36.0904408882366 ], [ 137.530004938078008, 36.092097254185099 ], [ 137.529835532784006, 36.093090687585303 ], [ 137.529594408354995, 36.093764599956501 ], [ 137.529211081325997, 36.094395234252801 ], [ 137.52868555349599, 36.094951675379697 ], [ 137.527953865977992, 36.095388343897099 ], [ 137.528219579670008, 36.096003281426498 ], [ 137.528166436931997, 36.096322137856497 ], [ 137.52799941664, 36.096489158148302 ], [ 137.526306440190012, 36.097210381154397 ], [ 137.526344399674002, 36.097384992623503 ], [ 137.527118765419004, 36.098174542521299 ], [ 137.527171908156987, 36.0983263786596 ], [ 137.527095990087986, 36.098455439467102 ], [ 137.526921377719987, 36.098516174282203 ], [ 137.526184971459003, 36.098592092351304 ], [ 137.525668727329986, 36.098910948781501 ], [ 137.524613463740991, 36.099131111811502 ], [ 137.524028893619004, 36.099821967410001 ], [ 137.523785955258006, 36.099943437040203 ], [ 137.523603751711988, 36.099890294301801 ], [ 137.523026773666999, 36.099571437871703 ], [ 137.522472570052997, 36.099389234325898 ], [ 137.521850040446992, 36.099290540026601 ], [ 137.521348980471004, 36.099313315357399 ], [ 137.521136409517993, 36.099503110980002 ], [ 137.520961798049001, 36.099943437040203 ], [ 137.520756818272986, 36.101545311267301 ], [ 137.520703675534008, 36.101757882220703 ], [ 137.520498696657995, 36.101924902512401 ], [ 137.520195023481989, 36.102023595912399 ], [ 137.519291596930003, 36.102023595912399 ], [ 137.517727681287994, 36.102646125518397 ], [ 137.517264579896988, 36.102699268256799 ], [ 137.515192013101, 36.101978045250704 ], [ 137.514971850070992, 36.102061555396602 ], [ 137.514782054448006, 36.102281718426802 ], [ 137.514713727556995, 36.102471514049299 ], [ 137.514470789195997, 36.103405308008703 ], [ 137.514235442911996, 36.103860817323003 ], [ 137.513673648120999, 36.104331509891402 ], [ 137.51245895631601, 36.104900896759098 ], [ 137.511935121009003, 36.105295672157702 ], [ 137.511844018787002, 36.1054702836269 ], [ 137.511874386193995, 36.105660079249397 ], [ 137.512117324554993, 36.106016895163698 ], [ 137.512542466462008, 36.106320567440399 ], [ 137.513248506214012, 36.107049382523101 ], [ 137.513514219905005, 36.107307505037497 ], [ 137.513650872790009, 36.107345463622401 ], [ 137.514220259657009, 36.106806444162302 ], [ 137.515146461540013, 36.105675262503603 ], [ 137.515381807824014, 36.105523426365203 ], [ 137.517575845148997, 36.104521305513998 ], [ 137.519511759960011, 36.103838041992198 ], [ 137.520058370598008, 36.103807674584701 ], [ 137.523335117021986, 36.103039107668799 ], [ 137.524731543825993, 36.103422973391702 ], [ 137.526481924002013, 36.103497775402197 ], [ 137.52854647513999, 36.104874143726903 ], [ 137.529773237645003, 36.1058914586241 ], [ 137.530551184490008, 36.106819010389202 ], [ 137.531523618720001, 36.1088386808606 ], [ 137.532346447131005, 36.1098111141918 ], [ 137.532795262791012, 36.1107237057346 ], [ 137.53284014435701, 36.111217402961003 ], [ 137.532196841310991, 36.112698493740702 ], [ 137.531942513036995, 36.113536283273 ], [ 137.531987394602993, 36.114299268996199 ], [ 137.532271644220998, 36.114718163312801 ], [ 137.532898754974013, 36.115322873751801 ], [ 137.533333840684008, 36.115750439331499 ], [ 137.533677932990003, 36.116917360048298 ], [ 137.533603130080991, 36.117874833157202 ], [ 137.533333840684008, 36.120193713469298 ], [ 137.533259038674004, 36.121345673064504 ], [ 137.533318880461991, 36.122826763844202 ], [ 137.532570854960994, 36.124696828495999 ], [ 137.532095679272004, 36.125244133410199 ], [ 137.53085014611699, 36.1253532661405 ], [ 137.529977086972991, 36.125562041055503 ], [ 137.528629538323003, 36.126064999500301 ], [ 137.527319949157004, 36.126492039875899 ], [ 137.526342502104995, 36.126615407075498 ], [ 137.525184749076999, 36.126634386368004 ], [ 137.523444368463004, 36.126471002035302 ], [ 137.522751907575014, 36.126562011627698 ], [ 137.522166283447007, 36.1267559000649 ], [ 137.521450081355994, 36.127108066484297 ], [ 137.520753663450989, 36.127499801275 ], [ 137.520203652476994, 36.127927148319401 ], [ 137.519151112033995, 36.128912421271401 ], [ 137.518161882064987, 36.130024315170097 ], [ 137.517782018325988, 36.130257772878103 ], [ 137.517694965749996, 36.130495188502302 ], [ 137.517758276223987, 36.130708862024498 ], [ 137.517738492038006, 36.131136209068998 ], [ 137.517689030225, 36.131263819270004 ], [ 137.517569771127995, 36.131713695230999 ], [ 137.517369347318009, 36.131835163961803 ], [ 137.517035306733987, 36.131871604491103 ], [ 137.516063554189998, 36.132393922641597 ], [ 137.515972451967002, 36.132551831901701 ], [ 137.515929937417013, 36.1329283861363 ], [ 137.515486575245006, 36.133481070795 ], [ 137.515441119012991, 36.133856106974001 ], [ 137.514836145971998, 36.134034040538701 ], [ 137.51383971962801, 36.134010316423101 ], [ 137.511063959434011, 36.134318733522903 ], [ 137.509094830862011, 36.134579702391498 ], [ 137.508719984440006, 36.134814574732999 ], [ 137.507903863172999, 36.135383961600702 ], [ 137.507742537387998, 36.135602226162 ], [ 137.507685598611999, 36.1359343682767 ], [ 137.507827945103998, 36.136807428320303 ], [ 137.508501718979005, 36.138430180308703 ], [ 137.509733492506996, 36.141144256902102 ], [ 137.506613253299008, 36.141576990885603 ], [ 137.505208766771005, 36.141561806732199 ], [ 137.505223950024998, 36.141668092208903 ], [ 137.508792106470992, 36.144158209733703 ], [ 137.509733492506996, 36.144856657409001 ], [ 137.509953655537004, 36.1449401675549 ], [ 137.510166226490014, 36.144947759631599 ], [ 137.511380918295004, 36.144613719048003 ], [ 137.511897161525013, 36.1446440864556 ], [ 137.514091198849997, 36.144456189301899 ], [ 137.514470789195997, 36.144826290001397 ], [ 137.514622626233006, 36.144883228778198 ], [ 137.514973747640994, 36.144807310708998 ], [ 137.515163543262986, 36.144835780546998 ], [ 137.515239461331987, 36.145414657060897 ], [ 137.51559058363901, 36.146003023221098 ], [ 137.51559058363901, 36.146126389521399 ], [ 137.514954768347991, 36.1459271042526 ], [ 137.513407934429011, 36.145708839691302 ], [ 137.512610793354014, 36.1456519009147 ], [ 137.511272734349006, 36.145803737952299 ], [ 137.510152940805995, 36.1461833282982 ], [ 137.508463760393994, 36.1470943469267 ], [ 137.508169576864987, 36.147208224480202 ], [ 137.50801774072599, 36.147341081325997 ], [ 137.508093658794991, 36.147578326079 ], [ 137.508715239617004, 36.148256844777698 ], [ 137.507230089296996, 36.148394446446702 ], [ 137.505920500130998, 36.148574752423002 ], [ 137.505170807286987, 36.148906894537703 ], [ 137.504468563572999, 36.149314955620902 ], [ 137.504088972327992, 36.149751484743398 ], [ 137.50379190737101, 36.150145120700898 ], [ 137.506223860342999, 36.153174017566997 ], [ 137.506477350450012, 36.153340950624496 ], [ 137.507063159837003, 36.1534746510345 ], [ 137.509104991402012, 36.153557344595903 ], [ 137.512060314731997, 36.153526430400603 ], [ 137.516414469652005, 36.1533587257248 ], [ 137.517090701374997, 36.1532428004151 ], [ 137.51762202533601, 36.153117214588001 ], [ 137.520249666289004, 36.151938640456102 ], [ 137.522221680786004, 36.151217568536097 ], [ 137.522366849350988, 36.151232654663403 ], [ 137.522471955816002, 36.151350125907797 ], [ 137.522985117969, 36.1528030562162 ], [ 137.523523011478005, 36.155257582171799 ], [ 137.523597203748011, 36.1558943993073 ], [ 137.52367757885699, 36.156048965787299 ], [ 137.523801232940997, 36.156154071353498 ], [ 137.524017626912013, 36.156160254192599 ], [ 137.524870837120005, 36.155974773517102 ], [ 137.52635468162299, 36.155486341821401 ], [ 137.526645267865007, 36.1555048894393 ], [ 137.526775103888014, 36.1555914473876 ], [ 137.527282084100989, 36.1564384756553 ], [ 137.527578853182007, 36.1571989450754 ], [ 137.527832343287997, 36.157483349377202 ], [ 137.533625518702991, 36.160457220324602 ], [ 137.534823413869987, 36.161168228830903 ], [ 137.535920531008003, 36.161687574722002 ], [ 137.536160419768009, 36.161856052814798 ], [ 137.536236543781996, 36.161961033375199 ], [ 137.537454272596989, 36.161771237752603 ], [ 137.537656214462999, 36.161695319683403 ], [ 137.53825944191999, 36.161932359391002 ], [ 137.538584983010992, 36.162267475563702 ], [ 137.538948822630005, 36.1628132345433 ], [ 137.539485007427004, 36.1635313395998 ], [ 137.539867996310988, 36.1637228340417 ], [ 137.540720148016987, 36.163780282734002 ], [ 137.542232955186989, 36.164067524396899 ], [ 137.543257451171002, 36.164498387790502 ], [ 137.543669165300003, 36.1645845599297 ], [ 137.544128752140011, 36.164574985747201 ], [ 137.544601743376006, 36.164393065487701 ], [ 137.546503208756008, 36.162851610413703 ], [ 137.547351606690995, 36.162118109863101 ], [ 137.549695500746992, 36.160517214098299 ], [ 137.550561055948009, 36.159797194385199 ], [ 137.550836808772004, 36.159460164455197 ], [ 137.551104901169992, 36.159291648590902 ], [ 137.55145342083901, 36.159155687285299 ], [ 137.553287939786998, 36.157935866647101 ], [ 137.554718405030997, 36.156809878573199 ], [ 137.555254589827996, 36.156541786174699 ], [ 137.555867372580991, 36.156379016078901 ], [ 137.559362148844002, 36.156704556270398 ], [ 137.562253718335, 36.156666257741797 ], [ 137.563737801158993, 36.156886476529799 ], [ 137.565154861107999, 36.1569534994047 ], [ 137.566571921957006, 36.156896050712398 ], [ 137.566600646302987, 36.157097120236102 ], [ 137.566342128087001, 36.158179064912098 ], [ 137.566648519913002, 36.158657801916199 ], [ 137.566696393524012, 36.158916319232901 ], [ 137.566658094095999, 36.159136538021002 ], [ 137.566399576778991, 36.159548251251003 ], [ 137.566332553004997, 36.159998263908903 ], [ 137.566447450390001, 36.160879139061201 ], [ 137.565987863548997, 36.161587669035796 ], [ 137.565949564121013, 36.1619419344729 ], [ 137.565987863548997, 36.163138775634103 ], [ 137.56609318495299, 36.1634164431145 ], [ 137.566380427515014, 36.163761133469698 ], [ 137.569115658860994, 36.164951841254698 ], [ 137.569563451092989, 36.164952229761802 ], [ 137.570776760639006, 36.164357830949299 ], [ 137.571910409138013, 36.163935010192702 ], [ 137.57339947060899, 36.163463167391498 ], [ 137.574490224144995, 36.163037283544 ], [ 137.576351551882993, 36.161964913949802 ], [ 137.576665603235, 36.161719801028099 ], [ 137.577117530549998, 36.162225346822503 ], [ 137.57561046824901, 36.1635313395998 ], [ 137.574854063764008, 36.164335616795398 ], [ 137.574720018015, 36.164651583703801 ], [ 137.578808427767001, 36.164172846699699 ], [ 137.579306314034994, 36.164287743185 ], [ 137.579497808476987, 36.164460088362503 ], [ 137.582887263337, 36.1697549152573 ], [ 137.583337275995007, 36.1707028132844 ], [ 137.583595793310991, 36.170999630029101 ], [ 137.58584585570199, 36.1724358401421 ], [ 137.58665970797901, 36.173067772160103 ], [ 137.587339513607986, 36.173824175745303 ], [ 137.587933147097004, 36.174867821892597 ], [ 137.587981020708014, 36.175375282343602 ], [ 137.588258687288999, 36.175700823434397 ], [ 137.590537474025012, 36.1771274575663 ], [ 137.591054509558006, 36.177558320959903 ], [ 137.591269940356, 36.177917373488199 ], [ 137.591470435213012, 36.178611158178597 ], [ 137.591452052171007, 36.178923677985502 ], [ 137.591593087451002, 36.1792937409136 ], [ 137.591760210265988, 36.179252880216403 ], [ 137.592585821179, 36.178484208079901 ], [ 137.592889493455999, 36.178692982995003 ], [ 137.593295594915986, 36.178794994893302 ], [ 137.593340476482012, 36.178599573112002 ], [ 137.594094486072009, 36.178300362371999 ], [ 137.59485964096001, 36.178111743062701 ], [ 137.595897857001006, 36.177394887164503 ] ] } },
{ "type": "Feature", "properties": { "NAME": "中部山岳", "ZONE": "第1種特別地域" }, "geometry": { "type": "LineString", "coordinates": [ [ 137.552479066155996, 36.126046650632603 ], [ 137.552601623067005, 36.125623830775297 ], [ 137.552537281071011, 36.125450719375401 ], [ 137.552191058271006, 36.125366461892902 ], [ 137.551020643687991, 36.125372588974002 ], [ 137.549886995189013, 36.125176498996403 ], [ 137.549335490440995, 36.124968153057999 ], [ 137.549538474620988, 36.1238345045589 ], [ 137.549672521269997, 36.123773226553297 ], [ 137.551911063344988, 36.123511208175898 ], [ 137.552606218601994, 36.123374917718401 ], [ 137.553739867101001, 36.1229995883605 ], [ 137.553847104060992, 36.122800433493403 ], [ 137.554038598503013, 36.121444651549602 ], [ 137.554115196459009, 36.121054003139903 ], [ 137.553969660971006, 36.120862507798698 ], [ 137.553448795225989, 36.120755270839297 ], [ 137.553287939786998, 36.120563776397297 ], [ 137.553241980833008, 36.120280364047701 ], [ 137.553295599313003, 36.119813117681403 ], [ 137.553464115177007, 36.119476086852103 ], [ 137.553770506104001, 36.119476086852103 ], [ 137.554207114366989, 36.119621623239503 ], [ 137.555363741444012, 36.119659921768097 ], [ 137.556221637118995, 36.119958653169498 ], [ 137.556282916024003, 36.120540796920402 ], [ 137.555593535313989, 36.121199538627998 ], [ 137.555386720921007, 36.121513589980303 ], [ 137.555340761966988, 36.122057434303301 ], [ 137.555470978403008, 36.1225936191004 ], [ 137.555762050278986, 36.122877031450003 ], [ 137.557332306141006, 36.123627690166003 ], [ 137.558138379283008, 36.124098407915398 ], [ 137.558496593643014, 36.124370689355999 ], [ 137.558576635104004, 36.124537597232496 ], [ 137.559304701050991, 36.126027118257099 ], [ 137.559410022455012, 36.126333509184299 ], [ 137.559486620411008, 36.127884615782499 ], [ 137.559611091978013, 36.128238881219502 ], [ 137.559971042030014, 36.129027898718697 ], [ 137.559505770574987, 36.128763097838899 ], [ 137.557985781419006, 36.128116802748401 ], [ 137.555879340758992, 36.127338855903602 ], [ 137.552546885829997, 36.126278903248902 ], [ 137.552479066155996, 36.126046650632603 ] ] } },
{ "type": "Feature", "properties": { "NAME": "中部山岳", "ZONE": "第1種特別地域" }, "geometry": { "type": "LineString", "coordinates": [ [ 137.651284323813002, 36.223448507242999 ], [ 137.651328806978995, 36.2223809067536 ], [ 137.652114679548987, 36.220527434593599 ], [ 137.652707790531991, 36.218659134411702 ], [ 137.653211935183009, 36.217828778675397 ], [ 137.654220223585014, 36.216553590376101 ], [ 137.653389918209996, 36.217040378111101 ], [ 137.65264606376499, 36.217194945490498 ], [ 137.652005383142011, 36.217214265625998 ], [ 137.651535112355987, 36.217146642903401 ], [ 137.64917796409199, 36.216412448975497 ], [ 137.648277223815001, 36.2162992288265 ], [ 137.647294177584001, 36.216262132691398 ], [ 137.646145791895009, 36.216475242338703 ], [ 137.645964900460001, 36.216398151553598 ], [ 137.645519746839, 36.215934450314798 ], [ 137.645173516844011, 36.215334730213797 ], [ 137.644314122899004, 36.213504654816099 ], [ 137.643559835417989, 36.211192331461099 ], [ 137.643028124748014, 36.210271110923202 ], [ 137.642434587486008, 36.209485910146803 ], [ 137.64088891549099, 36.20794642189 ], [ 137.640168633175989, 36.207360612502399 ], [ 137.639697898338994, 36.207411375634599 ], [ 137.639375245871008, 36.207591681611 ], [ 137.638618435792011, 36.208137343463797 ], [ 137.637693182693994, 36.208955837142398 ], [ 137.637017036407002, 36.209276116299897 ], [ 137.63600874710599, 36.209537086067797 ], [ 137.635498671427001, 36.209786191979298 ], [ 137.634419209778997, 36.210545374469604 ], [ 137.633197400739988, 36.2116485611323 ], [ 137.632817809493986, 36.212241672115603 ], [ 137.632284009698992, 36.212716161621699 ], [ 137.631904418454013, 36.212953405475403 ], [ 137.631940004628007, 36.2132736855323 ], [ 137.632070489061988, 36.213582103531401 ], [ 137.632794084479997, 36.214329423064598 ], [ 137.634786938067009, 36.216417174912898 ], [ 137.635581706730989, 36.217544085691102 ], [ 137.63604433417899, 36.218286660401198 ], [ 137.634288724445014, 36.216958091942601 ], [ 137.633956582330995, 36.216863194580903 ], [ 137.633351609290003, 36.2168798014619 ], [ 137.63214403472, 36.217593907233201 ], [ 137.630599574110988, 36.218326992297001 ], [ 137.629714652009994, 36.2182999460858 ], [ 137.628720123235013, 36.218034232394103 ], [ 137.628074818297989, 36.2180570086242 ], [ 137.627049922115987, 36.2182999460858 ], [ 137.625516373881993, 36.218550476523397 ], [ 137.625150069220012, 36.2186282930614 ], [ 137.625292415713005, 36.2187801291998 ], [ 137.626611494525008, 36.219178699737398 ], [ 137.626934146992994, 36.219349516067503 ], [ 137.628518939498008, 36.220137167496397 ], [ 137.629126285849992, 36.220545227680297 ], [ 137.630849792484014, 36.2213716911508 ], [ 137.628814855121988, 36.2217097993679 ], [ 137.627235024176997, 36.221997041930102 ], [ 137.625499604222995, 36.221997041930102 ], [ 137.62408733136499, 36.221805547488202 ], [ 137.623117890078987, 36.221482399493297 ], [ 137.622088606104995, 36.221123347864399 ], [ 137.621633806354993, 36.221111378787299 ], [ 137.620329249794992, 36.221278936873603 ], [ 137.618450209010007, 36.220991695210699 ], [ 137.616882346242988, 36.220596737249799 ], [ 137.614572442064997, 36.2198786321933 ], [ 137.61356709534499, 36.219603358708198 ], [ 137.612633559491002, 36.219459737876797 ], [ 137.608583476147004, 36.219350607844397 ], [ 137.606421952911006, 36.2190408435603 ], [ 137.605213142672994, 36.218765570075199 ], [ 137.60323835466599, 36.218442422979599 ], [ 137.601502934713011, 36.218262896715501 ], [ 137.599747317784988, 36.218288423072401 ], [ 137.597493516013003, 36.218717696464701 ], [ 137.594848496561013, 36.219088717170699 ], [ 137.591350727354012, 36.219322101134303 ], [ 137.590632622297989, 36.219456745832296 ], [ 137.589570425835007, 36.219770916794502 ], [ 137.588517205505013, 36.220548863639301 ], [ 137.587404143387005, 36.221135316042201 ], [ 137.586530448421996, 36.221434525882799 ], [ 137.58572856522099, 36.221626021223997 ], [ 137.585058333775009, 36.221649957579601 ], [ 137.583773883357992, 36.221672937056603 ], [ 137.583651327347013, 36.221542720620199 ], [ 137.583651327347013, 36.221198030265001 ], [ 137.583398554000013, 36.220838020858103 ], [ 137.582961946636999, 36.2204397120233 ], [ 137.582241926924013, 36.220148640147798 ], [ 137.581008700990992, 36.219949485280701 ], [ 137.578611188455994, 36.219397980532598 ], [ 137.577799251734007, 36.219321383475197 ], [ 137.57743924142801, 36.2193826614808 ], [ 137.576068140432994, 36.220156299673597 ], [ 137.57546301720501, 36.2203631140666 ], [ 137.57474156127401, 36.2204052428079 ], [ 137.573951645351997, 36.221458463137701 ], [ 137.574071329828001, 36.221721768445001 ], [ 137.576105960522, 36.2224997152898 ], [ 137.577159180851993, 36.222667272476798 ], [ 137.577781537788013, 36.222954515039 ], [ 137.577961064052005, 36.223433251143803 ], [ 137.577853348653008, 36.223852145460299 ], [ 137.576393202184988, 36.227023775527002 ], [ 137.576321391318999, 36.227322986266998 ], [ 137.576369264930008, 36.2276581015403 ], [ 137.576596664803986, 36.228088964034598 ], [ 137.576572728449008, 36.228507859250399 ], [ 137.576417139439997, 36.228831006345999 ], [ 137.575711002561007, 36.229920132108603 ], [ 137.575734939815987, 36.230171468338803 ], [ 137.576363326706002, 36.230646148501101 ], [ 137.576964334637012, 36.230994895697997 ], [ 137.577362643470991, 36.231071492755298 ], [ 137.57769201477501, 36.2310178742757 ], [ 137.578320116579988, 36.2307191428743 ], [ 137.578680126887008, 36.2305659469611 ], [ 137.579200991732989, 36.230167638126098 ], [ 137.580932103034002, 36.228283331810502 ], [ 137.581422329777013, 36.228068856992302 ], [ 137.581744040654996, 36.228007578986798 ], [ 137.582150009016004, 36.228160774899997 ], [ 137.582280225451996, 36.228275671385298 ], [ 137.582356823408986, 36.228482485778301 ], [ 137.582344496401987, 36.2288369904349 ], [ 137.582030325439007, 36.232891290700699 ], [ 137.581972302080004, 36.236255635589302 ], [ 137.581819106166989, 36.237493457057603 ], [ 137.581770084122013, 36.238831774167203 ], [ 137.58179949734901, 36.239111203419398 ], [ 137.581858324702011, 36.239214150612703 ], [ 137.581935535096989, 36.239129586461402 ], [ 137.582793430772, 36.237957639433702 ], [ 137.583398554000013, 36.237383156107903 ], [ 137.584011336754003, 36.236954208270298 ], [ 137.584746676418007, 36.236693775397598 ], [ 137.585558613139995, 36.236555899435402 ], [ 137.587128869001987, 36.236670795920602 ], [ 137.588576568853995, 36.236931228793402 ], [ 137.589319089604004, 36.237220864451501 ], [ 137.590863014217007, 36.238094558517197 ], [ 137.593125044785012, 36.239243526068002 ], [ 137.595446917141999, 36.240548083527401 ], [ 137.595650379760997, 36.240847293368098 ], [ 137.595147263036012, 36.241102743996599 ], [ 137.594603081467, 36.241263083224901 ], [ 137.594607939604998, 36.241457433913602 ], [ 137.594834973454994, 36.2421759904298 ], [ 137.595264978896012, 36.243080484476899 ], [ 137.596050851466003, 36.244014634567897 ], [ 137.597311212643007, 36.245126718223602 ], [ 137.598971923215998, 36.246446390588602 ], [ 137.601106140335986, 36.247659990616199 ], [ 137.602990251498994, 36.248789179377297 ], [ 137.604309923864008, 36.249708501446399 ], [ 137.604814067614996, 36.250227474118802 ], [ 137.605006829202011, 36.2507019627255 ], [ 137.60564145828701, 36.253142614840002 ], [ 137.605819390952007, 36.2537950370115 ], [ 137.606139671009004, 36.254210215329401 ], [ 137.606566711385, 36.254577943617399 ], [ 137.608085075465993, 36.255443886426399 ], [ 137.609864409315009, 36.256772454885002 ], [ 137.610694765051988, 36.2576028106214 ], [ 137.611240426904004, 36.258789032587998 ], [ 137.612272440320993, 36.260485330233998 ], [ 137.612948586608013, 36.2618376237075 ], [ 137.61326886666501, 36.264043997032999 ], [ 137.613411213157008, 36.264684557146801 ], [ 137.613719631155988, 36.265123459580103 ], [ 137.614111084459012, 36.265503050825302 ], [ 137.614668609268989, 36.265823330882199 ], [ 137.615226133179988, 36.2659538153165 ], [ 137.616761697693988, 36.266219400405198 ], [ 137.617015053801993, 36.266300012935403 ], [ 137.617608135107986, 36.2666685299289 ], [ 137.618903422355004, 36.267590801774197 ], [ 137.620267577887006, 36.268373708380103 ], [ 137.622141809097002, 36.270912223820197 ], [ 137.62255698741501, 36.271422299499697 ], [ 137.623078925151987, 36.2717069924839 ], [ 137.624027902366009, 36.272098445786803 ], [ 137.624644738363997, 36.2724187258437 ], [ 137.624905707233012, 36.272644108538898 ], [ 137.62504805372501, 36.272881353292 ], [ 137.625475094100011, 36.274518339749797 ], [ 137.626613866936992, 36.276950094871196 ], [ 137.627301876181008, 36.278148179794798 ], [ 137.627622156238004, 36.278444734836803 ], [ 137.626588729985997, 36.2785118917106 ], [ 137.624159142231008, 36.2789786605369 ], [ 137.623249542731998, 36.279062439580102 ], [ 137.621705617221011, 36.279062439580102 ], [ 137.620927670376005, 36.2791701549788 ], [ 137.620581006907997, 36.279299283235503 ], [ 137.618488244936998, 36.279820753325303 ], [ 137.616590289610002, 36.280164757497701 ], [ 137.614870266948998, 36.280686695234998 ], [ 137.612462235944008, 36.281706846593899 ], [ 137.609449230997001, 36.282726997053402 ], [ 137.606388777820001, 36.283782735484998 ], [ 137.604716204290014, 36.284399570583901 ], [ 137.603672328815009, 36.284613090321997 ], [ 137.602782662789991, 36.284719850640798 ], [ 137.60383840032199, 36.2851587530741 ], [ 137.606032911590006, 36.287507472891697 ], [ 137.607290306802014, 36.289002112857403 ], [ 137.608073213408005, 36.289761295347702 ], [ 137.609401782766014, 36.290686548445599 ], [ 137.611311600150003, 36.291801597166199 ], [ 137.614051773271001, 36.293296237131798 ], [ 137.614751644573005, 36.293545343942597 ], [ 137.615451515875009, 36.293687690434801 ], [ 137.617539266823997, 36.293747001622997 ], [ 137.618381484617998, 36.293462308638802 ], [ 137.619271151542989, 36.293367411277202 ], [ 137.620030334033004, 36.293592793073103 ], [ 137.620564133827997, 36.294091006694799 ], [ 137.621584285186998, 36.295348401907397 ], [ 137.622011324662992, 36.296321104135799 ], [ 137.621833391097994, 36.2988596195759 ], [ 137.621750355794006, 36.300211913049502 ], [ 137.621821529041, 36.300591504294601 ], [ 137.622675608891996, 36.301220202350599 ], [ 137.624597289234003, 36.3026673931858 ], [ 137.626080067141999, 36.304019686659402 ], [ 137.629567560694994, 36.307934219688697 ], [ 137.629982738113, 36.308539193629002 ], [ 137.630279294053992, 36.309452584669202 ], [ 137.630587711153993, 36.309927073276 ], [ 137.631275720398008, 36.310555771331998 ], [ 137.63144179190499, 36.310852326373897 ], [ 137.631406204833013, 36.311991100109402 ], [ 137.631323169528997, 36.312501175788803 ], [ 137.631062200660011, 36.312845179961201 ], [ 137.627800830843995, 36.315032277218002 ], [ 137.625273435520995, 36.314956655925101 ], [ 137.622545124457986, 36.315004104156202 ], [ 137.622189258227991, 36.315193899778798 ], [ 137.621180968927007, 36.316047979630703 ], [ 137.620409924379004, 36.316558055310203 ], [ 137.619294875657999, 36.317151166293499 ], [ 137.618310311371999, 36.317827313479903 ], [ 137.618049342503014, 36.317862899653299 ], [ 137.613399351098991, 36.316641090613999 ], [ 137.613098051234005, 36.316676677686701 ], [ 137.613449172640998, 36.317359942107799 ], [ 137.613508143886008, 36.3179392682828 ], [ 137.613477642479012, 36.3181191236988 ], [ 137.613525090710993, 36.318233001252203 ], [ 137.613971110378998, 36.318745449343197 ], [ 137.614341211977006, 36.319874732533002 ], [ 137.614417130047002, 36.3199980997327 ], [ 137.615356617613998, 36.320482078885 ], [ 137.615935494127996, 36.320842689938303 ], [ 137.616286616433996, 36.321241260476 ], [ 137.616457431865001, 36.321582893136203 ], [ 137.616761105041007, 36.321791668051198 ], [ 137.617055288571009, 36.321858096474202 ], [ 137.617377941038995, 36.321905545604601 ], [ 137.617586715953991, 36.3220289128042 ], [ 137.61778600122301, 36.3222566670117 ], [ 137.617994776138005, 36.322873503009902 ], [ 137.618810897405012, 36.323499827755001 ], [ 137.619057631803997, 36.323765541446697 ], [ 137.619162018812005, 36.324078704268999 ], [ 137.616894314420989, 36.324853590720799 ], [ 137.614763937405996, 36.325691379353799 ], [ 137.613220011893986, 36.326182084535702 ], [ 137.611496560118013, 36.326600978852198 ], [ 137.608660046224003, 36.327450736562398 ], [ 137.607163994323002, 36.328144904364002 ], [ 137.600186409076002, 36.327821757268502 ], [ 137.599959009201001, 36.327642231004297 ], [ 137.599875230158005, 36.326995936813198 ], [ 137.599779482937009, 36.326660821539903 ], [ 137.599587988494989, 36.3264214525881 ], [ 137.599121220568009, 36.326241926324002 ], [ 137.598762168039997, 36.325930748305602 ], [ 137.598175715637012, 36.325069022417601 ], [ 137.596655726481004, 36.322208571268703 ], [ 137.596500137471992, 36.322172665836 ], [ 137.596452263861011, 36.3225676237969 ], [ 137.596703600990992, 36.323225886165901 ], [ 137.596703600990992, 36.323860212179198 ], [ 137.596428326606002, 36.324494538192504 ], [ 137.595902573045009, 36.325211546975503 ], [ 137.594938767809992, 36.324766713513199 ], [ 137.591231823490006, 36.321904952052101 ], [ 137.588503512426996, 36.319443540886901 ], [ 137.584055178704006, 36.315039691228897 ], [ 137.58320999584501, 36.313972090739597 ], [ 137.581786529124997, 36.312430002542698 ], [ 137.581223073285997, 36.311911029870302 ], [ 137.57985891775499, 36.310339285629702 ], [ 137.577590267277003, 36.3082485687166 ], [ 137.576700601252014, 36.3075368353568 ], [ 137.576063006202986, 36.307195796249196 ], [ 137.574295720571001, 36.305866857269798 ], [ 137.573173698507986, 36.304806497222202 ], [ 137.572862520488997, 36.304327761117499 ], [ 137.572862520488997, 36.304100361242803 ], [ 137.572635120613995, 36.303705403281903 ], [ 137.572539372493992, 36.303322414398103 ], [ 137.572551341571, 36.302173445947901 ], [ 137.572431657094995, 36.301850298852401 ], [ 137.570827889795993, 36.300258499730099 ], [ 137.570648363531006, 36.299528426495797 ], [ 137.570456869089014, 36.298678669685003 ], [ 137.570337184614004, 36.297146712351001 ], [ 137.570504742699995, 36.295973807545401 ], [ 137.570815921617992, 36.2950642089463 ], [ 137.571139068712995, 36.294525630153899 ], [ 137.571833236515005, 36.2941306721929 ], [ 137.572000794600996, 36.293963114106603 ], [ 137.572060636389011, 36.293639967011003 ], [ 137.572012762778996, 36.2933527253481 ], [ 137.571833236515005, 36.2932210726945 ], [ 137.570049942950988, 36.292993672819897 ], [ 137.567979406824008, 36.2929577673872 ], [ 137.566674850264008, 36.292658557546503 ], [ 137.565466040025996, 36.2922516314079 ], [ 137.563646841028998, 36.291844705269099 ], [ 137.562185392342002, 36.291633154146901 ], [ 137.561957638134999, 36.2896782600438 ], [ 137.561891209712002, 36.288311732100901 ], [ 137.562052535496008, 36.287296325565102 ], [ 137.562707330079007, 36.286005715691402 ], [ 137.563210288524004, 36.285075717770297 ], [ 137.563400084146991, 36.284610717910503 ], [ 137.563390594500987, 36.284164699141698 ], [ 137.563143860101007, 36.283709189827398 ], [ 137.56245110603399, 36.282893068560398 ], [ 137.561549577951013, 36.2821908248469 ], [ 137.560562640353993, 36.281687866402102 ], [ 137.559917335416998, 36.281241846733998 ], [ 137.559338458902999, 36.280653480573797 ], [ 137.556772423309013, 36.276195183261301 ], [ 137.556347281401997, 36.275519510916901 ], [ 137.554320264369011, 36.273006618061103 ], [ 137.553804021139001, 36.272255027647603 ], [ 137.552212214821992, 36.272271073351497 ], [ 137.549105415083005, 36.271876927478402 ], [ 137.547675669297007, 36.271954210718398 ], [ 137.546284565580009, 36.272216974633899 ], [ 137.544373079953999, 36.2724187258437 ], [ 137.544610323808001, 36.2735100504486 ], [ 137.544978052994992, 36.274162472620198 ], [ 137.546223586150006, 36.275562215224198 ], [ 137.546539973941009, 36.276072290903599 ], [ 137.546603177395014, 36.278492183967302 ], [ 137.546783483371001, 36.279751952490798 ], [ 137.547922256206988, 36.282380620469397 ], [ 137.547647052868996, 36.283880005258197 ], [ 137.547144094424993, 36.285455308116099 ], [ 137.547163074616009, 36.2861480621835 ], [ 137.547400318470011, 36.287476631541502 ], [ 137.547609094284013, 36.288900098261102 ], [ 137.548833274835999, 36.292733968398103 ], [ 137.549212866081007, 36.293445701757904 ], [ 137.550256741556012, 36.294556005655302 ], [ 137.550987455106991, 36.295400595860997 ], [ 137.551234188606998, 36.295856105175297 ], [ 137.551300617029995, 36.296340083428298 ], [ 137.551234188606998, 36.2970328374956 ], [ 137.551006434399994, 36.2976686527863 ], [ 137.550987455106991, 36.298057733677602 ], [ 137.551139291244994, 36.2986366101916 ], [ 137.551272148090987, 36.298902323883297 ], [ 137.551175754257997, 36.299217248477397 ], [ 137.550529460066997, 36.299731890014897 ], [ 137.550179981720987, 36.300201051937201 ], [ 137.549959762933014, 36.3002872240763 ], [ 137.548427806498012, 36.300325523504299 ], [ 137.546043698358005, 36.300478719417498 ], [ 137.542673392762993, 36.300497868681902 ], [ 137.542118058701988, 36.300631914431399 ], [ 137.541572298823013, 36.3008425590371 ], [ 137.540480779065007, 36.3013021458775 ], [ 137.540203112483994, 36.301464915973298 ], [ 137.539829697782011, 36.301541513929898 ], [ 137.539437133816989, 36.301445766708902 ], [ 137.538671155150013, 36.301196823574699 ], [ 137.536267897745006, 36.300986179868502 ], [ 137.531432658590006, 36.300555316474899 ], [ 137.527679364112004, 36.3002776498938 ], [ 137.527229351453997, 36.300325523504299 ], [ 137.522681353962014, 36.302441539245798 ], [ 137.522441985909012, 36.302537286466801 ], [ 137.52222176712101, 36.302479837774499 ], [ 137.517683344711003, 36.300306374239902 ], [ 137.517463125923001, 36.300247010890999 ], [ 137.517294610958004, 36.300292968945499 ], [ 137.516704806782002, 36.300959370178902 ], [ 137.514978492463996, 36.3026436690702 ], [ 137.513895694331012, 36.303271995706197 ], [ 137.514425238533988, 36.304277334331701 ], [ 137.514599850903011, 36.304915047191898 ], [ 137.514736503786992, 36.305218720367797 ], [ 137.514911115256012, 36.305454066651997 ], [ 137.515958786769005, 36.306501738164897 ], [ 137.51618654187601, 36.306820594594903 ], [ 137.516376336598995, 36.307268511832497 ], [ 137.516748336667007, 36.308695774590497 ], [ 137.516839437990001, 36.309515690996498 ], [ 137.516953315542992, 36.309849731580002 ], [ 137.518661475247001, 36.311686952091399 ], [ 137.520787185680007, 36.3136304589787 ], [ 137.522206856362004, 36.3143896414689 ], [ 137.523970057273004, 36.315224742028398 ], [ 137.526279109792995, 36.316224128940597 ], [ 137.526503827889997, 36.316429943287403 ], [ 137.527082704403, 36.317084737870502 ], [ 137.527462295649002, 36.317711063514899 ], [ 137.528686477099001, 36.319703917102203 ], [ 137.529170455351988, 36.320387180624003 ], [ 137.530421208171987, 36.3219966469279 ], [ 137.531095362461002, 36.322772531627201 ], [ 137.531924389000011, 36.323924969661803 ], [ 137.532812632297009, 36.3248663556979 ], [ 137.533435161902986, 36.325716640410803 ], [ 137.533716058848995, 36.326263251048402 ], [ 137.533898262395013, 36.326536556816798 ], [ 137.534718179700008, 36.326817454661999 ], [ 137.536411156149995, 36.327257779822801 ], [ 137.536608542950006, 36.327356474122197 ], [ 137.53802821453101, 36.329892142308701 ], [ 137.54053958933099, 36.334822271630699 ], [ 137.540989024623997, 36.3359458612127 ], [ 137.541274477535012, 36.336389224283401 ], [ 137.541978998332013, 36.337124112487999 ], [ 137.543436628498, 36.339462393874598 ], [ 137.543667419716002, 36.339644597420403 ], [ 137.543968413811001, 36.339796766307899 ], [ 137.54429298633201, 36.339899682924198 ], [ 137.545981406816992, 36.340021151655002 ], [ 137.546854343652996, 36.340188219610802 ], [ 137.54786026054299, 36.340396994525904 ], [ 137.548875667078988, 36.340691177156302 ], [ 137.549606379730989, 36.341137196824299 ], [ 137.550073751103014, 36.341647272503799 ], [ 137.550536377652008, 36.342311556733101 ], [ 137.551082040403998, 36.343118188353898 ], [ 137.551853084952, 36.344577241246803 ], [ 137.552813924222988, 36.346664993095096 ], [ 137.553739178221008, 36.348064734799799 ], [ 137.555067746678986, 36.349689859199799 ], [ 137.556396316036995, 36.351101463861703 ], [ 137.556906390818, 36.351516641280099 ], [ 137.558614551420987, 36.352489343508601 ], [ 137.560239675821009, 36.353272250114401 ], [ 137.561959697582012, 36.353960259358601 ], [ 137.563205231636005, 36.354304263531098 ], [ 137.564344004471991, 36.354802477152802 ], [ 137.564953792484005, 36.354968513586201 ], [ 137.565282026145013, 36.354931710630098 ], [ 137.567673015896986, 36.353541878554999 ], [ 137.569425192018997, 36.3527088770132 ], [ 137.571761425648987, 36.351358839938698 ], [ 137.573772119088005, 36.350125644583002 ], [ 137.574333138664002, 36.3499199372555 ], [ 137.576483713552989, 36.350088243577801 ], [ 137.579481053208013, 36.350693396483202 ], [ 137.584400071406009, 36.350489932964202 ], [ 137.585385221151, 36.350555759740701 ], [ 137.586376354984992, 36.350798868073497 ], [ 137.587741502468987, 36.351322485744298 ], [ 137.589499363204993, 36.352407123889797 ], [ 137.591313326348995, 36.353510461638699 ], [ 137.592091740840999, 36.354306408414203 ], [ 137.592936542388003, 36.3555824933376 ], [ 137.593475121180006, 36.356165953695999 ], [ 137.59299638417599, 36.356794295620404 ], [ 137.592218437331013, 36.357362794857202 ], [ 137.591246004, 36.358170663045797 ], [ 137.590827109684, 36.358320267966199 ], [ 137.589660188967002, 36.358275386400102 ], [ 137.582963861292995, 36.357623108120102 ], [ 137.574490224144995, 36.357742791696602 ], [ 137.572563309749, 36.357910349782998 ], [ 137.571811325432009, 36.357816244724098 ], [ 137.571533103970012, 36.358071280765202 ], [ 137.570574788196012, 36.358650907313702 ], [ 137.569331837893998, 36.359190969987402 ], [ 137.569212153417993, 36.3600167904427 ], [ 137.568648142698009, 36.362673778971903 ], [ 137.568012320213001, 36.364973957882 ], [ 137.567806612884993, 36.366095997032801 ], [ 137.567731810874989, 36.367760354357003 ], [ 137.567881415795, 36.369013297925498 ], [ 137.568629441295997, 36.369761323426502 ], [ 137.569788881452013, 36.3706776552498 ], [ 137.569863684361991, 36.371014266994997 ], [ 137.569770180949007, 36.371762292496001 ], [ 137.569003454945999, 36.373370548312302 ], [ 137.568049721217989, 36.374904001218901 ], [ 137.567357798123993, 36.375988639364401 ], [ 137.566441466301001, 36.376736664865298 ], [ 137.565431631064996, 36.377185480525696 ], [ 137.564047783078991, 36.377615595683402 ], [ 137.562308622844995, 36.377933506026601 ], [ 137.560337575119007, 36.377978387592698 ], [ 137.557255708185011, 36.378157913856803 ], [ 137.556373037985992, 36.378307519676497 ], [ 137.554966749215993, 36.378801216003502 ], [ 137.553336052616999, 36.379653965758102 ], [ 137.552797473824995, 36.379878373588198 ], [ 137.550882527607001, 36.380087821196199 ], [ 137.549715607789011, 36.380252386338697 ], [ 137.548832936691014, 36.380506715512702 ], [ 137.547202240990998, 36.381194899225399 ], [ 137.545855794010009, 36.381404345934001 ], [ 137.542474717234995, 36.3816586751079 ], [ 137.538970215702989, 36.381907393411701 ], [ 137.533416124154996, 36.381785839245303 ], [ 137.529429146237987, 36.381224820569201 ], [ 137.527039203296994, 36.380719902501703 ], [ 137.524776425391991, 36.380476794168899 ], [ 137.521728220081997, 36.380308488745897 ], [ 137.520830588760987, 36.3804954946715 ], [ 137.519876855932011, 36.380944310331799 ], [ 137.519409339768998, 36.381337024484303 ], [ 137.519222332944992, 36.381860642155097 ], [ 137.519371937865003, 36.383207089136 ], [ 137.520250868683007, 36.386461000874597 ], [ 137.521054996591005, 36.390724748748298 ], [ 137.521429009341006, 36.392220800649604 ], [ 137.523411277907996, 36.396895962278997 ], [ 137.522681952910006, 36.39764398778 ], [ 137.522046130424997, 36.398579020105799 ], [ 137.521597314763994, 36.399588855341598 ], [ 137.517712069057012, 36.399787830344302 ], [ 137.516144206289994, 36.399883577565198 ], [ 137.514145481929006, 36.400362313670001 ], [ 137.512545543941997, 36.400835305804897 ], [ 137.510553999767012, 36.401471068035498 ], [ 137.509257581172989, 36.401932569532597 ], [ 137.507964992789994, 36.402708123281499 ], [ 137.507237312651995, 36.403196434468001 ], [ 137.50674900146501, 36.403751768529403 ], [ 137.506330107149012, 36.4045392904561 ], [ 137.506006960053014, 36.405999436924603 ], [ 137.505983022798006, 36.406849194634802 ], [ 137.505336728607006, 36.409266814212302 ], [ 137.504941771545987, 36.409925076581203 ], [ 137.50331406699101, 36.412115296284099 ], [ 137.503026825327993, 36.412749622297397 ], [ 137.502871235419008, 36.413467727353897 ], [ 137.502883203597008, 36.414485042251002 ], [ 137.50322550085599, 36.4167638280883 ], [ 137.503158477081996, 36.4169840468765 ], [ 137.502957408458002, 36.417127668607201 ], [ 137.500420104405009, 36.417730876279101 ], [ 137.494369173399008, 36.419149731275198 ], [ 137.493785844341005, 36.419983140209901 ], [ 137.490749935460997, 36.423597574868303 ], [ 137.490617774691003, 36.423746354211097 ], [ 137.489478181673007, 36.423710741957301 ], [ 137.485079078637, 36.423864320082501 ], [ 137.483069705403011, 36.423771580194497 ], [ 137.481064785612006, 36.4241435523832 ], [ 137.480430459598011, 36.426848413623503 ], [ 137.480262901511992, 36.427375024238103 ], [ 137.47806071363101, 36.4299003592144 ], [ 137.47742638761801, 36.4308099587128 ], [ 137.477330640397014, 36.4312049166737 ], [ 137.477438355796011, 36.431970895340697 ], [ 137.477653787493011, 36.432401757835002 ], [ 137.478647166033994, 36.434173083221403 ], [ 137.480095344325008, 36.435992282218201 ], [ 137.481735017058014, 36.4379431338687 ], [ 137.483278941669994, 36.439702490177901 ], [ 137.48460743638401, 36.441246415689697 ], [ 137.485995771988001, 36.443053646508801 ], [ 137.48756363385499, 36.446117560277301 ], [ 137.487886780949992, 36.447434085914502 ], [ 137.488102212646993, 36.449361000310098 ], [ 137.488174023513011, 36.453561913451701 ], [ 137.487898750027995, 36.456613859042498 ], [ 137.487420013023012, 36.460491625088601 ], [ 137.487431982099992, 36.460994298448298 ], [ 137.487599539287004, 36.461377288231503 ], [ 137.488868191313998, 36.463028929141998 ], [ 137.489083623010998, 36.463483728891198 ], [ 137.489119528444007, 36.464453170177798 ], [ 137.489011812146003, 36.465039622580697 ], [ 137.488740278941009, 36.465658240135802 ], [ 137.488029654445, 36.466817680291904 ], [ 137.487767845609994, 36.467790113623003 ], [ 137.485639711504007, 36.471810753163901 ], [ 137.486148368952001, 36.471975318306498 ], [ 137.488437328819998, 36.472364292178497 ], [ 137.489858577810992, 36.472693423362998 ], [ 137.491234945237011, 36.473202080811497 ], [ 137.492536509752, 36.473980027656303 ], [ 137.494496337535992, 36.475341434859502 ], [ 137.496276639954999, 36.477002052802703 ], [ 137.497234113063996, 36.478393380450299 ], [ 137.498655362056013, 36.481385484252897 ], [ 137.499538032255003, 36.482956338164598 ], [ 137.500241176190002, 36.483749246130998 ], [ 137.501019123933986, 36.484242942458003 ], [ 137.502799425452991, 36.4847516008059 ], [ 137.503532490731999, 36.485185455344698 ], [ 137.503906503482995, 36.4855893894389 ], [ 137.504250594888987, 36.4864421391935 ], [ 137.505058463078001, 36.487339769614799 ], [ 137.505148226209997, 36.487698822143102 ], [ 137.505058463078001, 36.488581493241497 ], [ 137.505537200081989, 36.489179913822099 ], [ 137.506270265360996, 36.490780689077702 ], [ 137.506419870281007, 36.491663359276799 ], [ 137.506434830502997, 36.493009806257703 ], [ 137.506300185805003, 36.494595620391699 ], [ 137.506195462450989, 36.495747580886302 ], [ 137.506345067371001, 36.496375922810699 ], [ 137.506719081021004, 36.496914500703802 ], [ 137.509352131396014, 36.498874328487702 ], [ 137.509800947055993, 36.499368025713999 ], [ 137.510414328758003, 36.500624709562899 ], [ 137.510893064863012, 36.501282971931801 ], [ 137.511551328130992, 36.502030998332103 ], [ 137.512359195420999, 36.5026443791349 ], [ 137.513945010453995, 36.503407365757496 ], [ 137.514348944548004, 36.503781378508002 ], [ 137.515082009827012, 36.505666403382001 ], [ 137.516054443157998, 36.507506547589301 ], [ 137.51644341702999, 36.507940402128 ], [ 137.516847351124994, 36.5080750468261 ], [ 137.51840324481401, 36.5080002439163 ], [ 137.518926862484989, 36.508179770180398 ], [ 137.520467795951987, 36.5089277965807 ], [ 137.521485111749001, 36.5090474801572 ], [ 137.522696913131995, 36.508972678146698 ], [ 137.524252806822005, 36.508568744052504 ], [ 137.526522597639996, 36.507856248966903 ], [ 137.527214989280992, 36.507970323471802 ], [ 137.527783489417004, 36.508299454656303 ], [ 137.528217343954992, 36.508808112104902 ], [ 137.528591356705988, 36.509481335595403 ], [ 137.529144896620011, 36.510842742798502 ], [ 137.53050630292401, 36.514193898229998 ], [ 137.530715750532011, 36.5142836613621 ], [ 137.531792908115989, 36.515510423867099 ], [ 137.531942513036995, 36.516078924003303 ], [ 137.531792908115989, 36.518502527669703 ], [ 137.531658263417995, 36.519145829816402 ], [ 137.531681601725012, 36.519462394773903 ], [ 137.531940119040996, 36.519759210619199 ], [ 137.532189062176002, 36.519835808575898 ], [ 137.532619925569009, 36.519902832349999 ], [ 137.533242282505995, 36.519778360782901 ], [ 137.533941238298013, 36.519854958739501 ], [ 137.534544445969999, 36.520017728835299 ], [ 137.535080630766998, 36.520295396315603 ], [ 137.535645539910007, 36.520726258810001 ], [ 137.535923207389999, 36.520783707502297 ], [ 137.536382794231002, 36.520735833891798 ], [ 137.536593438836007, 36.520573062896702 ], [ 137.536603013019004, 36.519682613561898 ], [ 137.536727484586009, 36.5194145202641 ], [ 137.536899829763001, 36.5192900495963 ], [ 137.537196646507994, 36.519366646653602 ], [ 137.537598785556014, 36.519653889215803 ], [ 137.537886027219002, 36.5195581419948 ], [ 137.539465858162998, 36.518638967414603 ], [ 137.540959516068995, 36.518629392332699 ], [ 137.543353198391998, 36.517968735968601 ], [ 137.544061729265991, 36.517403826825301 ], [ 137.544712810547992, 36.517078286633797 ], [ 137.545603260782002, 36.517030413023299 ], [ 137.546455411587999, 36.516838917682101 ], [ 137.546752228332991, 36.516570825283502 ], [ 137.547422459779, 36.516465503880099 ], [ 137.547700126360013, 36.516484653144403 ], [ 137.547932314224994, 36.516635455062399 ], [ 137.547345861822009, 36.517329622863997 ], [ 137.547094524692994, 36.518023790665602 ], [ 137.547022714727007, 36.518933390164001 ], [ 137.547106493770002, 36.519878895095097 ], [ 137.547453577221006, 36.520968020857701 ], [ 137.547932314224994, 36.521973367576997 ], [ 137.548973565478008, 36.523265955959303 ], [ 137.549548049702992, 36.523960124660199 ], [ 137.550720954508989, 36.5247500396828 ], [ 137.552169132799008, 36.525527986527599 ], [ 137.553234321307002, 36.525767354579898 ], [ 137.553234321307002, 36.525958849021798 ], [ 137.552085353756013, 36.526569238679599 ], [ 137.550936386204995, 36.527000101173897 ], [ 137.549488207915005, 36.527191595615797 ], [ 137.548303334931006, 36.5272275010485 ], [ 137.547872471538, 36.527059943861502 ], [ 137.545442883781988, 36.527155691082399 ], [ 137.545095799432005, 36.527311280091702 ], [ 137.542654243498987, 36.5295254370495 ], [ 137.542055822918002, 36.529872520500597 ], [ 137.541612991346994, 36.530279446639298 ], [ 137.54149330687099, 36.530482910158398 ], [ 137.541541180481005, 36.530794089076103 ], [ 137.542163538316998, 36.531560066843802 ], [ 137.542749990720012, 36.532409824554001 ], [ 137.542941485162004, 36.5329124979136 ], [ 137.542833769763007, 36.533163834143799 ], [ 137.542091728351011, 36.533738318368897 ], [ 137.540691423670012, 36.534576107001897 ], [ 137.539614266086005, 36.535042875828204 ], [ 137.538465298534987, 36.535413896534202 ], [ 137.537771130733006, 36.535844759028599 ], [ 137.537376172772014, 36.536227748811697 ], [ 137.536741846759014, 36.537197190098397 ], [ 137.536287047010006, 36.537580178982203 ], [ 137.535748468217008, 36.538082852341901 ], [ 137.535185953069004, 36.538286315860901 ], [ 137.534575564311012, 36.538250410428198 ], [ 137.53348643854801, 36.537939231510499 ], [ 137.532062197513, 36.537328842752103 ], [ 137.53050630292401, 36.5368381375702 ], [ 137.528902535624013, 36.536371369643199 ], [ 137.52782537893799, 36.536239716989499 ], [ 137.526580663266998, 36.536323496032701 ], [ 137.526101927161989, 36.536610737695597 ], [ 137.525443663894009, 36.5373527791076 ], [ 137.523636433973991, 36.539746462329603 ], [ 137.523447800275989, 36.540251973949601 ], [ 137.523061949749007, 36.541469914105399 ], [ 137.522643055433008, 36.542211955517502 ], [ 137.52214038207299, 36.542858249708601 ], [ 137.521625740535995, 36.543253207669601 ], [ 137.520261341288005, 36.543875564605798 ], [ 137.519315836357009, 36.5443543016099 ], [ 137.518298521459997, 36.544593669662298 ], [ 137.517245300230996, 36.545000595801 ], [ 137.516610975117004, 36.545431459194702 ], [ 137.515533817532003, 36.5461854687845 ], [ 137.515407400730993, 36.546426333308801 ], [ 137.51598861728101, 36.5465086158801 ], [ 137.51641947977501, 36.546472710447397 ], [ 137.516934122212007, 36.546077753385802 ], [ 137.517257269308004, 36.5459341325544 ], [ 137.518154899729012, 36.545838385333397 ], [ 137.519184183703004, 36.545599016381701 ], [ 137.520764014647995, 36.5446056378401 ], [ 137.521901014021012, 36.5444261124753 ], [ 137.522547308212012, 36.544538614965298 ], [ 137.524356932127006, 36.545457789545502 ], [ 137.524749496092994, 36.545716306862197 ], [ 137.525189933668997, 36.545745031208398 ], [ 137.525563348370014, 36.545907801304203 ], [ 137.525850590033002, 36.546281216005497 ], [ 137.526338901218992, 36.546568458567698 ], [ 137.528119801688007, 36.547248264196199 ], [ 137.528694285012989, 36.547765299729001 ], [ 137.529268769238001, 36.548052541391797 ], [ 137.529785804770995, 36.548167437877098 ], [ 137.53038901244301, 36.548090840819803 ], [ 137.532131613482989, 36.547765299729001 ], [ 137.532485878919999, 36.547908920560403 ], [ 137.532729077184996, 36.547903175691097 ], [ 137.533257602457013, 36.546555053273302 ], [ 137.533387818893004, 36.546317599877497 ], [ 137.533618091201987, 36.545984998209299 ], [ 137.534351156480994, 36.545760590379103 ], [ 137.534699399158001, 36.545707389184798 ], [ 137.537597588557986, 36.5452668931528 ], [ 137.539018837550003, 36.544937761968299 ], [ 137.539347968734006, 36.544668472572098 ], [ 137.539407811421, 36.543830683039701 ], [ 137.539736942605998, 36.542574000090198 ], [ 137.539901507748993, 36.542349592260102 ], [ 137.540679455493006, 36.542484236958202 ], [ 137.541158191596992, 36.542559039868003 ], [ 137.541756612178006, 36.542439355392098 ], [ 137.542205427838013, 36.542170065995897 ], [ 137.545945557142005, 36.537337818885398 ], [ 137.547307562393996, 36.536160725037597 ], [ 137.549193785164988, 36.534695791477802 ], [ 137.550553396422004, 36.533767042714999 ], [ 137.550965109651997, 36.533585122455598 ], [ 137.551376823781993, 36.533671295494102 ], [ 137.551759812665011, 36.5340255600318 ], [ 137.552860906606014, 36.535576666630099 ], [ 137.553119424822, 36.535758586889401 ], [ 137.553483264441013, 36.535930932066996 ], [ 137.553808805531986, 36.535796885418101 ], [ 137.554373714674995, 36.535174528481903 ], [ 137.554678759317, 36.535112441985802 ], [ 137.55489074930901, 36.535203251928699 ], [ 137.55500564669299, 36.535749011807603 ], [ 137.555225865480992, 36.535959656413198 ], [ 137.555312037621007, 36.536132001590801 ], [ 137.555312037621007, 36.536342645296997 ], [ 137.555168416789002, 36.536505415392803 ], [ 137.554191794415999, 36.536610737695597 ], [ 137.553837528978988, 36.536754358526998 ], [ 137.553713057412011, 36.536878830094103 ], [ 137.553722632493987, 36.537060750353497 ], [ 137.554009874157003, 36.537635233679303 ], [ 137.554249243107989, 36.537759705246302 ], [ 137.555063094486002, 36.537932050423898 ], [ 137.555867372580991, 36.537826729020502 ], [ 137.556259936547008, 36.537376716362502 ], [ 137.556441855906996, 36.537300118405902 ], [ 137.556843994954988, 36.537625659496797 ], [ 137.55704506447799, 36.537951199688301 ], [ 137.557112087353005, 36.538190568639997 ], [ 137.557016340132009, 36.538343764553197 ], [ 137.556556753292, 36.538592706788201 ], [ 137.555618429447009, 36.539368260536897 ], [ 137.555168416789002, 36.539827847377403 ], [ 137.554871600045004, 36.540239560607397 ], [ 137.554277966554992, 36.5415034255428 ], [ 137.55360773600799, 36.542594944401301 ], [ 137.552784308648995, 36.543561992592103 ], [ 137.551099156301007, 36.544806707363797 ], [ 137.550495947730013, 36.545304593632203 ], [ 137.550266154758987, 36.545601410376896 ], [ 137.550132108110006, 36.5458790778573 ], [ 137.550151258274013, 36.546156744438299 ], [ 137.550381051245012, 36.546357813962103 ], [ 137.550687443071013, 36.5464535611831 ], [ 137.551223627868012, 36.546415262654399 ], [ 137.552066204492007, 36.546013123606897 ], [ 137.553215172042997, 36.5453141687141 ], [ 137.553847104060992, 36.545103524108498 ], [ 137.554038598503013, 36.545227995675603 ], [ 137.554086472112999, 36.545371616507097 ], [ 137.554000861150996, 36.5455380522395 ], [ 137.552401319765011, 36.5467886773557 ], [ 137.552353446154996, 36.547066343936798 ], [ 137.552449193375992, 36.547516356594798 ], [ 137.552707710692999, 36.547717426118503 ], [ 137.553100274657993, 36.547908920560403 ], [ 137.55433541524701, 36.548052541391797 ], [ 137.557188685309995, 36.548291909444202 ], [ 137.557744019371, 36.548473829703703 ], [ 137.557945088894996, 36.548756475830899 ], [ 137.558380164712986, 36.5496572664699 ], [ 137.559005203428001, 36.5504171171564 ], [ 137.559379000341011, 36.551587532638699 ], [ 137.559501557250996, 36.551795878577103 ], [ 137.559697648128008, 36.551961329551901 ], [ 137.560629077769988, 36.5524515562944 ], [ 137.562332614058988, 36.553156256056504 ], [ 137.563006674818013, 36.553382985936203 ], [ 137.563680735578004, 36.553487158905398 ], [ 137.566867206257001, 36.553419752919403 ], [ 137.567381944022003, 36.553499414866302 ], [ 137.567957959792011, 36.553744527787899 ], [ 137.569575706154012, 36.555049755242202 ], [ 137.570206872849013, 36.555435808116201 ], [ 137.570832676886994, 36.555616579042102 ], [ 137.572829607100999, 36.555873900260501 ], [ 137.574959386067007, 36.5586517684645 ], [ 137.573063589114014, 36.560135852187997 ], [ 137.572249736836, 36.560968853729797 ], [ 137.571665678429014, 36.561859303963899 ], [ 137.570593308833992, 36.563142317264301 ], [ 137.570241574989012, 36.563381521640103 ], [ 137.568916980633986, 36.5644272542146 ], [ 137.568649638269989, 36.564406182199697 ], [ 137.568257074304995, 36.564109365455003 ], [ 137.566112334216996, 36.563065720207 ], [ 137.564647400657009, 36.562280592275698 ], [ 137.563871847808002, 36.562050798405799 ], [ 137.56136326810099, 36.561945476102998 ], [ 137.559783437156, 36.561811430353401 ], [ 137.558921711267999, 36.561581636483503 ], [ 137.557916364548987, 36.561035876604599 ], [ 137.556432281724994, 36.559877333971897 ], [ 137.55349243662701, 36.561182312314003 ], [ 137.550433712846001, 36.562330858982101 ], [ 137.548877818257012, 36.562761722375697 ], [ 137.547944282402995, 36.562773690553598 ], [ 137.547477514475986, 36.562773690553598 ], [ 137.544030610924011, 36.561193859609098 ], [ 137.541948106619998, 36.560152608356397 ], [ 137.53999290764699, 36.558990829963001 ], [ 137.538058372395994, 36.558752303676002 ], [ 137.535413352944005, 36.558752303676002 ], [ 137.534288321748988, 36.558656556455098 ], [ 137.533079512410012, 36.558369313892896 ], [ 137.532134007478987, 36.558058135874397 ], [ 137.531296218845995, 36.557675146091299 ], [ 137.530171187650012, 36.557495619827101 ], [ 137.527329063785004, 36.557132453799902 ], [ 137.525973266552995, 36.557055781199502 ], [ 137.523729189150998, 36.557055781199502 ], [ 137.522831557829988, 36.557220346342099 ], [ 137.522188255684, 36.557594359092498 ], [ 137.521718869830011, 36.558137613460197 ], [ 137.521365427272997, 36.558925845851299 ], [ 137.521260703919012, 36.559748674262103 ], [ 137.521365427272997, 36.562411645980802 ], [ 137.521410308838995, 36.562860461641201 ], [ 137.521242750753004, 36.565299025529796 ], [ 137.521158971709013, 36.565430678183397 ], [ 137.520871730045997, 36.565490520871002 ], [ 137.515844996449999, 36.565622172625403 ], [ 137.509250400085989, 36.565705951668498 ], [ 137.509094811077006, 36.565873509754901 ], [ 137.509023000210988, 36.567094288170999 ], [ 137.509082842, 36.567417435266599 ], [ 137.508975126601001, 36.567525150665297 ], [ 137.508735758548994, 36.567596961530697 ], [ 137.504235634666998, 36.567596961530697 ], [ 137.504080045657986, 36.5676927087517 ], [ 137.50347264804401, 36.569697418101597 ], [ 137.502880810501011, 36.5696052609742 ], [ 137.501655244993998, 36.569241421354697 ], [ 137.499883919606987, 36.569002053302299 ], [ 137.499213688161007, 36.569002053302299 ], [ 137.496800855674991, 36.569356317839897 ], [ 137.495872106912003, 36.569298870047 ], [ 137.495201876365996, 36.569183972662401 ], [ 137.494972082495991, 36.569078651258899 ], [ 137.494813313484002, 36.569077491133498 ], [ 137.494723139362009, 36.569318019311297 ], [ 137.495125278409006, 36.572161714291802 ], [ 137.495125278409006, 36.572803221391702 ], [ 137.494742288625986, 36.5745075239033 ], [ 137.494790162236001, 36.574660718917201 ], [ 137.495718911897995, 36.574842639176602 ], [ 137.497654922036986, 36.574903917182198 ], [ 137.497348531109992, 36.575325205494003 ], [ 137.497080437812002, 36.575532019887 ], [ 137.496245521613986, 36.575669895849202 ], [ 137.495111873115007, 36.575723514328899 ], [ 137.494690585701989, 36.575639256846401 ], [ 137.494307595918997, 36.575363504922002 ], [ 137.49399354456699, 36.575279246540198 ], [ 137.493687153639002, 36.575371164447901 ], [ 137.493595715070001, 36.575567925319703 ], [ 137.493786731072987, 36.5767039669147 ], [ 137.493786731072987, 36.576979718839098 ], [ 137.493656514636996, 36.577063976321597 ], [ 137.491940722387, 36.576956739362203 ], [ 137.491703268990989, 36.576995038790201 ], [ 137.491550073078002, 36.577194192757901 ], [ 137.491564076421014, 36.577446966104802 ], [ 137.491872263293999, 36.577650428724503 ], [ 137.492578399274009, 36.577937671286698 ], [ 137.493392251551001, 36.577997513074898 ], [ 137.493823114945002, 36.578320660170498 ], [ 137.49409838842999, 36.578847270785097 ], [ 137.494158230218005, 36.579697027595898 ], [ 137.494517282747012, 36.581276858540399 ], [ 137.494369173399008, 36.581606925019699 ], [ 137.495331135024003, 36.581432447549602 ], [ 137.496731439704007, 36.581588037458097 ], [ 137.497844501821987, 36.581504258415002 ], [ 137.499352521902011, 36.581061426843497 ], [ 137.499927006126995, 36.580941743266997 ], [ 137.500681015716992, 36.580618595272099 ], [ 137.501040068245004, 36.5805587534838 ], [ 137.501411088950988, 36.5806305643492 ], [ 137.501722267869013, 36.581049458665703 ], [ 137.502081320396996, 36.581181111319403 ], [ 137.502488246535989, 36.581049458665703 ], [ 137.503050761683994, 36.580391195397503 ], [ 137.503577372297997, 36.580115921912402 ], [ 137.50532476043, 36.5797808066391 ], [ 137.505983022798006, 36.579314038712099 ], [ 137.507526948309987, 36.578727586309199 ], [ 137.508233085189005, 36.578703649054297 ], [ 137.509729137090005, 36.579086638837502 ], [ 137.510100157795989, 36.579014827972102 ], [ 137.510483146680002, 36.578811365352401 ], [ 137.511093536337995, 36.578224912949601 ], [ 137.511560304265004, 36.578093260295901 ], [ 137.512374156541995, 36.578224912949601 ], [ 137.512876829902012, 36.5781411339063 ], [ 137.51319997699801, 36.577662397801603 ], [ 137.513750523968014, 36.5772315344079 ], [ 137.514624218032992, 36.577075945398697 ], [ 137.515497912098994, 36.5771118508314 ], [ 137.517018858134008, 36.577416327102 ], [ 137.516206921412987, 36.5777227180292 ], [ 137.515479241273994, 36.5776767599747 ], [ 137.515333705785991, 36.577852934465497 ], [ 137.515402643317998, 36.5780597488585 ], [ 137.51556349875699, 36.578228263823497 ], [ 137.516053725499006, 36.578098047387101 ], [ 137.516543951341987, 36.5782129447717 ], [ 137.516835023217993, 36.578557635126899 ], [ 137.517164394520989, 36.578741470042999 ], [ 137.517669940316011, 36.578802748048503 ], [ 137.518213784638988, 36.579147438403702 ], [ 137.518818907866006, 36.579400210851198 ], [ 137.519010402307998, 36.579331273319802 ], [ 137.51914827827099, 36.579545747238598 ], [ 137.519324453661, 36.579607025244201 ], [ 137.519431690619996, 36.579591706192403 ], [ 137.519577226107998, 36.579469149281998 ], [ 137.519852978931993, 36.579599365718302 ], [ 137.520167030284, 36.579538087712798 ], [ 137.520416930296989, 36.579577344019398 ], [ 137.520787472563995, 36.579867458116802 ], [ 137.521231740352988, 36.580403642914 ], [ 137.521350467051008, 36.580654500704803 ], [ 137.521410308838995, 36.581312763973003 ], [ 137.521601803280987, 36.582018899952502 ], [ 137.521874084720992, 36.582713067754 ], [ 137.522517386868003, 36.582952436705703 ], [ 137.523055965660006, 36.583461094154401 ], [ 137.523415018189013, 36.583580777730901 ], [ 137.524462254430006, 36.583565817508699 ], [ 137.525165398365004, 36.583685501984498 ], [ 137.526107911250989, 36.584074474957198 ], [ 137.526840976529996, 36.584209119655299 ], [ 137.527469318453996, 36.584224080776899 ], [ 137.528396870220007, 36.583999672946703 ], [ 137.529189778186009, 36.583969751602901 ], [ 137.52987796189899, 36.584134317644804 ], [ 137.530431500913011, 36.584134317644804 ], [ 137.531239368201994, 36.584104396301001 ], [ 137.532062197513, 36.583939830259098 ], [ 137.533139354197999, 36.584149277866999 ], [ 137.533812577688991, 36.584119356523303 ], [ 137.534186590438992, 36.583999672946703 ], [ 137.535308629589991, 36.583326449456301 ], [ 137.535712563684001, 36.583266607668001 ], [ 137.536266102698988, 36.583311489233999 ], [ 137.537597588557986, 36.584134317644804 ], [ 137.538495219878996, 36.584328804131196 ], [ 137.539183403591011, 36.584268962342897 ], [ 137.539991270880989, 36.583954791380698 ], [ 137.540784178846991, 36.583924870036903 ], [ 137.541188112941001, 36.584044554512701 ], [ 137.542369993879987, 36.584972106277903 ], [ 137.54319282229099, 36.585271317017799 ], [ 137.543925887569998, 36.585705171556597 ], [ 137.544584149938999, 36.586318552359401 ], [ 137.545354317647991, 36.587586606336998 ], [ 137.545622410046008, 36.588218538355001 ], [ 137.546847975553987, 36.590018588087602 ], [ 137.54746037519601, 36.591473564353699 ], [ 137.547821917047997, 36.593146460740698 ], [ 137.547864812011994, 36.593599920500097 ], [ 137.547809661986008, 36.593820522399398 ], [ 137.547595188067987, 36.594224959214699 ], [ 137.545879395817991, 36.5968721802071 ], [ 137.545854884795006, 36.5969457141736 ], [ 137.545879395817991, 36.597049887142802 ], [ 137.547558421084005, 36.598710528468303 ], [ 137.548698196664986, 36.599599064045698 ], [ 137.549029099514001, 36.599790558487697 ], [ 137.549304851437995, 36.5997445995338 ], [ 137.550453818989013, 36.599070538774498 ], [ 137.551694704446987, 36.598465415546698 ], [ 137.552521961119993, 36.597952210226502 ], [ 137.552774734466993, 36.597906251272697 ], [ 137.552989208384986, 36.597967529278201 ], [ 137.554099877407992, 36.599384590126903 ], [ 137.556190519676989, 36.601563320091302 ], [ 137.55787806602001, 36.603107245602999 ], [ 137.559697265017007, 36.604375897629701 ], [ 137.560726548091992, 36.6050221918209 ], [ 137.561253158705995, 36.605500927925704 ], [ 137.56143268497101, 36.605788170487898 ], [ 137.561480558580996, 36.607691147628501 ], [ 137.561707958455997, 36.608301537286302 ], [ 137.561995200118986, 36.610156640816498 ], [ 137.562031105551, 36.611233798401301 ], [ 137.562198663637986, 36.611592850929497 ], [ 137.563910146336013, 36.611880092592301 ], [ 137.565310451017012, 36.611808282626299 ], [ 137.566196113259991, 36.611580882751703 ], [ 137.566782565663004, 36.611245766579003 ], [ 137.567823817814997, 36.611066240314898 ], [ 137.568589796482001, 36.611078209391998 ], [ 137.569331837893998, 36.611353482877099 ], [ 137.570097816561002, 36.611461198275798 ], [ 137.570732142574002, 36.611437261021003 ], [ 137.571450247630992, 36.611257735656103 ], [ 137.572527404315991, 36.6106952196089 ], [ 137.573748182732999, 36.609905304586299 ], [ 137.575028802936998, 36.6086127162041 ], [ 137.575890528824999, 36.607535558619297 ], [ 137.576321391318999, 36.608110041945103 ], [ 137.576931780976992, 36.608564841694303 ], [ 137.57829618022501, 36.609139325919301 ], [ 137.578523580098988, 36.609306884005697 ], [ 137.579229716078999, 36.6104319143016 ], [ 137.579421210520991, 36.610515693344702 ], [ 137.579672547650006, 36.610419946123798 ], [ 137.582767130998008, 36.6095597167077 ], [ 137.585329118743999, 36.608643384884502 ], [ 137.585796066535011, 36.608276068485999 ], [ 137.586408849289, 36.608415475993603 ], [ 137.587412281351988, 36.608775486299798 ], [ 137.58872976476701, 36.609342310099699 ], [ 137.589304248092986, 36.609832536842198 ], [ 137.589985969276995, 36.610468299072899 ], [ 137.590889823905997, 36.611555987718802 ], [ 137.591433668229001, 36.611842464058597 ], [ 137.592095473927003, 36.611934381067002 ], [ 137.59421570209301, 36.611915998024998 ], [ 137.594773334822008, 36.611756674131399 ], [ 137.596182735245009, 36.611119380355298 ], [ 137.596764878995998, 36.611076485391699 ], [ 137.597108036907002, 36.611131636316102 ], [ 137.597487962699006, 36.611241937265703 ], [ 137.597726947641007, 36.611474794226503 ], [ 137.597849504550993, 36.611805697075503 ], [ 137.598082361512013, 36.613300887426199 ], [ 137.598211046403009, 36.614906377827303 ], [ 137.598198790442012, 36.615721379438298 ], [ 137.598155895477987, 36.6159113414354 ], [ 137.598057850489994, 36.6160951763515 ], [ 137.597463450778008, 36.616401568177999 ], [ 137.597034502940005, 36.6167324710269 ], [ 137.596911946928998, 36.6169285610044 ], [ 137.596918074909013, 36.617351381760997 ], [ 137.597500217760995, 36.620121159663903 ], [ 137.597643609264992, 36.620443482980498 ], [ 137.598393655542992, 36.621154311622398 ], [ 137.599722168244, 36.6222132003791 ], [ 137.599996695290997, 36.622340658594702 ], [ 137.600089838076002, 36.622443606687298 ], [ 137.600065327052988, 36.622585772415597 ], [ 137.599918259121011, 36.622723035040202 ], [ 137.599614318845994, 36.6228063734156 ], [ 137.598717204634994, 36.6232083595783 ], [ 137.597823844195005, 36.623453548942301 ], [ 137.597239785787991, 36.623702492076497 ], [ 137.596540829995007, 36.623769514951299 ], [ 137.595142919310007, 36.623645043384201 ], [ 137.594578010166998, 36.623558871245102 ], [ 137.594357791378997, 36.623424824596199 ], [ 137.594166296937004, 36.623415250413601 ], [ 137.592768386252004, 36.624928057583901 ], [ 137.592193902026992, 36.625799358553699 ], [ 137.592107729887999, 36.625962128649498 ], [ 137.593180099481998, 36.626641934277998 ], [ 137.593946078149003, 36.627053647507999 ], [ 137.594826953301009, 36.627340890070201 ], [ 137.596607852869994, 36.627676005343503 ], [ 137.597651499018014, 36.628164316530203 ], [ 137.599116432577006, 36.629294134816597 ], [ 137.600160078724997, 36.629772871820798 ], [ 137.601692035159004, 36.630098412012302 ], [ 137.602036725515006, 36.630232458661197 ], [ 137.602122898553006, 36.630328205882201 ], [ 137.602036725515006, 36.630462252531103 ], [ 137.601864380336991, 36.630921839371602 ], [ 137.601797357462004, 36.631544197207099 ], [ 137.602122898553006, 36.635977297314597 ], [ 137.602295243730993, 36.636360286198403 ], [ 137.602276094465992, 36.636724126717198 ], [ 137.60202715133201, 36.637624151133799 ], [ 137.602055875677991, 36.638179485195202 ], [ 137.602256944303008, 36.6386007735071 ], [ 137.602764405653005, 36.638964613126603 ], [ 137.60549320414799, 36.640199753715798 ], [ 137.606584723006989, 36.640573168417198 ], [ 137.609026279838986, 36.641233824781402 ], [ 137.609236923545012, 36.641425319223302 ], [ 137.609313521502003, 36.641702986703599 ], [ 137.608585842263011, 36.6437711288347 ], [ 137.608183703216014, 36.644221140593302 ], [ 137.607647518417991, 36.6447956248184 ], [ 137.606958137708006, 36.645111590827398 ], [ 137.606010238782005, 36.645398832490301 ], [ 137.604803823438004, 36.6459350172874 ], [ 137.603568682848987, 36.646777593910997 ], [ 137.60344421128201, 36.646997812699098 ], [ 137.603405912753004, 36.647179732958499 ], [ 137.604056994035005, 36.647725491937997 ], [ 137.60465062752499, 36.648376574119801 ], [ 137.606259181915988, 36.650588337082198 ], [ 137.60677621744901, 36.6510287746584 ], [ 137.607025160582992, 36.651124521879403 ], [ 137.60827945043701, 36.651162820407997 ], [ 137.608547542834998, 36.651229844182097 ], [ 137.608604991526988, 36.651392614277903 ], [ 137.608604991526988, 36.652752226434202 ], [ 137.608585842263011, 36.652972445222403 ], [ 137.608308174782991, 36.653125641135603 ], [ 137.606881539750987, 36.653470331490801 ], [ 137.606010238782005, 36.653805446764103 ], [ 137.605770870729003, 36.6539394925138 ], [ 137.605761296547001, 36.654150137119302 ], [ 137.60594321590699, 36.654399080253498 ], [ 137.606977286972011, 36.655471449847703 ], [ 137.607063460011005, 36.655806565121097 ], [ 137.607015586399996, 36.656945958489402 ], [ 137.60689111483299, 36.657415120411699 ], [ 137.60666078137001, 36.657911501214997 ], [ 137.607408150366012, 36.658142799650598 ], [ 137.609131601243007, 36.658994950456801 ], [ 137.60955288955401, 36.659291767201502 ], [ 137.610622866053006, 36.659837527080398 ], [ 137.612956706586999, 36.657515654723902 ], [ 137.613950085129005, 36.6561871609089 ], [ 137.614177485003012, 36.655720392981898 ], [ 137.614500632099009, 36.655373308631503 ], [ 137.615314484376, 36.655145908756801 ], [ 137.617576514044998, 36.654762919873001 ], [ 137.619958229089008, 36.654679140829799 ], [ 137.620448933371989, 36.654487646387999 ], [ 137.62086782858799, 36.654128593859703 ], [ 137.620987512163993, 36.653757573153698 ], [ 137.620819954977009, 36.653482299668603 ], [ 137.620831923155009, 36.652847973655199 ], [ 137.621214912038994, 36.651830658758101 ], [ 137.621274754725988, 36.651519479840303 ], [ 137.621167038428013, 36.651196332744703 ], [ 137.620939638554006, 36.650980901047902 ], [ 137.620855859509987, 36.650693659384999 ], [ 137.620891764942996, 36.6503824804673 ], [ 137.621155070250012, 36.650083269727297 ], [ 137.62213647971501, 36.649329260137399 ], [ 137.622627184896999, 36.6486709968692 ], [ 137.622782774804989, 36.6482281661971 ], [ 137.622651122152007, 36.647653681972002 ], [ 137.62259127946399, 36.647354471231999 ], [ 137.622698995761994, 36.647115103179701 ], [ 137.624781499167, 36.647007387780903 ], [ 137.626014245761013, 36.647067229569103 ], [ 137.626768256249989, 36.647186914045001 ], [ 137.634954651735995, 36.6487428077346 ], [ 137.635792440368988, 36.649053986652298 ], [ 137.637372271313012, 36.649664375410701 ], [ 137.637946754638989, 36.649951617073597 ], [ 137.638509270686001, 36.650526101298702 ], [ 137.638904227747986, 36.651208300922498 ], [ 137.639155564877996, 36.651639163416803 ], [ 137.639439440377998, 36.651921356285797 ], [ 137.640280595174005, 36.652488921127002 ], [ 137.641465468157008, 36.652943720876202 ], [ 137.642243415002014, 36.653111278962498 ], [ 137.644565287358006, 36.653075373529802 ], [ 137.64740180215199, 36.653051436275 ], [ 137.649161158460998, 36.653195057106402 ], [ 137.649562100510991, 36.6533865524476 ], [ 137.655202215809993, 36.657425891591799 ], [ 137.655381742074013, 36.657665260543503 ], [ 137.655441583862, 36.657874707252098 ], [ 137.655247097375991, 36.658203838436599 ], [ 137.653526637644006, 36.660163666220399 ], [ 137.652629006323991, 36.661330586937197 ], [ 137.651312480687011, 36.663664427471502 ], [ 137.65047469205399, 36.6656092950331 ], [ 137.65026524444599, 36.666462043888401 ], [ 137.65044477071001, 36.666985662458501 ], [ 137.651342402029996, 36.669065174718199 ], [ 137.65147704672799, 36.669499029256897 ], [ 137.651402243819007, 36.669947844917303 ], [ 137.651162875766005, 36.670486423709598 ], [ 137.648799113888003, 36.673822618918898 ], [ 137.64848494292599, 36.674510802631602 ], [ 137.648469982704, 36.675034421201801 ], [ 137.648709350756008, 36.675752525358902 ], [ 137.649636903420998, 36.6795973789161 ], [ 137.649577060733009, 36.681138311484098 ], [ 137.649771548118991, 36.681991061238598 ], [ 137.651013270845993, 36.683681599626297 ], [ 137.651327441808007, 36.684549309603099 ], [ 137.65147704672799, 36.685028046607201 ], [ 137.651192797110014, 36.687541413405697 ], [ 137.651177835988989, 36.688244557340603 ], [ 137.651357362253009, 36.688917780831098 ], [ 137.651880980822995, 36.689740609241902 ], [ 137.652988058852003, 36.691640595237502 ], [ 137.653616400776002, 36.692942159753002 ], [ 137.653780966818005, 36.693720106597802 ], [ 137.653795927040989, 36.694872067092398 ], [ 137.653661282342, 36.695829540201302 ], [ 137.653406953168997, 36.696442921004198 ], [ 137.653044161259004, 36.696756156671498 ], [ 137.650429810487992, 36.696831894876198 ], [ 137.64972367450801, 36.696688274044803 ], [ 137.648885884976011, 36.696448905093099 ], [ 137.64802415908801, 36.696412999660403 ], [ 137.647246212243004, 36.696496778703498 ], [ 137.646721995624006, 36.696786414361704 ], [ 137.646118787951991, 36.6972172777553 ], [ 137.645381533630996, 36.697418347279097 ], [ 137.644500658478989, 36.697437496543401 ], [ 137.643284667154006, 36.697274725548297 ], [ 137.642422941266005, 36.697006633149797 ], [ 137.641044180745013, 36.6968821615827 ], [ 137.640354800034004, 36.697044932577697 ], [ 137.639224981747986, 36.697437496543401 ], [ 137.63843985381601, 36.697887508302003 ], [ 137.637635575720992, 36.698442843262796 ], [ 137.637233437573002, 36.698883280838899 ], [ 137.63695577009301, 36.699668408770201 ], [ 137.636611079738003, 36.700223742831596 ], [ 137.636544056862988, 36.700472685965799 ], [ 137.636151492897, 36.700937060796903 ], [ 137.630801611305998, 36.704743015977598 ], [ 137.628539581637, 36.7062630051337 ], [ 137.627426518618989, 36.706801583026802 ], [ 137.626313456501009, 36.707148667377297 ], [ 137.622710963939994, 36.707723151602401 ], [ 137.621035385775002, 36.7082138558849 ], [ 137.618677608885008, 36.7092790452919 ], [ 137.616044557609996, 36.710619507284598 ], [ 137.614452758488, 36.711612885826199 ], [ 137.611568370984003, 36.713575705654499 ], [ 137.610670739662993, 36.714078379014197 ], [ 137.609162719583992, 36.714425463364599 ], [ 137.608050364332996, 36.714313071491198 ], [ 137.607882099379992, 36.7147007368497 ], [ 137.607822256692003, 36.715682146314201 ], [ 137.608104168972005, 36.716660658163001 ], [ 137.608648078046997, 36.7172380400037 ], [ 137.610120192692989, 36.718183544934803 ], [ 137.610407434356006, 36.718470786597699 ], [ 137.610287749880001, 36.718961491779602 ], [ 137.609782084475995, 36.719482118305301 ], [ 137.609198625017001, 36.720604156556803 ], [ 137.609078940540996, 36.721426984967501 ], [ 137.609198625017001, 36.7220852482358 ], [ 137.609647439778001, 36.722638787250403 ], [ 137.610874202282986, 36.723401773872901 ], [ 137.611311525507006, 36.723859963166902 ], [ 137.611981281211001, 36.7244340489924 ], [ 137.613013556330998, 36.724748219954598 ], [ 137.61643951467201, 36.7252867987469 ], [ 137.617726119865011, 36.725660811497399 ], [ 137.618294619101988, 36.725915140671397 ], [ 137.618728474540006, 36.7262592320781 ], [ 137.619042645501992, 36.726827732214197 ], [ 137.618997763935994, 36.727411191673298 ], [ 137.618743434761996, 36.727979691809502 ], [ 137.616963133241995, 36.730822189792399 ], [ 137.616394633106012, 36.731914307599403 ], [ 137.61625998840799, 36.732527689301598 ], [ 137.61643951467201, 36.733230833236497 ], [ 137.616738725412006, 36.733724530462901 ], [ 137.617382027558989, 36.7344426355194 ], [ 137.618668631851989, 36.735459950416598 ], [ 137.620419012926988, 36.736716634265399 ], [ 137.623351274041994, 36.738646540705503 ], [ 137.626059127327011, 36.739992986787101 ], [ 137.626657548807003, 36.740666210277503 ], [ 137.626941798425008, 36.741294552202 ], [ 137.627585100571991, 36.743852800566501 ], [ 137.628048876455011, 36.745004760161699 ], [ 137.629170915604988, 36.746934667501101 ], [ 137.630517361686998, 36.748685047677 ], [ 137.631699242626013, 36.749866928616001 ], [ 137.632462229249001, 36.750360625842298 ], [ 137.633255136315995, 36.751033849332799 ], [ 137.633494505267009, 36.751602348569698 ], [ 137.633569307278009, 36.752455098324297 ], [ 137.633808675329988, 36.752933834429101 ], [ 137.634496859942004, 36.753741702617702 ], [ 137.63446693859899, 36.754968465122701 ], [ 137.634303952665988, 36.756079277137097 ], [ 137.634561321548006, 36.756017999131501 ], [ 137.635308916273999, 36.755558412291101 ], [ 137.636082674075993, 36.754878701990698 ], [ 137.636262200340013, 36.754414926108097 ], [ 137.636307081906011, 36.753502334565297 ], [ 137.636157476986, 36.752724387720498 ], [ 137.636247240117996, 36.752320453626197 ], [ 137.636636213091009, 36.751961401098001 ], [ 137.637114950094997, 36.751841716622103 ], [ 137.639493672194988, 36.751677151479498 ], [ 137.640376343294008, 36.751467703871597 ], [ 137.640950284327999, 36.751039706617298 ], [ 137.641145014530991, 36.751009624294902 ], [ 137.641633026242999, 36.751033849332799 ], [ 137.646121181946995, 36.752155887584301 ], [ 137.647318023107999, 36.752499979890302 ], [ 137.648155811741987, 36.7524700585465 ], [ 137.649831389907007, 36.751811796177599 ], [ 137.651282560242009, 36.75175195349 ], [ 137.654394347621007, 36.751991322441803 ], [ 137.657042359118009, 36.752230690494102 ], [ 137.659525805471986, 36.752589743022398 ], [ 137.661321067214004, 36.752649584810698 ], [ 137.662458066586993, 36.752425176980502 ], [ 137.663146250299008, 36.752155887584301 ], [ 137.664118683629994, 36.751452743649303 ], [ 137.666856458258991, 36.749163784681102 ], [ 137.670102891236013, 36.747233877341699 ], [ 137.670925719645993, 36.747024430633097 ], [ 137.671838311188992, 36.746829943247498 ], [ 137.675683163846998, 36.7468598645913 ], [ 137.679333530018994, 36.746560654750603 ], [ 137.681188634448006, 36.746485851840802 ], [ 137.683477593416001, 36.746710259670898 ], [ 137.687142919809986, 36.746889785934997 ], [ 137.689027945583007, 36.746934667501101 ], [ 137.691436589027006, 36.747203956897202 ], [ 137.691960206698013, 36.747054351077601 ], [ 137.692633430189005, 36.7466653781049 ], [ 137.69302240316199, 36.746306325576697 ], [ 137.693620823742009, 36.745109484415401 ], [ 137.693949955826014, 36.743523669382 ], [ 137.694054679179999, 36.741638644508001 ], [ 137.693875152916007, 36.740486684013398 ], [ 137.693082245849013, 36.738167803701302 ], [ 137.691586193948012, 36.734996174533997 ], [ 137.691257062762986, 36.734397753953402 ], [ 137.690359431442999, 36.732782017576199 ], [ 137.689656287508001, 36.732019031853 ], [ 137.68838464343699, 36.731181242320602 ], [ 137.686035841781006, 36.729715111763099 ], [ 137.683836645945007, 36.728608033733998 ], [ 137.681502805409991, 36.727785205323102 ], [ 137.678929595923989, 36.726708047738398 ], [ 137.677254017758997, 36.7260647455917 ], [ 137.676812682659005, 36.725690732841201 ], [ 137.676595157341012, 36.725041445706303 ], [ 137.676441961427997, 36.721680715193003 ], [ 137.676269616250011, 36.720091310066103 ], [ 137.675634542001006, 36.718790194312199 ], [ 137.673502519225991, 36.716491211500397 ], [ 137.672367912948999, 36.714928136724303 ], [ 137.672092639464012, 36.713946726360497 ], [ 137.671733586936, 36.710236518400798 ], [ 137.671518156138006, 36.709614160565302 ], [ 137.671254850830991, 36.709159360816003 ], [ 137.670833151528996, 36.7087946983169 ], [ 137.669663051708994, 36.708273698572498 ], [ 137.668238810672989, 36.707483782650598 ], [ 137.666302321194991, 36.706332421104499 ], [ 137.665948055758008, 36.705158559420198 ], [ 137.665955716183987, 36.704216406262297 ], [ 137.666062953143012, 36.703871715907198 ], [ 137.666445942026996, 36.703389149589697 ], [ 137.667755765017006, 36.702431676480799 ], [ 137.66908856748401, 36.7016350588111 ], [ 137.669624753179988, 36.701152491594399 ], [ 137.669954123584006, 36.700685245228001 ], [ 137.670452009852994, 36.700317575395999 ], [ 137.671723533413996, 36.699704792642301 ], [ 137.67253547103499, 36.699229885850698 ], [ 137.673462305140987, 36.698417949129201 ], [ 137.674864046039005, 36.697621331459501 ], [ 137.675162777439994, 36.697353239060902 ], [ 137.675216395919989, 36.697192383621797 ], [ 137.675070859533008, 36.696985569228801 ], [ 137.674212963857002, 36.696395765951998 ], [ 137.674059767943987, 36.696250229564598 ], [ 137.673806995496989, 36.696005116643001 ], [ 137.673194212742999, 36.695239137976003 ], [ 137.672964418872994, 36.694856149092203 ], [ 137.672933779869993, 36.694365922349597 ], [ 137.67332442917899, 36.692351399597598 ], [ 137.673270810698995, 36.691669678413099 ], [ 137.67332442917899, 36.691072214711099 ], [ 137.673197276732992, 36.689138885451399 ], [ 137.673135997828012, 36.688072642938302 ], [ 137.673185020771996, 36.687962341988701 ], [ 137.673276937780997, 36.687919447924301 ], [ 137.674484120246007, 36.688048131915899 ], [ 137.675398315280006, 36.688006386285799 ], [ 137.677382583040014, 36.687723357047403 ], [ 137.678500528477002, 36.687384028450303 ], [ 137.679668645291997, 36.686914866527999 ], [ 137.683967699649997, 36.684636080690701 ], [ 137.685432634108992, 36.683937125797897 ], [ 137.686581601660009, 36.683592435442698 ], [ 137.687989087427013, 36.683132847703 ], [ 137.68882208896801, 36.682769008083397 ], [ 137.690804058060991, 36.681476419701198 ], [ 137.691876427654989, 36.680988108514597 ], [ 137.694327558670011, 36.6802221298476 ], [ 137.694863744365989, 36.680174256237102 ], [ 137.703174610519994, 36.6809785334327 ], [ 137.704543796859014, 36.681591316186498 ], [ 137.705060832392007, 36.681591316186498 ], [ 137.705453396357001, 36.681495568965502 ], [ 137.705759788183997, 36.681256200913097 ], [ 137.706631088253999, 36.6807870389908 ], [ 137.70819176993399, 36.680250854193702 ], [ 137.709082219268993, 36.680001911059499 ], [ 137.710250336983989, 36.679858290228097 ], [ 137.711686546197001, 36.679848715146299 ], [ 137.712998284743009, 36.679982761795202 ], [ 137.714836633004012, 36.680231704929398 ], [ 137.715808320798004, 36.680445608677999 ], [ 137.716324244768003, 36.680556164135901 ], [ 137.717642029455988, 36.680844487683103 ], [ 137.718446306651998, 36.680854061865602 ], [ 137.719078238669994, 36.680739165380302 ], [ 137.719844217336998, 36.680442348635701 ], [ 137.722735785927995, 36.678910391301699 ], [ 137.725263514899012, 36.677790148097003 ], [ 137.726709300094001, 36.677445457741797 ], [ 137.728518924008995, 36.677215663871898 ], [ 137.729734914434999, 36.677072043040504 ], [ 137.732770104757009, 36.676420961758097 ], [ 137.73400524444699, 36.676353937983997 ], [ 137.734656326627999, 36.676564582589599 ], [ 137.740073230196003, 36.678340695067199 ], [ 137.740186691362993, 36.678464208856298 ], [ 137.738356002627995, 36.680455753030699 ], [ 137.737804497879011, 36.681305989180203 ], [ 137.737484319445997, 36.682116394356299 ], [ 137.737128904674989, 36.683164252928101 ], [ 137.737073754649998, 36.684071171547501 ], [ 137.737061498689002, 36.684653315298398 ], [ 137.737888755362007, 36.687416966120303 ], [ 137.737888755362007, 36.687600800136998 ], [ 137.737784582393004, 36.687778507971899 ], [ 137.736969581680995, 36.688372906784402 ], [ 137.736902175695008, 36.688464824692097 ], [ 137.736945070659004, 36.688599636664101 ], [ 137.737686537403988, 36.689635239274999 ], [ 137.737668153463005, 36.6897394122443 ], [ 137.737104393652999, 36.690290916992403 ], [ 137.737061498689002, 36.6903767069197 ], [ 137.737104393652999, 36.690444112905702 ], [ 137.738248765668004, 36.691256049627199 ], [ 137.739344114738998, 36.692228842687101 ], [ 137.740240309842989, 36.693148016367999 ], [ 137.740868411647995, 36.6942357059133 ], [ 137.74266080185501, 36.696365126049898 ], [ 137.742890594825013, 36.6970621671854 ], [ 137.743143368172014, 36.698057938822998 ], [ 137.742982512732993, 36.698670721576697 ], [ 137.742775698340012, 36.699176267371001 ], [ 137.742453987462, 36.699758411121898 ], [ 137.741917802665, 36.700348214398701 ], [ 137.739137300345988, 36.702424016055701 ], [ 137.738478559538009, 36.703013819332497 ], [ 137.73834834310199, 36.703251272728203 ], [ 137.73834834310199, 36.703917673961698 ], [ 137.738478559538009, 36.704852168492899 ], [ 137.738593456023011, 36.705235157376798 ], [ 137.738853888895989, 36.7055262292523 ], [ 137.740202010415004, 36.706391784453402 ], [ 137.741090545991995, 36.706989248155402 ], [ 137.741787586228014, 36.707632669912002 ], [ 137.745219169828999, 36.711991087618699 ], [ 137.745471943176, 36.712450674459198 ], [ 137.745510241704011, 36.712657488852201 ], [ 137.745403004744986, 36.7129332407766 ], [ 137.744568088546998, 36.714120507755403 ], [ 137.744299995249008, 36.714817547991601 ], [ 137.744054882326992, 36.715215856826497 ], [ 137.742339090976003, 36.7166712162038 ], [ 137.74130501991101, 36.717375915965903 ], [ 137.740753515162993, 36.7176516687896 ], [ 137.739604547612004, 36.718823615817399 ], [ 137.739152620297006, 36.718999791207601 ], [ 137.737995992321004, 36.719781088926297 ], [ 137.737873436309997, 36.719934284839603 ], [ 137.737827477356007, 36.720125779281403 ], [ 137.737911734839003, 36.7203708922031 ], [ 137.738455580060986, 36.721320705786098 ], [ 137.739520290129008, 36.722584569822203 ], [ 137.740929690553003, 36.723970990768699 ], [ 137.741396936918989, 36.7242237641156 ], [ 137.742101637580987, 36.724399939505801 ], [ 137.742208874540012, 36.724522495516901 ], [ 137.742185895062988, 36.724706330433001 ], [ 137.741833545182004, 36.725556566582398 ], [ 137.741772266276996, 36.726192328813099 ], [ 137.741887163662, 36.726682554656399 ], [ 137.742591863423996, 36.727869821635103 ], [ 137.742944213305009, 36.728674098830801 ], [ 137.743005492209988, 36.729907324763403 ], [ 137.743158688123003, 36.730826498444301 ], [ 137.74350337847801, 36.731224807279197 ], [ 137.745058314390008, 36.732075043428701 ], [ 137.744828520520002, 36.732304837298599 ], [ 137.743534017481011, 36.733124434445202 ], [ 137.742254833494002, 36.7338521136843 ], [ 137.741419916396012, 36.734258082045002 ], [ 137.740684577630986, 36.7344572369121 ], [ 137.738769631413987, 36.734579792923299 ], [ 137.737850456833002, 36.734778947790304 ], [ 137.736854685195993, 36.735131297671401 ], [ 137.735789974227998, 36.735345771590197 ], [ 137.735161872422992, 36.7354376894979 ], [ 137.733139689245007, 36.7354759880266 ], [ 137.73137027851601, 36.735338112064397 ], [ 137.730849413670001, 36.735184916151098 ], [ 137.730244290441988, 36.735077679191697 ], [ 137.72995321856601, 36.7350929991428 ], [ 137.729838322081008, 36.735682802419497 ], [ 137.729723424696004, 36.7358896168125 ], [ 137.72922553932699, 36.736203667265599 ], [ 137.728321684697988, 36.736624955577398 ], [ 137.726981221806, 36.737122841845903 ], [ 137.726452696535006, 36.737260717808098 ], [ 137.725139043332007, 36.737354550372302 ], [ 137.724861376750994, 36.737421573247197 ], [ 137.724669882309001, 36.737498171203796 ], [ 137.723865604214012, 36.738254574789003 ], [ 137.723626236162005, 36.738656713836498 ], [ 137.723434741720013, 36.739432266685903 ], [ 137.723310270153007, 36.739642911291497 ], [ 137.722860257495, 36.739805681387203 ], [ 137.721050633580006, 36.740322716919998 ], [ 137.719623998548997, 36.740868476798902 ], [ 137.715612185854013, 36.742658951449599 ], [ 137.712471674129006, 36.744143035173103 ], [ 137.711811017764006, 36.744439851018498 ], [ 137.71164824766899, 36.744593046931797 ], [ 137.711609948241005, 36.745780313910501 ], [ 137.711743994890014, 36.747503765686403 ], [ 137.712241881158008, 36.749016572856704 ], [ 137.712931261867993, 36.750567679455003 ], [ 137.713620642579002, 36.751821969308601 ], [ 137.714664287826992, 36.7532294541761 ], [ 137.716110072122007, 36.754684813553503 ], [ 137.716560084780014, 36.755211424168102 ], [ 137.716617533472999, 36.755316745571498 ], [ 137.71656965896301, 36.755441217138603 ], [ 137.714185551722011, 36.756149747113298 ], [ 137.714635563481011, 36.757059346611697 ], [ 137.714817483740006, 36.757451910577402 ], [ 137.714731310702007, 36.758102992759099 ], [ 137.714511091914005, 36.758754074041498 ], [ 137.714251377598998, 36.759187331430397 ], [ 137.713331485359987, 36.760339649855098 ], [ 137.71247406812401, 36.760958655917399 ], [ 137.71183974211101, 36.760491887990398 ], [ 137.710882269002013, 36.759881499232002 ], [ 137.710702742737993, 36.759869530154802 ], [ 137.710307785676008, 36.7601926781497 ], [ 137.710152195766995, 36.7601208672843 ], [ 137.709900859536987, 36.7594745730933 ], [ 137.709218659913006, 36.758505131806501 ], [ 137.707064344743998, 36.755919954142698 ], [ 137.706178682499996, 36.7546991757266 ], [ 137.705891440837007, 36.754076817890997 ], [ 137.705388767478013, 36.753586113608399 ], [ 137.704346755399001, 36.752674012196103 ], [ 137.703913659888002, 36.752709426598898 ], [ 137.697675124007986, 36.754983425345003 ], [ 137.696179073005993, 36.755896016887803 ], [ 137.693037364282986, 36.758454265252297 ], [ 137.692154693184989, 36.758962923600201 ], [ 137.690299589655012, 36.759576304403097 ], [ 137.68967124772999, 36.759890475365303 ], [ 137.68883345819799, 36.760668422210102 ], [ 137.688205117172998, 36.761281803012999 ], [ 137.687606696592013, 36.762284157687901 ], [ 137.687202762498003, 36.7633912366164 ], [ 137.686514578784994, 36.765054247655598 ], [ 137.685901796031004, 36.765341489318402 ], [ 137.683240020411006, 36.765982996418302 ], [ 137.682857031526993, 36.766117043067297 ], [ 137.68164104020201, 36.766614928436397 ], [ 137.679860887969994, 36.767131365920001 ], [ 137.678605850780002, 36.767802195415101 ], [ 137.674833406136997, 36.770760786880999 ], [ 137.673464009356991, 36.771622089188199 ], [ 137.672520592651011, 36.772124379436697 ], [ 137.670824295004991, 36.772847975753599 ], [ 137.669115496783007, 36.773699032984197 ], [ 137.668576917991004, 36.774058085512401 ], [ 137.668068260541986, 36.7755541374137 ], [ 137.667754089580001, 36.7779029381702 ], [ 137.667395037051989, 36.779279305595701 ], [ 137.666976142734995, 36.780042292218198 ], [ 137.666347800810996, 36.780625752576597 ], [ 137.664268289450007, 36.781837553960102 ], [ 137.662891921125009, 36.782839908634998 ], [ 137.661874606227997, 36.783752500177897 ], [ 137.661515553700013, 36.784291078970298 ], [ 137.661470672133987, 36.784799736418798 ], [ 137.661934448017007, 36.786565077716297 ], [ 137.661934448017007, 36.787148538074703 ], [ 137.661725001308014, 36.787941445141797 ], [ 137.659421081217999, 36.7931327447805 ], [ 137.659120044854006, 36.794458269933401 ], [ 137.659250531986999, 36.795894456664001 ], [ 137.659549741826993, 36.7967322452971 ], [ 137.660028478831009, 36.797534129396702 ], [ 137.660590993979014, 36.7982282971983 ], [ 137.663236013431003, 36.800227022459303 ], [ 137.663619002314988, 36.8005741059104 ], [ 137.664229391973009, 36.801651263495202 ], [ 137.665316123740013, 36.804473415216101 ], [ 137.665593791220999, 36.8057277050697 ], [ 137.665498044, 36.806158568463303 ], [ 137.665335273005013, 36.806599006039399 ], [ 137.664875686164009, 36.807173489365198 ], [ 137.663889488709003, 36.8078820193399 ], [ 137.662501153106007, 36.809260780760603 ], [ 137.662332637242002, 36.809546107766799 ], [ 137.662895752237006, 36.809744486519001 ], [ 137.664386642029996, 36.809975293924801 ], [ 137.665091539642987, 36.810518002404102 ], [ 137.666008530668989, 36.811148044047201 ], [ 137.666806998244994, 36.811672038533899 ], [ 137.667667847294013, 36.812071272771199 ], [ 137.668809407129004, 36.812389412441597 ], [ 137.669826206713992, 36.812557839272998 ], [ 137.670774387128006, 36.812632695242897 ], [ 137.671697615852992, 36.812557839272998 ], [ 137.67240251436499, 36.812358222154401 ], [ 137.672864128277013, 36.8120587964764 ], [ 137.674429095226998, 36.8104774555703 ], [ 137.675733623008, 36.809551107098102 ], [ 137.676382378644007, 36.809471572855003 ], [ 137.678347359543011, 36.8096134876725 ], [ 137.679813296746005, 36.8097943907987 ], [ 137.680343529829997, 36.810001805039498 ], [ 137.680848810324989, 36.810430670139503 ], [ 137.681115486290992, 36.8109141177925 ], [ 137.682885527444995, 36.8127699326864 ], [ 137.683868017895009, 36.813643257130799 ], [ 137.684878579783003, 36.814373106433898 ], [ 137.690555188670999, 36.817747882558898 ], [ 137.690892043232992, 36.817935023382802 ], [ 137.691316229161004, 36.8180597836323 ], [ 137.694983444130997, 36.818427328458597 ], [ 137.695035344005987, 36.818459267881103 ], [ 137.695055306258013, 36.818519152836799 ], [ 137.695027359824991, 36.818583029883101 ], [ 137.693753802895998, 36.818882455561003 ], [ 137.693404410884995, 36.819070345520203 ], [ 137.692944355498014, 36.819343259184201 ], [ 137.692780606940005, 36.819592780582497 ], [ 137.692632454424, 36.8202165836286 ], [ 137.692375135004994, 36.820707829302997 ], [ 137.692016448499999, 36.821089908072999 ], [ 137.69164996397501, 36.821191276056702 ], [ 137.690449142413996, 36.821230264365397 ], [ 137.690191823893997, 36.821292644040497 ], [ 137.688975407188991, 36.822626023872097 ], [ 137.68861672068499, 36.822867748148198 ], [ 137.686573764966994, 36.8236864891403 ], [ 137.685864188181995, 36.824045176543798 ], [ 137.685669250236003, 36.824247912511296 ], [ 137.685653655092011, 36.824435053335201 ], [ 137.686675382062987, 36.826196424125797 ], [ 137.687709398269988, 36.827977008032597 ], [ 137.687988862596001, 36.828743537984103 ], [ 137.688268326023007, 36.829162733573497 ], [ 137.68875239780499, 36.829625096621101 ], [ 137.689282629990004, 36.829930759996699 ], [ 137.690586378957988, 36.8304984210654 ], [ 137.691154040026987, 36.830635657609697 ], [ 137.691235134593995, 36.830710514478803 ], [ 137.691228896896007, 36.830797846743401 ], [ 137.690879566939003, 36.831346793819598 ], [ 137.690842138953997, 36.831795932336497 ], [ 137.690717377804987, 36.832064167727303 ], [ 137.690486570399003, 36.832157737689599 ], [ 137.689875243648004, 36.832232594558803 ], [ 137.68949347334501, 36.832370374293497 ], [ 137.689326296571011, 36.832532020236698 ], [ 137.689251440601993, 36.832750351347798 ], [ 137.689382438548989, 36.833162060980499 ], [ 137.689582055668012, 36.833486439247999 ], [ 137.689837815662997, 36.833673580071803 ], [ 137.690037432780997, 36.833729722049199 ], [ 137.692364219034005, 36.833629913489901 ], [ 137.693886298214011, 36.833686056366602 ], [ 137.694191962488986, 36.833617437195102 ], [ 137.694416531298003, 36.833449010363701 ], [ 137.694603672122014, 36.832931253574699 ], [ 137.695420854589003, 36.8316337432029 ], [ 137.695551853436001, 36.831477792666199 ], [ 137.695882469400999, 36.831365507812102 ], [ 137.698620965286011, 36.830223947976997 ], [ 137.700985179523002, 36.829462907487397 ], [ 137.701213647792002, 36.829493708368098 ], [ 137.701428080341998, 36.829625096621101 ], [ 137.701646411452998, 36.830691800486399 ], [ 137.702501021904993, 36.834110242294003 ], [ 137.70279264956099, 36.835476370937997 ], [ 137.702808244705011, 36.8367707633602 ], [ 137.702426165036002, 36.838267890850702 ], [ 137.702441760178999, 36.838657767641998 ], [ 137.702621103881, 36.838954074471097 ], [ 137.702784852439009, 36.839039847311298 ], [ 137.702971993262992, 36.839032050189097 ], [ 137.703252704948994, 36.838860504508801 ], [ 137.704258587663986, 36.8376596829482 ], [ 137.704960366427997, 36.837191830438798 ], [ 137.706878560997012, 36.836607014801999 ], [ 137.707135880417013, 36.836591419658497 ], [ 137.707338616383993, 36.836653800232902 ], [ 137.708669188532014, 36.837408914190199 ], [ 137.710116411743002, 36.838077631177903 ], [ 137.713000878387987, 36.839270342652398 ], [ 137.71340011262501, 36.8394050844772 ], [ 137.71369953830299, 36.839469959771002 ], [ 137.714073819951011, 36.839410074815198 ], [ 137.715955210664987, 36.838816213797401 ], [ 137.716344464226012, 36.838796252445299 ], [ 137.716554062021004, 36.838861127739001 ], [ 137.717347539257986, 36.8393551801976 ], [ 137.718043205329991, 36.839693730881201 ], [ 137.718755438713004, 36.840061025695903 ], [ 137.71978067213999, 36.840393188495 ], [ 137.720068120646999, 36.840540107140399 ], [ 137.720119221924989, 36.840619953448297 ], [ 137.720123214914992, 36.840708583434498 ], [ 137.719580755548009, 36.843172544177698 ], [ 137.719479387564007, 36.844685266811801 ], [ 137.719586603838991, 36.845517655016003 ], [ 137.719967513489991, 36.847802723516999 ], [ 137.719986227482991, 36.848638619976498 ], [ 137.719875689112001, 36.849643442391098 ], [ 137.719903635544, 36.850877075716703 ], [ 137.720023406355011, 36.851296272205403 ], [ 137.720207054212011, 36.851595696983999 ], [ 137.720570356937003, 36.851835237706197 ], [ 137.720989552525992, 36.851974969869097 ], [ 137.721484603232, 36.852054816177002 ], [ 137.722644297896011, 36.851931373434297 ], [ 137.722738836427993, 36.851974809789802 ], [ 137.72280782432199, 36.852089789912 ], [ 137.722794090775011, 36.852202533420297 ], [ 137.722634397260009, 36.852474012665702 ], [ 137.722602458736986, 36.852609751838799 ], [ 137.722666335783003, 36.852697583226998 ], [ 137.722794090775011, 36.852753476092197 ], [ 137.725608690889004, 36.853284457412002 ], [ 137.725640629411998, 36.853348335357602 ], [ 137.725600456695986, 36.853404477334898 ], [ 137.72343286483499, 36.854294520176197 ], [ 137.722826029298005, 36.854565999421503 ], [ 137.720969591173997, 36.855943357000498 ], [ 137.720845828273013, 36.8560830882641 ], [ 137.720298877690993, 36.857009311730501 ], [ 137.719775880552987, 36.857644093700102 ], [ 137.717987312464999, 36.858430585003603 ], [ 137.717927427509011, 36.858494462049997 ], [ 137.717923434519008, 36.858574309257101 ], [ 137.717987312464999, 36.8586381872028 ], [ 137.719161060834011, 36.858981527675603 ], [ 137.721161223211993, 36.859660226238603 ], [ 137.723159789292993, 36.860405995340599 ], [ 137.724702429674011, 36.861527044337798 ], [ 137.725239000279998, 36.861875176398399 ], [ 137.725264550919007, 36.861932666459602 ], [ 137.725226224511005, 36.861980574244299 ], [ 137.724903643988, 36.862089166482001 ], [ 137.723868829183004, 36.862625737088301 ], [ 137.722137750256991, 36.8633475518482 ], [ 137.72205623120999, 36.863395535175997 ], [ 137.721752089488007, 36.863979938923201 ], [ 137.721556465358987, 36.865005970948999 ], [ 137.721304947465995, 36.865896262902403 ], [ 137.721010512126014, 36.866468165173799 ], [ 137.720790933654996, 36.866802524117404 ], [ 137.720456574710994, 36.867171815427099 ], [ 137.720152158694987, 36.867316537927998 ], [ 137.717691878876991, 36.8680850634751 ], [ 137.716181027732006, 36.868639312954102 ], [ 137.715502641233996, 36.869029189745497 ], [ 137.714496758519005, 36.869902514189803 ], [ 137.714301819673011, 36.870214416162497 ], [ 137.714309617694994, 36.870565305544602 ], [ 137.714559139093012, 36.870885004639398 ], [ 137.715681984935998, 36.871501010563399 ], [ 137.716321383126001, 36.872078028178599 ], [ 137.71682822304399, 36.8723899301513 ], [ 137.71755339497301, 36.872655046693197 ], [ 137.718239578593995, 36.872787604064897 ], [ 137.718793203942994, 36.873029328340998 ], [ 137.719331234148996, 36.873395812866598 ], [ 137.720001822625989, 36.874175566449402 ], [ 137.720344913986992, 36.874768180107601 ], [ 137.721265023862003, 36.877788947102403 ], [ 137.721215119582013, 36.877913708251199 ], [ 137.717340553323993, 36.878891332469202 ], [ 137.71729663763, 36.878947225334301 ], [ 137.717316348970002, 36.879036554093901 ], [ 137.717703107812014, 36.879716499117301 ], [ 137.717765487486986, 36.880028401090001 ], [ 137.717759249789992, 36.880352778458096 ], [ 137.717661936848998, 36.880521205289497 ], [ 137.716369415916006, 36.881489347955203 ], [ 137.715251560410991, 36.882232921811998 ], [ 137.714282419498005, 36.8829954587736 ], [ 137.713715507565013, 36.883326822974702 ], [ 137.713205485845009, 36.883455576213997 ], [ 137.713005868725986, 36.883555384773302 ], [ 137.712876118139008, 36.8836851353608 ], [ 137.712822907051986, 36.883877702694001 ], [ 137.712877005769002, 36.884403231424102 ], [ 137.712766328003994, 36.887083615816401 ], [ 137.712813238439992, 36.888093678580603 ], [ 137.712853162044013, 36.8882733334477 ], [ 137.71296494687499, 36.8884450041338 ], [ 137.713144602640995, 36.888600705558297 ], [ 137.714737546600986, 36.888979977544103 ], [ 137.714914706748004, 36.888955025853903 ], [ 137.716673831932013, 36.887620086597899 ], [ 137.718494947383988, 36.886386515325597 ], [ 137.71901309447901, 36.885904627996403 ], [ 137.719349948141996, 36.885031303551997 ], [ 137.720023655467003, 36.883764982568003 ], [ 137.720603792831014, 36.883022656970198 ], [ 137.722705619968991, 36.8811621629036 ], [ 137.723398431593012, 36.8803714924506 ], [ 137.72420937546201, 36.879211218622999 ], [ 137.724578978837002, 36.878526594426901 ], [ 137.724844095379012, 36.878199098209997 ], [ 137.725311947888002, 36.878066539938999 ], [ 137.726105737190011, 36.878035972882003 ], [ 137.726636570121997, 36.877852676659899 ], [ 137.727690197843998, 36.8772633931912 ], [ 137.72835298919901, 36.876592804714299 ], [ 137.729859863542003, 36.8743880492692 ], [ 137.730216601215005, 36.874189602168599 ], [ 137.731476683602011, 36.873759177644096 ], [ 137.732236775307001, 36.873647792112102 ], [ 137.732253069223987, 36.873373180527999 ], [ 137.732473288011988, 36.871783775401099 ], [ 137.732789254020986, 36.871008221652303 ], [ 137.733813750004998, 36.869536107005899 ], [ 137.734100991667987, 36.8691411490449 ], [ 137.734077055312014, 36.868925718247503 ], [ 137.733215329424013, 36.867968245138599 ], [ 137.733028622072993, 36.867570893182297 ], [ 137.732987929549012, 36.867058645640199 ], [ 137.733155487635997, 36.866484161415102 ], [ 137.73353847652001, 36.8641862263135 ], [ 137.73356241377499, 36.863097100550902 ], [ 137.733625247606994, 36.862485963556502 ], [ 137.734074063267997, 36.861569631733303 ], [ 137.734148865278001, 36.860859007237501 ], [ 137.733943158849996, 36.860092280334598 ], [ 137.733531744195005, 36.859362955336302 ], [ 137.732425414402002, 36.857878871612797 ], [ 137.733011866803992, 36.857675408993103 ], [ 137.733789813648997, 36.857471945474103 ], [ 137.734579728672003, 36.856945335758802 ], [ 137.734998622988002, 36.856514472365198 ], [ 137.735249960118011, 36.855688651909901 ], [ 137.734914843945006, 36.853318905942899 ], [ 137.734962717555987, 36.852840169838103 ], [ 137.735178149251993, 36.851463802412702 ], [ 137.734866970334991, 36.850219086741603 ], [ 137.734479633229, 36.849245320615204 ], [ 137.735196101518994, 36.849399250375299 ], [ 137.742484626464005, 36.851330234203097 ], [ 137.749890135221989, 36.853350696977301 ], [ 137.754635424186006, 36.855033755703403 ], [ 137.760923516307003, 36.8570616073075 ], [ 137.765755052954006, 36.858474899097502 ], [ 137.766377410789005, 36.858742991496001 ], [ 137.766463582927997, 36.8586376691932 ], [ 137.765707179342996, 36.854951397589097 ], [ 137.764663534095007, 36.850805539144503 ], [ 137.764337993004006, 36.849426777723799 ], [ 137.763830532552987, 36.848622500528201 ], [ 137.760757043702995, 36.845098999919102 ], [ 137.758665413978008, 36.842962487728798 ], [ 137.748791472149009, 36.833182050211597 ], [ 137.745593661918008, 36.830189946409099 ], [ 137.740362865853996, 36.825758042399897 ], [ 137.740247969368994, 36.825614421568403 ], [ 137.740295842979009, 36.825403777862199 ], [ 137.74405871254001, 36.821382390984702 ], [ 137.746548142082986, 36.819046156455101 ], [ 137.750722724874009, 36.815072643188103 ], [ 137.752643805367001, 36.813284561633402 ], [ 137.75498138618201, 36.811358395473697 ], [ 137.755955315985005, 36.810244585119698 ], [ 137.756852947305987, 36.808018459984098 ], [ 137.757547115107002, 36.8067258707026 ], [ 137.758396871917995, 36.805564934973901 ], [ 137.75945009314799, 36.8043800619905 ], [ 137.759569776723993, 36.804164630293599 ], [ 137.759186787840008, 36.801770947971001 ], [ 137.759079071542004, 36.800370643290698 ], [ 137.759366314104, 36.796983582426499 ], [ 137.759294503239005, 36.795714930399903 ], [ 137.757104283535995, 36.791370395527501 ], [ 137.756924757272003, 36.790987406643701 ], [ 137.756852947305987, 36.790472765106202 ], [ 137.756996568136998, 36.787037829732199 ], [ 137.757499241496987, 36.782226527832201 ], [ 137.757583020540011, 36.781604169996598 ], [ 137.757702704117008, 36.781448580987401 ], [ 137.758217345654003, 36.7814246437325 ], [ 137.759150882406999, 36.781376770122002 ], [ 137.765206899979006, 36.781077560281297 ], [ 137.767923729397012, 36.781209212935003 ], [ 137.775607451523001, 36.781328896511504 ], [ 137.77611012488299, 36.781388739199102 ], [ 137.780155449015012, 36.784775800063301 ], [ 137.781352290175988, 36.785541778730199 ], [ 137.783638257099994, 36.786583029982999 ], [ 137.785828476803005, 36.7877798720436 ], [ 137.785999445117994, 36.787824781488702 ], [ 137.788653022518986, 36.788509945277902 ], [ 137.789933642724009, 36.789060492248097 ], [ 137.790915053086991, 36.789634975573797 ], [ 137.792583450166006, 36.791001768816699 ], [ 137.792985588313996, 36.791423057128597 ], [ 137.794689890825993, 36.793548647052603 ], [ 137.795532466549986, 36.794324200801398 ], [ 137.795896307069, 36.794592293199898 ], [ 137.796308020298994, 36.794726338949502 ], [ 137.797428263504003, 36.794745489113197 ], [ 137.798136793477994, 36.794486970897097 ], [ 137.798514830695012, 36.794264751117502 ], [ 137.800042165513986, 36.793357152610703 ], [ 137.801784766553993, 36.792485852540203 ], [ 137.805336991508995, 36.791308160643297 ], [ 137.807050868202992, 36.790465584019699 ], [ 137.808046640740002, 36.789776203309302 ], [ 137.809904138266006, 36.788751707325602 ], [ 137.811522267739008, 36.788177223100497 ], [ 137.812527614457991, 36.787985728658597 ], [ 137.813312742389002, 36.788062326615297 ], [ 137.814002123100011, 36.788416591153002 ], [ 137.814557458059994, 36.788617660676699 ], [ 137.814195751633008, 36.788092460199003 ], [ 137.813987085536013, 36.787381450793497 ], [ 137.814319404817013, 36.787296438779798 ], [ 137.815192709476008, 36.787358266271198 ], [ 137.816035099939995, 36.787474191580799 ], [ 137.816962502417994, 36.787729226722597 ], [ 137.819304194933011, 36.788687543395604 ], [ 137.820332066072012, 36.7889870167376 ], [ 137.822447703199003, 36.789025658807198 ], [ 137.82343268207299, 36.789137333920998 ], [ 137.827326227624013, 36.790001363872001 ], [ 137.827792344441008, 36.789943400767498 ], [ 137.828201909190994, 36.789748014959102 ], [ 137.828608796659012, 36.789046991625497 ], [ 137.829105561473, 36.788841506430501 ], [ 137.829530421892002, 36.788685449773901 ], [ 137.831050123264987, 36.788808006684299 ], [ 137.832055086872998, 36.788703833715097 ], [ 137.832416628725014, 36.788593532765503 ], [ 137.83324808073499, 36.788223842156803 ], [ 137.834986960380007, 36.788040293225102 ], [ 137.836478804353987, 36.788091050961398 ], [ 137.837015653750001, 36.788243162292197 ], [ 137.838773855329009, 36.788938715049802 ], [ 137.840058694253997, 36.7893154725312 ], [ 137.840928134525996, 36.789479699528698 ], [ 137.841498100557004, 36.789479699528698 ], [ 137.84249312665699, 36.789218867357 ], [ 137.843903551408005, 36.788185200087099 ], [ 137.844241666820011, 36.788040293225102 ], [ 137.845932244777003, 36.787692517296001 ], [ 137.846173755914009, 36.787557270951503 ], [ 137.846166057717994, 36.787435836394899 ], [ 137.843611323004012, 36.786562245751199 ], [ 137.842319238241998, 36.785777334556499 ], [ 137.839650540539992, 36.784907894284103 ], [ 137.834228616057999, 36.783024107776498 ], [ 137.832199922688005, 36.782239196581799 ], [ 137.831113122572987, 36.781569727760903 ], [ 137.829911137289002, 36.781029686670898 ], [ 137.828385164943995, 36.780176936916298 ], [ 137.826739508121989, 36.7790100161994 ], [ 137.824390706466005, 36.777364359377799 ], [ 137.823104102173005, 36.776182478438798 ], [ 137.821630491055004, 36.774317089362299 ], [ 137.821521913205999, 36.774057018916402 ], [ 137.821295415350988, 36.773623900023203 ], [ 137.820861467283009, 36.773263919394502 ], [ 137.819169485483997, 36.772980927927598 ], [ 137.818900196986988, 36.7728014016635 ], [ 137.818271855061994, 36.7719486519089 ], [ 137.817194697476992, 36.7695250482425 ], [ 137.816476592420997, 36.767490418448197 ], [ 137.816375609347006, 36.766551645842 ], [ 137.816323995456003, 36.766045232201897 ], [ 137.816450412257012, 36.765261301268197 ], [ 137.816749622098001, 36.764120561614803 ], [ 137.817273240667987, 36.762830217041 ], [ 137.81796516466099, 36.761502471462101 ], [ 137.818787993071993, 36.760324329904101 ], [ 137.820433649893005, 36.758790876997502 ], [ 137.821787576535996, 36.757691279529098 ], [ 137.819818772617992, 36.755189880908503 ], [ 137.81904082577401, 36.753813513483003 ], [ 137.818741615034014, 36.752628640499601 ], [ 137.818582285743986, 36.751348020294998 ], [ 137.816481978461013, 36.752233682538602 ], [ 137.813935100224995, 36.7522815561491 ], [ 137.811905257522, 36.752176233846299 ], [ 137.811500724479004, 36.7520182508418 ], [ 137.811177577383006, 36.751731009178897 ], [ 137.810631817504998, 36.750864496199704 ], [ 137.809894563184002, 36.750041068840403 ], [ 137.808506227581006, 36.749006997774899 ], [ 137.807711524566997, 36.748614433809202 ], [ 137.804207173223006, 36.747197373859898 ], [ 137.803728437117996, 36.7471495002494 ], [ 137.803297573723995, 36.747034603764099 ], [ 137.802578272569008, 36.746560654750603 ], [ 137.802084575343002, 36.747129153987402 ], [ 137.801501114985001, 36.747488206515698 ], [ 137.800079865993013, 36.747742534790298 ], [ 137.798808221922002, 36.747742534790298 ], [ 137.797910590600992, 36.747607890991603 ], [ 137.79645942026599, 36.748400798058498 ], [ 137.795995644383993, 36.748385837836302 ], [ 137.795397223803008, 36.748101587318601 ], [ 137.794664158524, 36.748011824186499 ], [ 137.793527159151012, 36.748071666874097 ], [ 137.792913778348009, 36.747951982398298 ], [ 137.792195673292014, 36.748146468884599 ], [ 137.791582291590004, 36.748580324322702 ], [ 137.791058673918997, 36.749837007272198 ], [ 137.790774424299997, 36.7503905471862 ], [ 137.790400410650989, 36.750854323068701 ], [ 137.789891753201999, 36.751048809555101 ], [ 137.788799635395009, 36.751243296041402 ], [ 137.788021688550003, 36.751273217385197 ], [ 137.786660281346997, 36.751692111701701 ], [ 137.786121703454, 36.752006282663999 ], [ 137.78598406671199, 36.751742977356699 ], [ 137.785050529957999, 36.751072746810003 ], [ 137.784811161905992, 36.75077353607 ], [ 137.781376226531989, 36.748810716241699 ], [ 137.781029143081014, 36.7486192217998 ], [ 137.780909458605009, 36.748475600968398 ], [ 137.78094536403799, 36.748320011059803 ], [ 137.782357636895995, 36.744155003350897 ], [ 137.784488014809995, 36.7384819746636 ], [ 137.784990688170012, 36.736184039561898 ], [ 137.784990688170012, 36.735729239812699 ], [ 137.784847067338006, 36.735334281851799 ], [ 137.782979994730994, 36.733467209244502 ], [ 137.782166142454003, 36.732485799780001 ], [ 137.782003820220012, 36.732048952297497 ], [ 137.781914805323993, 36.7302596746445 ], [ 137.781364258353989, 36.728260949383497 ], [ 137.781021004216001, 36.726552339119301 ], [ 137.781122496306011, 36.726420207126999 ], [ 137.781744854142005, 36.726065942589301 ], [ 137.783056592688013, 36.725175492355298 ], [ 137.783362983615007, 36.725137193826598 ], [ 137.783745972498991, 36.725194641619602 ], [ 137.784435353209005, 36.725529757792202 ], [ 137.784732169953998, 36.725596780666997 ], [ 137.785086435391008, 36.7255776314028 ], [ 137.785440699929012, 36.725376561879003 ], [ 137.785804540447003, 36.724849951264403 ], [ 137.786321575979997, 36.723720132977903 ], [ 137.786493921158012, 36.723059476613699 ], [ 137.786446046647995, 36.7227052120761 ], [ 137.786580093297005, 36.722303073028598 ], [ 137.787058830300992, 36.721862635452503 ], [ 137.787240749661009, 36.7212019790882 ], [ 137.787441819185005, 36.720847713651203 ], [ 137.788313119255008, 36.719804068403199 ], [ 137.788552488206989, 36.719114687692901 ], [ 137.789110066077001, 36.717873862488901 ], [ 137.789010160391001, 36.7170465455618 ], [ 137.789171015829993, 36.716441422334 ], [ 137.789178675355998, 36.714963084379001 ], [ 137.789375914667005, 36.714566690200698 ], [ 137.790094019723, 36.713963482528897 ], [ 137.791013193404012, 36.713465596260399 ], [ 137.791893303233991, 36.713325422530403 ], [ 137.792315356867988, 36.713408147568103 ], [ 137.792853935660986, 36.713719326485901 ], [ 137.794122587687013, 36.713970663615399 ], [ 137.797701143892994, 36.713958694538299 ], [ 137.798826174189003, 36.713791137351301 ], [ 137.800154668004012, 36.713587673832301 ], [ 137.801052299323999, 36.713635547442699 ], [ 137.802129456909, 36.713791137351301 ], [ 137.802715909312013, 36.713719326485901 ], [ 137.803338266248005, 36.713372243034797 ], [ 137.80414015034799, 36.712570358935103 ], [ 137.804403455655006, 36.712438706281397 ], [ 137.804993060181999, 36.712462433094998 ], [ 137.806890101796995, 36.712584534049199 ], [ 137.80878360008299, 36.712296526163897 ], [ 137.809319158952007, 36.712145905908997 ], [ 137.809180048221009, 36.711759488809498 ], [ 137.808724075756004, 36.7070374635083 ], [ 137.80838402770101, 36.705607716822797 ], [ 137.808252645743011, 36.705213570949702 ], [ 137.805965051946004, 36.7015426022095 ], [ 137.805470437411003, 36.7005688288885 ], [ 137.805207673495005, 36.699641426410899 ], [ 137.804885014732008, 36.699019293405897 ], [ 137.804604861525007, 36.698951670683201 ], [ 137.804488936215989, 36.698719820063801 ], [ 137.804459954663002, 36.6982657793424 ], [ 137.804556559838005, 36.6977054729294 ], [ 137.804537238802993, 36.6975605669668 ], [ 137.804411652976, 36.6974446416571 ], [ 137.802441884985001, 36.697486757807802 ], [ 137.802312166772992, 36.697490443229498 ], [ 137.801706727882987, 36.6975798871023 ], [ 137.801300989748995, 36.697377018035098 ], [ 137.800798646440995, 36.697309395312502 ], [ 137.799108068483008, 36.697367357517699 ], [ 137.798422177141987, 36.697241771690599 ], [ 137.797599680580987, 36.696821995139103 ], [ 137.797035902785012, 36.696164632092298 ], [ 137.796400501182006, 36.695487713287498 ], [ 137.795700126259987, 36.694866476906597 ], [ 137.79522925292801, 36.694280853678599 ], [ 137.795015579405998, 36.693865376785901 ], [ 137.79439038600799, 36.693022553748101 ], [ 137.794327075534, 36.692893953393401 ], [ 137.794332021806014, 36.6926219156691 ], [ 137.794391375261995, 36.692429015586796 ], [ 137.795697158497006, 36.690044972197903 ], [ 137.797106810731009, 36.687502652625497 ], [ 137.798338401695986, 36.6853609702328 ], [ 137.79962538910101, 36.683070904198999 ], [ 137.800624758026004, 36.681139742305398 ], [ 137.801217059620001, 36.679905369737199 ], [ 137.80163253561301, 36.678381955962699 ], [ 137.801629444642998, 36.677901561508001 ], [ 137.801573182157, 36.677630141617897 ], [ 137.801657266970011, 36.677165203811299 ], [ 137.801840274509004, 36.676873381001897 ], [ 137.802151881503988, 36.676587741031597 ], [ 137.802510477177009, 36.676383711839001 ], [ 137.802887621367006, 36.675981838091502 ], [ 137.80311638011699, 36.6756170595798 ], [ 137.80391394657201, 36.672432976600803 ], [ 137.804068071484011, 36.672113327867997 ], [ 137.803700401652009, 36.6719564555262 ], [ 137.803112130820011, 36.67196135863 ], [ 137.801072789478013, 36.672402561529204 ], [ 137.800749240384988, 36.672583945792603 ], [ 137.800355833754992, 36.672912397089597 ], [ 137.799767562023987, 36.673635480793003 ], [ 137.798707447491012, 36.674799768294903 ], [ 137.798096100954012, 36.675276781298599 ], [ 137.795451081501994, 36.676808737733197 ], [ 137.793595977971989, 36.677694400876099 ], [ 137.793236925444006, 36.677694400876099 ], [ 137.792901809271001, 36.6775627482224 ], [ 137.791764809898012, 36.676772833199799 ], [ 137.790508126948993, 36.6761983489748 ], [ 137.788605148908999, 36.675611896571901 ], [ 137.788150349158997, 36.675348591264701 ], [ 137.787408307747, 36.673924350228702 ], [ 137.787453189312998, 36.673792697575102 ], [ 137.789371127576004, 36.673349866903003 ], [ 137.790819305865995, 36.6727993199328 ], [ 137.791798321335989, 36.672208079539402 ], [ 137.792162161854009, 36.672016585097502 ], [ 137.792889841093, 36.671777217045097 ], [ 137.79339730154399, 36.671681469824101 ], [ 137.793933487240992, 36.671729343434599 ], [ 137.794268602513995, 36.6718346657374 ], [ 137.794460096955987, 36.672074033789798 ], [ 137.79484308584, 36.672246378967401 ], [ 137.796336744645004, 36.672284677496002 ], [ 137.79790700050799, 36.672763414500103 ], [ 137.798209801340988, 36.672775382677898 ], [ 137.798075156642994, 36.672281685451601 ], [ 137.79716256510099, 36.671563580395102 ], [ 137.795442105369006, 36.670845476237901 ], [ 137.794753921655996, 36.670456502365901 ], [ 137.794290145773999, 36.670112410959199 ], [ 137.792614567608013, 36.668317148317897 ], [ 137.790594898036005, 36.666222675836003 ], [ 137.78948781910799, 36.664846308410603 ], [ 137.787361555590991, 36.661856075197903 ], [ 137.786525636649003, 36.660971534408901 ], [ 137.785553203317988, 36.659684930115603 ], [ 137.785397988427007, 36.659331487558298 ], [ 137.78680988716701, 36.659729811681601 ], [ 137.788440582866997, 36.660268390474002 ], [ 137.79008624058801, 36.660612481880698 ], [ 137.792016147027994, 36.660821929488598 ], [ 137.793407474675007, 36.660821929488598 ], [ 137.79437429803599, 36.660593781378097 ], [ 137.796782007084005, 36.659541870461098 ], [ 137.797997548747986, 36.658747092804298 ], [ 137.798465064910999, 36.6581626971509 ], [ 137.799881639225987, 36.655002287925399 ], [ 137.799604962799009, 36.654835232560103 ], [ 137.799283116123007, 36.654422816060297 ], [ 137.799079086930988, 36.653928201525403 ], [ 137.798479366830009, 36.6531800968841 ], [ 137.798380444102008, 36.652914241099502 ], [ 137.798368078424005, 36.651942013713203 ], [ 137.798980164202987, 36.649977465387899 ], [ 137.799406769307012, 36.6490908687488 ], [ 137.799703538388002, 36.648888077023301 ], [ 137.800104176466988, 36.648497331486901 ], [ 137.80036508597999, 36.648110294754503 ], [ 137.801663449809013, 36.6470345077365 ], [ 137.802445752070014, 36.646244283347201 ], [ 137.803462611011014, 36.646107105258899 ], [ 137.803808841005008, 36.6461627490118 ], [ 137.804068513950995, 36.646255489799202 ], [ 137.804229263270003, 36.646236941281998 ], [ 137.804383830650011, 36.646070009123797 ], [ 137.804476570537986, 36.645760874365003 ], [ 137.804198349974001, 36.643553656576202 ], [ 137.803951042707013, 36.642960118414898 ], [ 137.803920129411011, 36.642385128770897 ], [ 137.803969591223989, 36.642119273885598 ], [ 137.804136523381999, 36.641884331397002 ], [ 137.805237040857008, 36.641037304028501 ], [ 137.806220087986986, 36.640691073134697 ], [ 137.806788894791993, 36.640604516085702 ], [ 137.807258778869993, 36.640437583028202 ], [ 137.80835929724401, 36.639596738498803 ], [ 137.808686979621001, 36.639460718737297 ], [ 137.808903373591988, 36.639281420901 ], [ 137.808965200183991, 36.638774440688103 ], [ 137.809237237908008, 36.638174720587102 ], [ 137.809515459370999, 36.6378655867276 ], [ 137.809997708227996, 36.637599730943002 ], [ 137.810374852417993, 36.637519355833803 ], [ 137.810832370816996, 36.637274521701997 ], [ 137.811000539542988, 36.637101406704701 ], [ 137.811045055085003, 36.636962914706899 ], [ 137.810990647900013, 36.636037984465602 ], [ 137.810916455630007, 36.635671970285401 ], [ 137.81059495609199, 36.6351081088523 ], [ 137.809942064474996, 36.634361240778802 ], [ 137.809556264310004, 36.633648995704696 ], [ 137.809432611125999, 36.633297818539603 ], [ 137.809348526314011, 36.632743850548401 ], [ 137.80927433404301, 36.632298696927499 ], [ 137.80913089577399, 36.632115689387703 ], [ 137.808987457504998, 36.632031605474403 ], [ 137.808809396236995, 36.632066228473803 ], [ 137.808562088969012, 36.632323428283797 ], [ 137.808057581892001, 36.6327339580059 ], [ 137.807394797732002, 36.633055457543499 ], [ 137.806598468743999, 36.633391795894902 ], [ 137.80535451210099, 36.633785014566897 ], [ 137.804798070973987, 36.633927216268198 ], [ 137.804427109623987, 36.633964312403201 ], [ 137.804130340542997, 36.633908668650299 ], [ 137.804040691625005, 36.633826747606498 ], [ 137.803352867640996, 36.634220893479601 ], [ 137.802572303769011, 36.634398646280701 ], [ 137.800501587778001, 36.634687976169303 ], [ 137.79958915901301, 36.634754150084099 ], [ 137.799450048280988, 36.634808248801797 ], [ 137.799426862860003, 36.634965713796802 ], [ 137.800006490307993, 36.635955909637701 ], [ 137.800332529623006, 36.636813273813701 ], [ 137.800501587778001, 36.6376947901826 ], [ 137.800489511682002, 36.638564229555698 ], [ 137.800344605719005, 36.639445745025299 ], [ 137.799837432152003, 36.640484243453201 ], [ 137.797633884496008, 36.6433248969266 ], [ 137.797216553201991, 36.643749956995102 ], [ 137.79686877727201, 36.643858153531099 ], [ 137.796272148140986, 36.643856607596497 ], [ 137.795857908715988, 36.643967896001797 ], [ 137.79556268556999, 36.644128646220203 ], [ 137.793785162955004, 36.646302246451697 ], [ 137.793224084923992, 36.646830479443203 ], [ 137.791254127175989, 36.647442178513899 ], [ 137.789941079218011, 36.6477764304381 ], [ 137.784640611774989, 36.649048002563497 ], [ 137.782003371459012, 36.649659588319501 ], [ 137.778271141799991, 36.650628551166797 ], [ 137.775115310123994, 36.647602935926898 ], [ 137.774871394200005, 36.647192898133902 ], [ 137.774770619767992, 36.647013132650102 ], [ 137.774885517152995, 36.646936534693502 ], [ 137.775392019826, 36.646337156334901 ], [ 137.776062251272009, 36.645355746870401 ], [ 137.776468429174997, 36.644604728425598 ], [ 137.776427287888993, 36.644006307844997 ], [ 137.776068235361009, 36.642719703551599 ], [ 137.774901314644012, 36.639159100512202 ], [ 137.774572183460009, 36.6380221011392 ], [ 137.774332815407007, 36.636406364762102 ], [ 137.774302894062998, 36.635508734340803 ], [ 137.774407618317014, 36.633204814250902 ], [ 137.77476666994599, 36.627819028125799 ], [ 137.774878873861013, 36.624524909497197 ], [ 137.774635765527989, 36.6203686899632 ], [ 137.773719434604004, 36.615671087550801 ], [ 137.772782905806991, 36.615781795893298 ], [ 137.771078603294995, 36.616427611645101 ], [ 137.768267462873013, 36.617798712640599 ], [ 137.767777236130996, 36.617944249028 ], [ 137.766176341265009, 36.617951908553898 ], [ 137.765586537989009, 36.617622538149803 ], [ 137.76488183732701, 36.617040394398799 ], [ 137.763702230773987, 36.615531416541799 ], [ 137.762966891108988, 36.6142062736008 ], [ 137.762767737142013, 36.613501573838697 ], [ 137.762783056193001, 36.613133904006602 ], [ 137.763104767970987, 36.612344945862702 ], [ 137.763579673863006, 36.611801101539797 ], [ 137.764422250487002, 36.611241937265703 ], [ 137.765476481653991, 36.610708570943999 ], [ 137.765958864509997, 36.610524245897402 ], [ 137.766276531137009, 36.610449731670002 ], [ 137.766405950773986, 36.610332076963999 ], [ 137.76640202883101, 36.610261484679903 ], [ 137.766237313500994, 36.610198735383499 ], [ 137.765879524521011, 36.610115948292602 ], [ 137.764663534095007, 36.610020201071599 ], [ 137.763064553886011, 36.610106374110003 ], [ 137.761877286907009, 36.610068074682097 ], [ 137.761205140805004, 36.6098555163192 ], [ 137.76091023961601, 36.609627637105902 ], [ 137.759646374681012, 36.6081627035461 ], [ 137.759152318625013, 36.607595879746199 ], [ 137.759029761714004, 36.607358426350501 ], [ 137.759037422140011, 36.607090333951902 ], [ 137.75915997815099, 36.606906499035901 ], [ 137.759489349453986, 36.606607766735202 ], [ 137.760186389690006, 36.605267304742497 ], [ 137.760132291871997, 36.6031790555691 ], [ 137.760180166382014, 36.602760161252597 ], [ 137.760311818135989, 36.602532761378001 ], [ 137.761257323067014, 36.602065993450999 ], [ 137.764871783806001, 36.601048678553902 ], [ 137.765278709944994, 36.600857183212597 ], [ 137.76537445716599, 36.600737499636097 ], [ 137.765278709944994, 36.600593878804602 ], [ 137.764943594670996, 36.600414352540497 ], [ 137.764069900605989, 36.599720183839601 ], [ 137.763555259067999, 36.599169636869398 ], [ 137.763351795548999, 36.598726806197298 ], [ 137.763279985583011, 36.598164290150002 ], [ 137.763375732804008, 36.597158943430699 ], [ 137.764045963351009, 36.595638955173797 ], [ 137.764258206951013, 36.595322533208503 ], [ 137.764956849778997, 36.594178735860098 ], [ 137.765816243724998, 36.592954564301898 ], [ 137.766158706459009, 36.592580511981197 ], [ 137.76676219382, 36.592243555795598 ], [ 137.766978587792011, 36.592027161824198 ], [ 137.767096059035993, 36.5918416811488 ], [ 137.767083693357989, 36.591606739559602 ], [ 137.766273762124996, 36.590382568001303 ], [ 137.765259801698988, 36.588583406798897 ], [ 137.764690994894011, 36.587192302183198 ], [ 137.764449870465, 36.5864132842459 ], [ 137.764363312516991, 36.585516795064201 ], [ 137.764394225812993, 36.584978901555203 ], [ 137.764814648077987, 36.583779460453897 ], [ 137.764796100459989, 36.583668172048597 ], [ 137.764641533081004, 36.583587796939497 ], [ 137.762440497231012, 36.583482691373298 ], [ 137.760418759218993, 36.583278663080002 ], [ 137.759318241744012, 36.583062269108602 ], [ 137.758519548439011, 36.582772910441598 ], [ 137.75786128607001, 36.5825933841775 ], [ 137.756754207141, 36.582039845162903 ], [ 137.751323539449999, 36.578509162567997 ], [ 137.750814882001009, 36.578329636303899 ], [ 137.749573159274007, 36.578374517869896 ], [ 137.745729241011986, 36.579035586123602 ], [ 137.745632798614992, 36.578542315175902 ], [ 137.744874479473992, 36.576803544348302 ], [ 137.744384253631011, 36.575930328721903 ], [ 137.743878707835989, 36.575348184970899 ], [ 137.742691440856987, 36.574490289295603 ], [ 137.740064134452012, 36.572943012909903 ], [ 137.738386641630001, 36.571725106928298 ], [ 137.736755107762008, 36.570032294155197 ], [ 137.73642684891999, 36.569637142840001 ], [ 137.736035088048993, 36.569159078528799 ], [ 137.734863141021009, 36.567129235825703 ], [ 137.73476356358799, 36.5668075249475 ], [ 137.734572069145997, 36.566493473595102 ], [ 137.734319295798997, 36.566409216112604 ], [ 137.733753908217011, 36.565682015312902 ], [ 137.733574765063992, 36.565583490985503 ], [ 137.733323524161989, 36.5655222129799 ], [ 137.731675137897014, 36.565332250083401 ], [ 137.730143181463006, 36.565056498159002 ], [ 137.729174984838011, 36.5651116481842 ], [ 137.728788931064997, 36.565209694072301 ], [ 137.728531562182013, 36.565344506044298 ], [ 137.727875884464993, 36.566208529700098 ], [ 137.727643027504001, 36.566496537585301 ], [ 137.72687092085701, 36.566790673451003 ], [ 137.725535054398989, 36.5670725533558 ], [ 137.723457721197008, 36.5674463511683 ], [ 137.722281177734004, 36.567581163140296 ], [ 137.721086251229991, 36.567611802143098 ], [ 137.720013881635992, 36.567838532022797 ], [ 137.719456248906994, 36.568065261902497 ], [ 137.719223391946002, 36.5680897729249 ], [ 137.719106963016003, 36.5680162389584 ], [ 137.719008918026987, 36.567869171025599 ], [ 137.71914985798, 36.563493901822298 ], [ 137.719070196032987, 36.562513449236498 ], [ 137.718800572089009, 36.5615942755555 ], [ 137.718322601306994, 36.560846679930499 ], [ 137.717863014467014, 36.5605341610229 ], [ 137.717459803427005, 36.560400573927502 ], [ 137.716891140514008, 36.560327039961102 ], [ 137.716101876600987, 36.560292724529802 ], [ 137.715474386333995, 36.560351551882803 ], [ 137.714293267121008, 36.5605715026729 ], [ 137.714042926439987, 36.560611371417799 ], [ 137.713856639971993, 36.560464303484999 ], [ 137.713846835563004, 36.560140754392499 ], [ 137.713763497188012, 36.559954468823797 ], [ 137.713611527050006, 36.559665235162598 ], [ 137.713572308515012, 36.559483850899099 ], [ 137.713689963220986, 36.559326978557401 ], [ 137.714660611397989, 36.558650466246199 ], [ 137.714577273022996, 36.558439669655201 ], [ 137.71584197972399, 36.557483651649399 ], [ 137.715889853334005, 36.557263432861298 ], [ 137.715545162978998, 36.555702751181201 ], [ 137.715344093455002, 36.553261195248098 ], [ 137.715334519273, 36.552657987576303 ], [ 137.715382392882987, 36.552399469360203 ], [ 137.715430266493996, 36.552332446485401 ], [ 137.715593036590008, 36.5523803200958 ], [ 137.717910121854999, 36.553567586175298 ], [ 137.718982491448998, 36.553768655699102 ], [ 137.719911240212014, 36.553835679473202 ], [ 137.72057189657599, 36.553730357170402 ], [ 137.720485724436998, 36.553040976460103 ], [ 137.720552747312013, 36.5524186186245 ], [ 137.720684399964995, 36.552163691401397 ], [ 137.724583709271002, 36.5472769885424 ], [ 137.724678858443013, 36.547047194672501 ], [ 137.724693818665003, 36.546762945053999 ], [ 137.723808156421001, 36.545658859069199 ], [ 137.722090688734994, 36.543845644161301 ], [ 137.721988957424998, 36.5435763547652 ], [ 137.727869796953996, 36.543609887786303 ], [ 137.729315504807005, 36.543750751296301 ], [ 137.730761213558992, 36.544121445548498 ], [ 137.732297337451996, 36.544537912594798 ], [ 137.732209488078013, 36.543602056489902 ], [ 137.731958316423004, 36.542896844114203 ], [ 137.731446312597001, 36.541892157497202 ], [ 137.731243443529991, 36.541148303951204 ], [ 137.731311066252999, 36.5401725988865 ], [ 137.731262764565002, 36.539457725993401 ], [ 137.731774767491999, 36.534869014393699 ], [ 137.731821862288996, 36.530847250700198 ], [ 137.731686012500006, 36.5295491278901 ], [ 137.731545622032996, 36.528488947706897 ], [ 137.728103798750993, 36.5161180912771 ], [ 137.727234358478995, 36.513297240875097 ], [ 137.726674052964995, 36.510659939404803 ], [ 137.726599184404989, 36.509103702174301 ], [ 137.72670303451801, 36.508756831862499 ], [ 137.726569797259003, 36.508353180155297 ], [ 137.726391735990006, 36.508100926616599 ], [ 137.726060343910007, 36.507828887993 ], [ 137.724982083756004, 36.506305475117799 ], [ 137.724770945422989, 36.506129190909597 ], [ 137.724442489629013, 36.505984284047699 ], [ 137.721872811780997, 36.506013265599897 ], [ 137.721128957335992, 36.505916661325003 ], [ 137.718443354177992, 36.505134164810002 ], [ 137.715390653155993, 36.504544877744102 ], [ 137.715013895675014, 36.504467594504 ], [ 137.714674572473996, 36.504254611661203 ], [ 137.712618105340994, 36.501202363898102 ], [ 137.710338240318009, 36.498449137118101 ], [ 137.709217629290009, 36.496932447574601 ], [ 137.708564582988998, 36.496195548486 ], [ 137.708202829796988, 36.4959904032347 ], [ 137.703414117068007, 36.495553419055199 ], [ 137.69726765827599, 36.494804734351199 ], [ 137.690227609716999, 36.494116427431301 ], [ 137.686206449467988, 36.493920320366698 ], [ 137.685325416935001, 36.493827580478602 ], [ 137.684722604964008, 36.493696198520901 ], [ 137.684343915738992, 36.4934488912535 ], [ 137.683176933868992, 36.4923050948045 ], [ 137.681986766575989, 36.490991273428698 ], [ 137.681291214717987, 36.489978858937398 ], [ 137.680804328057008, 36.489499701050498 ], [ 137.680441095480006, 36.489337405796803 ], [ 137.678957250976993, 36.489267850431098 ], [ 137.677991207329001, 36.489028271038002 ], [ 137.676607831485995, 36.488873704558003 ], [ 137.675263097714009, 36.488804149192298 ], [ 137.674722112336013, 36.4886341251649 ], [ 137.669901782142006, 36.4881184889773 ], [ 137.669624753179988, 36.488064936148099 ], [ 137.669609433228999, 36.487597688882403 ], [ 137.66931070182801, 36.486847030166501 ], [ 137.668797495608004, 36.486004453542897 ], [ 137.667317242096999, 36.484208234023001 ], [ 137.665634004406002, 36.4824426535058 ], [ 137.662194761279011, 36.479478317170802 ], [ 137.661198989642003, 36.478932557291799 ], [ 137.661074518074997, 36.478788936460397 ], [ 137.661045793728988, 36.478626166364698 ], [ 137.663152234388008, 36.475370757254801 ], [ 137.664779938943013, 36.473302616023098 ], [ 137.665905160795006, 36.471496821421297 ], [ 137.666493432526011, 36.470240616911099 ], [ 137.666646628438997, 36.469431743280502 ], [ 137.666183235668001, 36.468010781172801 ], [ 137.66563208974901, 36.466839672313199 ], [ 137.662328807927992, 36.459400106230099 ], [ 137.660329268780998, 36.456248326899001 ], [ 137.661370178291008, 36.453222718853603 ], [ 137.661500043991992, 36.452728562973 ], [ 137.664091817284003, 36.443311090934301 ], [ 137.66601942865401, 36.439418799038499 ], [ 137.666371587879013, 36.438214042044599 ], [ 137.666668143820004, 36.436008409760497 ], [ 137.666797886313987, 36.434154937600503 ], [ 137.666705212974989, 36.431986375371103 ], [ 137.666408657033998, 36.428487019760297 ], [ 137.666208541690992, 36.425336531855599 ], [ 137.665860029216987, 36.4217255532918 ], [ 137.665296574277988, 36.417484808277401 ], [ 137.664762774482995, 36.4130216474313 ], [ 137.663828624392011, 36.408573313707599 ], [ 137.663515611755997, 36.408161872072903 ], [ 137.664086627296001, 36.407707371797898 ], [ 137.666814938359011, 36.406212731832298 ], [ 137.667431774356999, 36.405655207022299 ], [ 137.668570547193013, 36.405287478734301 ], [ 137.668973862553997, 36.404504572128502 ], [ 137.669519525305986, 36.404362224737 ], [ 137.669768632117012, 36.404219878244902 ], [ 137.66991097860901, 36.404018220564602 ], [ 137.670077049217014, 36.403377660450801 ], [ 137.670385467215993, 36.403199727785399 ], [ 137.670776920518989, 36.403199727785399 ], [ 137.671631000371008, 36.403448833696899 ], [ 137.672081764862014, 36.403401385465699 ], [ 137.672485081122005, 36.403223451900899 ], [ 137.672853543256991, 36.402927226010803 ], [ 137.673623178566999, 36.402169523804702 ], [ 137.673833187351988, 36.4017160955216 ], [ 137.674047968839005, 36.400747191130101 ], [ 137.674181610792999, 36.400470360918597 ], [ 137.674525261532011, 36.400131482881797 ], [ 137.676066917154998, 36.399191215602301 ], [ 137.67710741567501, 36.398212765806598 ], [ 137.677541752249994, 36.397993210718298 ], [ 137.679531240573994, 36.397078820531299 ], [ 137.679756623270009, 36.396877162850998 ], [ 137.679756391245007, 36.396346550253298 ], [ 137.679368717791988, 36.395170616530898 ], [ 137.679175374343998, 36.395090711767097 ], [ 137.67901404765999, 36.394891426498297 ], [ 137.678947619236993, 36.394692141229498 ], [ 137.679061496791007, 36.393344593478403 ], [ 137.679175374343998, 36.392585410988097 ], [ 137.678976089075007, 36.392139391320001 ], [ 137.677590580941001, 36.390734903892799 ], [ 137.677324867249013, 36.3904407212625 ], [ 137.677248949180012, 36.3902604152861 ], [ 137.677372316379007, 36.3901085791478 ], [ 137.678065070446991, 36.389823885264299 ], [ 137.678245375524, 36.389643579287899 ], [ 137.679089966628993, 36.388409908190901 ], [ 137.680579860872001, 36.387451441331102 ], [ 137.681642716537993, 36.387043380248002 ], [ 137.682183633568002, 36.386711238133302 ], [ 137.682819448858993, 36.386255728819002 ], [ 137.684394751717008, 36.384566548407598 ], [ 137.684745874023008, 36.384462161399803 ], [ 137.685467097029004, 36.384367263138898 ], [ 137.686814645679988, 36.3844242019156 ], [ 137.688598723452998, 36.384395732976898 ], [ 137.688902396628009, 36.3844242019156 ], [ 137.690904739861992, 36.386056443550203 ], [ 137.691208412138991, 36.386265218465198 ], [ 137.691512085314997, 36.386331646888202 ], [ 137.693967280365996, 36.386282679701999 ], [ 137.694611067246996, 36.387491298384901 ], [ 137.695497792488993, 36.389507686330802 ], [ 137.69596279145, 36.390886740930497 ], [ 137.696247484433997, 36.392139391320001 ], [ 137.696987687632003, 36.395394384943103 ], [ 137.697576053792005, 36.398079992597701 ], [ 137.697879726069004, 36.399028969811297 ], [ 137.698088501883007, 36.399550907548502 ], [ 137.698676868043009, 36.400841517422201 ], [ 137.699417070342008, 36.401866413604303 ], [ 137.700176252831994, 36.402720493456201 ], [ 137.701666147974009, 36.404675387559301 ], [ 137.701751555690009, 36.405083448642401 ], [ 137.701713596205991, 36.405368141626603 ], [ 137.701277067082998, 36.4060703853402 ], [ 137.700897475837991, 36.406554363593202 ], [ 137.700422987231008, 36.407807014882003 ], [ 137.699768191749001, 36.410264867429902 ], [ 137.69918931613401, 36.413111799969798 ], [ 137.699236764364997, 36.414345471066802 ], [ 137.699388601403001, 36.415607612001899 ], [ 137.699976967563003, 36.417704852596998 ], [ 137.700527374238987, 36.419450971785103 ], [ 137.702738492387994, 36.4244900440804 ], [ 137.703516654169988, 36.426150755553103 ], [ 137.705395630204009, 36.425334634286102 ], [ 137.706499262031002, 36.4249617160106 ], [ 137.710728886028988, 36.423844739143597 ], [ 137.714553265620992, 36.422705965408198 ], [ 137.716501839289009, 36.421915088111 ], [ 137.719440501777996, 36.420124746559999 ], [ 137.719481876886988, 36.419966077372699 ], [ 137.718965632758, 36.4195895231381 ], [ 137.719050661859001, 36.419395172449399 ], [ 137.719366481278001, 36.4186359899591 ], [ 137.720921286788013, 36.415830052115403 ], [ 137.720957727317, 36.4156721428553 ], [ 137.720896992501991, 36.415544600103402 ], [ 137.720532585411007, 36.415380616822198 ], [ 137.717234697723001, 36.414493891580001 ], [ 137.716694160206998, 36.414348128563503 ], [ 137.716518029783003, 36.414232732954403 ], [ 137.716518029783003, 36.414099117080802 ], [ 137.716669865922, 36.413892619249197 ], [ 137.717101081849989, 36.413418889670197 ], [ 137.717544444021001, 36.413224538981503 ], [ 137.718419022120003, 36.413018041149797 ], [ 137.718965632758, 36.4128176173393 ], [ 137.719250706155009, 36.412589862232501 ], [ 137.71935509406299, 36.412352618378797 ], [ 137.719544888786004, 36.411602925534702 ], [ 137.719734684407996, 36.411156905866697 ], [ 137.720071002075002, 36.410667613519699 ], [ 137.721120192542998, 36.409486705647097 ], [ 137.721109563455997, 36.4093193058415 ], [ 137.720945580174998, 36.409112808009901 ], [ 137.720131736890011, 36.408353625519602 ], [ 137.719958643477014, 36.407867748797699 ], [ 137.719875133330987, 36.4073970562293 ], [ 137.719966235554011, 36.407093383053301 ], [ 137.720231949245004, 36.406691016477403 ], [ 137.721385906235014, 36.405180244472902 ], [ 137.721484599635005, 36.4034113490547 ], [ 137.721613660441989, 36.403109574347503 ], [ 137.72319845384601, 36.402236515203199 ], [ 137.724339125151005, 36.401710781427603 ], [ 137.726168754485002, 36.400496089622997 ], [ 137.726434468175995, 36.400177233192899 ], [ 137.72701903829801, 36.398484256743203 ], [ 137.727277159913001, 36.3975352786304 ], [ 137.727345486805007, 36.396442056455903 ], [ 137.727330302652007, 36.395819526849799 ], [ 137.727132915851996, 36.395394384943103 ], [ 137.726722957199001, 36.394946467705502 ], [ 137.726100427592996, 36.3945289169761 ], [ 137.725470306809001, 36.394308754845298 ], [ 137.724460593881986, 36.394225244699399 ], [ 137.723807697767, 36.394308754845298 ], [ 137.722608189216999, 36.394673161937 ], [ 137.720991131736014, 36.395295691543097 ], [ 137.720862070029, 36.3952653241356 ], [ 137.720224357168007, 36.394490958391202 ], [ 137.719419624017007, 36.393306633994101 ], [ 137.718592115533994, 36.391871779159402 ], [ 137.717544444021001, 36.390459700554899 ], [ 137.716967465976012, 36.389761252879701 ], [ 137.716519547838999, 36.389374070457201 ], [ 137.715661671948993, 36.388835050997002 ], [ 137.71475065332001, 36.388296031536797 ], [ 137.714097756307012, 36.387810154815 ], [ 137.713885185353007, 36.387491298384901 ], [ 137.713740941292002, 36.384910078637397 ], [ 137.713771308698995, 36.384446977246299 ], [ 137.713930736913994, 36.3842799569546 ], [ 137.715600937134013, 36.383148775295901 ], [ 137.715897018232994, 36.382784368204199 ], [ 137.716663792800006, 36.381311554784602 ], [ 137.716967465976012, 36.380438494740901 ], [ 137.717101123217986, 36.3795145762369 ], [ 137.716322161038988, 36.3769007057032 ], [ 137.716378268841993, 36.376767730146803 ], [ 137.716935200100011, 36.376927277072397 ], [ 137.717390709413991, 36.3769367667186 ], [ 137.717808260142988, 36.376841869357001 ], [ 137.718349177172996, 36.376547685827198 ], [ 137.719449991424, 36.376130135997101 ], [ 137.720474887606002, 36.376120646350898 ], [ 137.72085447885101, 36.376196564420098 ], [ 137.721822436257014, 36.376566666019002 ], [ 137.722866311730996, 36.376879828841197 ], [ 137.723174539073995, 36.377057097806997 ], [ 137.724377083735988, 36.374658081605297 ], [ 137.724856887335989, 36.373728842712097 ], [ 137.725591775540011, 36.3725384451932 ], [ 137.727102548444009, 36.3704172898262 ], [ 137.730989561319006, 36.364404566517699 ], [ 137.733183597745011, 36.360912328141602 ], [ 137.734276820818991, 36.359393964060402 ], [ 137.738125874209999, 36.354223932488701 ], [ 137.739386116676002, 36.352341161315699 ], [ 137.739917544060006, 36.3516730801487 ], [ 137.740661543296, 36.350944265965303 ], [ 137.74107909312599, 36.350686143450901 ], [ 137.742050846568986, 36.350261001544098 ], [ 137.744920555339007, 36.349243697438901 ], [ 137.746537613719994, 36.348484514948602 ], [ 137.748594997261989, 36.346943375536497 ], [ 137.748921445767991, 36.346586559622203 ], [ 137.748929036946009, 36.346442314661303 ], [ 137.748880757741006, 36.346341130139201 ], [ 137.746454103573996, 36.344179952243202 ], [ 137.743101554193998, 36.341484854942301 ], [ 137.739919063015009, 36.339162364751502 ], [ 137.739860757267991, 36.339065189407101 ], [ 137.739871993397998, 36.3389017376252 ], [ 137.740641804076006, 36.337798265877403 ], [ 137.741820055351013, 36.3363467097331 ], [ 137.741783613922991, 36.336298122060803 ], [ 137.738068935433006, 36.336386946300699 ], [ 137.73641771450599, 36.336348986816503 ], [ 137.736304140923011, 36.336285974917999 ], [ 137.736197076633999, 36.336201895501198 ], [ 137.736505494633008, 36.335039397650199 ], [ 137.737217227993, 36.3329397846435 ], [ 137.738189930221012, 36.331041829317101 ], [ 137.738581383524007, 36.330519891579897 ], [ 137.738996561841986, 36.330164024450298 ], [ 137.73966084607099, 36.3298200202779 ], [ 137.741119898964001, 36.329464153148301 ], [ 137.741926530585005, 36.329096424860303 ], [ 137.742994130174992, 36.328123722631901 ], [ 137.74406173066501, 36.3272815048377 ], [ 137.744442702369014, 36.326709612458799 ], [ 137.74423595632399, 36.324980789032303 ], [ 137.743703083729997, 36.322385928368099 ], [ 137.743160201682002, 36.320674246919097 ], [ 137.742660505077993, 36.319559383459001 ], [ 137.742199361512007, 36.318977949273098 ], [ 137.74166556171599, 36.318539046839703 ], [ 137.740835205980005, 36.318005247044702 ], [ 137.740159058794006, 36.317673104030703 ], [ 137.739269392767994, 36.317471446350297 ], [ 137.738415312916999, 36.317388411046501 ], [ 137.737905237236987, 36.3172816507278 ], [ 137.737322505330013, 36.316885749378002 ], [ 137.736752562681005, 36.3162926383947 ], [ 137.736358700094002, 36.315829269905102 ], [ 137.735223448103994, 36.313396587582602 ], [ 137.733729734440004, 36.3107099798818 ], [ 137.732966845843009, 36.309824019962697 ], [ 137.731630121433, 36.308456157425901 ], [ 137.730872421925, 36.307507180212397 ], [ 137.730574383901001, 36.306937793344702 ], [ 137.730301552074991, 36.306024402304502 ], [ 137.730390519307008, 36.298851464523601 ], [ 137.730159205582993, 36.2939367972456 ], [ 137.73026077591399, 36.293383721381801 ], [ 137.730538796828, 36.292952232959401 ], [ 137.734732330132999, 36.289184791245297 ], [ 137.735377634170987, 36.288471160316 ], [ 137.736660652866988, 36.286041776706803 ], [ 137.737125107737995, 36.285396277516398 ], [ 137.737247109766002, 36.285326796794401 ], [ 137.737317287462986, 36.285270621542097 ], [ 137.739367094215993, 36.283914434004103 ], [ 137.740841602858012, 36.2826026963575 ], [ 137.741349063309002, 36.282296304531002 ], [ 137.742344835846012, 36.2820377872143 ], [ 137.742813997767996, 36.281817568426199 ], [ 137.743005492209988, 36.281578199474502 ], [ 137.744260470943999, 36.278393031013799 ], [ 137.744735990174007, 36.276956668915297 ], [ 137.744946787663991, 36.275485989586898 ], [ 137.74493208105099, 36.275201659029499 ], [ 137.74485364488001, 36.275152636085501 ], [ 137.744588923139986, 36.275245778869802 ], [ 137.743382966451009, 36.276142893080198 ], [ 137.743321532863007, 36.276061733762198 ], [ 137.743627849146009, 36.275328294365501 ], [ 137.743651786400989, 36.274753810140403 ], [ 137.74341241834901, 36.2742750740356 ], [ 137.742778092334987, 36.273604842589599 ], [ 137.742466913418014, 36.273090201052099 ], [ 137.742126634236996, 36.272805263452298 ], [ 137.74097086151599, 36.271683912282903 ], [ 137.740566927422009, 36.271504386018798 ], [ 137.740342519591991, 36.271294938410797 ], [ 137.739265362905996, 36.269679202932998 ], [ 137.738786625902009, 36.268557163782198 ], [ 137.738023640178994, 36.267494967319102 ], [ 137.736063812395003, 36.265879230941898 ], [ 137.735405549126995, 36.264981600520599 ], [ 137.734941773244003, 36.2640690089777 ], [ 137.733954378791992, 36.262961930049201 ], [ 137.731515814902991, 36.261974536495799 ], [ 137.730872512756008, 36.261540681057703 ], [ 137.730214249488, 36.260717852646998 ], [ 137.729720552261995, 36.260134392288499 ], [ 137.728568592666988, 36.25962573484 ], [ 137.728059935217999, 36.259251722089502 ], [ 137.727805606044001, 36.258892669561199 ], [ 137.727237106806996, 36.257875354664101 ], [ 137.726648808995009, 36.2566175106898 ], [ 137.725935541392005, 36.255122618913902 ], [ 137.725471765510008, 36.254344672069102 ], [ 137.724903266273003, 36.253776172832303 ], [ 137.724230042782011, 36.253432080526203 ], [ 137.722838714234996, 36.2531478309078 ], [ 137.721715205592005, 36.2530393726691 ], [ 137.720564716388992, 36.253102949341802 ], [ 137.718500164351013, 36.253013186209699 ], [ 137.717258441624011, 36.252803739501097 ], [ 137.716660021042998, 36.252609252115498 ], [ 137.71514348438501, 36.251602293810997 ], [ 137.714768594795004, 36.251306972638801 ], [ 137.714382131830007, 36.251113318924702 ], [ 137.712740365476009, 36.250155727105302 ], [ 137.710840379480004, 36.249377780260502 ], [ 137.709852985927, 36.249437622948101 ], [ 137.708222289327011, 36.249587227868503 ], [ 137.706786079213998, 36.249841557042402 ], [ 137.705005777694993, 36.249811635698599 ], [ 137.704351291579002, 36.249693550217302 ], [ 137.70327035774099, 36.2494974647364 ], [ 137.702417607986007, 36.249243135562402 ], [ 137.701594779575998, 36.248943925721697 ], [ 137.700218412150008, 36.2481809390992 ], [ 137.69740695067, 36.246614115049503 ], [ 137.695580651526001, 36.245218756640497 ], [ 137.694613869535004, 36.244573481381202 ], [ 137.69399385353401, 36.244591539767903 ], [ 137.693524327386001, 36.2444350307522 ], [ 137.693349759983988, 36.244206287290503 ], [ 137.692932640029994, 36.243842389214997 ], [ 137.692555176579987, 36.2435682129029 ], [ 137.689546860699011, 36.241978111700597 ], [ 137.688713774620993, 36.241493587559198 ], [ 137.687472051893991, 36.240670759148401 ], [ 137.686738986615012, 36.239982575435597 ], [ 137.686140565134991, 36.239189668368702 ], [ 137.685811433950988, 36.2383219583919 ], [ 137.68578221317901, 36.237473660281402 ], [ 137.68566182903001, 36.236003078079797 ], [ 137.685557105675997, 36.235314894367001 ], [ 137.683945506180009, 36.232959322614803 ], [ 137.683065588805988, 36.2316956942011 ], [ 137.681918707682001, 36.230037422589099 ], [ 137.681258051317997, 36.229185270883697 ], [ 137.681047406712992, 36.229003351523602 ], [ 137.680836763005999, 36.228936327749501 ], [ 137.680329302555009, 36.229022500787899 ], [ 137.679429277238995, 36.229146972355103 ], [ 137.678577126432998, 36.229060799316599 ], [ 137.677380285271994, 36.2280746018616 ], [ 137.676116420336996, 36.226810737825502 ], [ 137.67468021112299, 36.226054334240303 ], [ 137.670883830125007, 36.224558282338997 ], [ 137.670357219510009, 36.224067577157101 ], [ 137.66996226244899, 36.223373409355503 ], [ 137.669531399054989, 36.221757672978399 ], [ 137.669351872790998, 36.221661925757402 ], [ 137.668849199431008, 36.221614052146897 ], [ 137.668062156843007, 36.221772514490098 ], [ 137.667257400309012, 36.2221645991171 ], [ 137.666778664204003, 36.222858767818003 ], [ 137.666120400935995, 36.223277662134599 ], [ 137.665797253839997, 36.223768367316403 ], [ 137.664289233760996, 36.224570250516798 ], [ 137.663236013431003, 36.224965208477698 ], [ 137.662063108626, 36.225180640174599 ], [ 137.661057761905994, 36.2253003237511 ], [ 137.659980605220994, 36.225192608352401 ], [ 137.657862195484, 36.224498440550697 ], [ 137.656330238149991, 36.224055608979299 ], [ 137.655073555201, 36.223900019070797 ], [ 137.654523008230001, 36.223864114537399 ], [ 137.651521568566011, 36.224605073165797 ], [ 137.651284323813002, 36.223448507242999 ] ] } },
{ "type": "Feature", "properties": { "NAME": "中部山岳", "ZONE": "第1種特別地域" }, "geometry": { "type": "LineString", "coordinates": [ [ 137.663962073891014, 36.5304613552075 ], [ 137.665315108405991, 36.530906188669903 ], [ 137.667187115593009, 36.531758786438999 ], [ 137.667669018211001, 36.532259223184802 ], [ 137.668373337560013, 36.533167425136803 ], [ 137.669263004484009, 36.534057092061303 ], [ 137.670208275591989, 36.534705807227397 ], [ 137.671116476643988, 36.534928223958602 ], [ 137.674174705798009, 36.535558404097202 ], [ 137.672679091866996, 36.537819547933999 ], [ 137.672547439212991, 36.538226474072701 ], [ 137.672523502858013, 36.538920641874299 ], [ 137.672810744520007, 36.541529755893698 ], [ 137.672786807265993, 36.542259829128 ], [ 137.672487597425004, 36.543289113102297 ], [ 137.671841303234004, 36.544438080653002 ], [ 137.671805397800995, 36.544641543272697 ], [ 137.671901145021991, 36.544761227748602 ], [ 137.672014605290002, 36.544793302968699 ], [ 137.672466532605, 36.544624788003702 ], [ 137.673732312196989, 36.544569733306702 ], [ 137.675766942889993, 36.544533827873998 ], [ 137.676784257787006, 36.5447492595708 ], [ 137.678232436077991, 36.545180122065098 ], [ 137.679967856031993, 36.545742637213102 ], [ 137.681188634448006, 36.546305153260398 ], [ 137.682899160267993, 36.547504866856301 ], [ 137.682998736802006, 36.547619763341601 ], [ 137.683006397228013, 36.547734660726199 ], [ 137.682876180790998, 36.547903175691097 ], [ 137.682117861649999, 36.548431700962396 ], [ 137.681604656329995, 36.549013844713301 ], [ 137.681244646023998, 36.5496649259957 ], [ 137.68106081200699, 36.550430904662697 ], [ 137.68099953310201, 36.551648810644302 ], [ 137.680616544217997, 36.552575644750398 ], [ 137.679004398833996, 36.555125873860199 ], [ 137.678929595923989, 36.5554550050446 ], [ 137.679213845542989, 36.555694373996303 ], [ 137.679752424334993, 36.555858939138901 ], [ 137.680578244790013, 36.555915789781999 ], [ 137.68109288722701, 36.556095316046097 ], [ 137.681451939754993, 36.556550114895998 ], [ 137.681703275985996, 36.557196409986503 ], [ 137.682026423080998, 36.558028214530601 ], [ 137.683657119680987, 36.560885673635099 ], [ 137.684016172208999, 36.562097475018597 ], [ 137.684225618916997, 36.5636982502742 ], [ 137.684135855785001, 36.564954934123101 ], [ 137.683911447955012, 36.5659872092425 ], [ 137.683432711850003, 36.566989563917403 ], [ 137.682565001873996, 36.568036800158403 ], [ 137.681457923843993, 36.569039154833298 ], [ 137.681457923843993, 36.569233642218997 ], [ 137.681861857938998, 36.569323405351 ], [ 137.682774449481002, 36.569473010271402 ], [ 137.683963870335987, 36.569823948216801 ], [ 137.682854732859994, 36.570547031920199 ], [ 137.681555633386012, 36.571533612486398 ], [ 137.679536514198986, 36.573234083886 ], [ 137.678376056909997, 36.574299273293001 ], [ 137.677590928977992, 36.574865618653497 ], [ 137.676585582259008, 36.575474571194697 ], [ 137.673166056767997, 36.576945788317602 ], [ 137.672707816213006, 36.577102275749603 ], [ 137.670735421302993, 36.578490611352798 ], [ 137.668102370928011, 36.580759823007597 ], [ 137.667767254755006, 36.580836420964197 ], [ 137.667355541525012, 36.5806736499691 ], [ 137.667116173473005, 36.580683225050997 ], [ 137.666828930911009, 36.580865145310398 ], [ 137.666809781646009, 36.581018340324299 ], [ 137.666819356728013, 36.5827034935716 ], [ 137.666946892285011, 36.582765920910703 ], [ 137.667161366203999, 36.582759792930297 ], [ 137.66768835903099, 36.582551446991801 ], [ 137.669172346527006, 36.5823300788702 ], [ 137.66917474052201, 36.582607746350597 ], [ 137.667432139482003, 36.587107869332897 ], [ 137.66713532273701, 36.588036618994899 ], [ 137.666905528867005, 36.588582377974497 ], [ 137.666886379603, 36.589195160728302 ], [ 137.667030000434011, 36.590076036779898 ], [ 137.667336392261006, 36.590832440364998 ], [ 137.668111945110013, 36.592575041405198 ], [ 137.668198118149007, 36.593264422115602 ], [ 137.668131094375013, 36.594068699311201 ], [ 137.667920450667992, 36.594700631329303 ], [ 137.667259794303988, 36.595935771918498 ], [ 137.667317242096999, 36.596251737927503 ], [ 137.667231069958007, 36.596701750585503 ], [ 137.667039575515986, 36.597075164387498 ], [ 137.66627359684901, 36.597640073530698 ], [ 137.665622515567009, 36.598654995331898 ], [ 137.665076755688006, 36.599114582172398 ], [ 137.664138431843014, 36.599459272527596 ], [ 137.663449051133, 36.599593319176499 ], [ 137.662864992724991, 36.599602893358998 ], [ 137.662194761279011, 36.599516721219899 ], [ 137.661629852136002, 36.599296502431798 ], [ 137.660768126248001, 36.598789041980901 ], [ 137.659944699788014, 36.598425201462 ], [ 137.658786157155987, 36.598166684145298 ], [ 137.658039327752988, 36.598023063313903 ], [ 137.656966958158989, 36.5975156019636 ], [ 137.65589458856499, 36.596807071988998 ], [ 137.655128609897986, 36.596069817668102 ], [ 137.654860517499003, 36.595495334342402 ], [ 137.654841368234997, 36.595045321684402 ], [ 137.654984989066008, 36.594595309026403 ], [ 137.655885013482987, 36.5936569860812 ], [ 137.655923312911, 36.593503790168 ], [ 137.655779691179987, 36.5932069734233 ], [ 137.655722243387004, 36.592364396799702 ], [ 137.655904162746992, 36.591665441906798 ], [ 137.657474418610008, 36.587500433298501 ], [ 137.657598890177013, 36.587299364674102 ], [ 137.657560591648007, 36.587040846458102 ], [ 137.655645645430013, 36.585001428673102 ], [ 137.653127490640998, 36.5824449753555 ], [ 137.652801950449998, 36.582473699701701 ], [ 137.650044427608009, 36.583622667252499 ], [ 137.646961364575986, 36.584465243876103 ], [ 137.645343234203011, 36.584656738318003 ], [ 137.644012347292005, 36.584474818957901 ], [ 137.642930402616003, 36.5842546001698 ], [ 137.640900559014, 36.583517345849003 ], [ 137.63706109239601, 36.581889641294097 ], [ 137.636879172135991, 36.581736445380798 ], [ 137.636879172135991, 36.581621548895598 ], [ 137.637438336410014, 36.581039405144601 ], [ 137.638472407476002, 36.579867458116802 ], [ 137.639344067275005, 36.578718610175898 ], [ 137.639468180013012, 36.578450398167497 ], [ 137.639475839538989, 36.5780597488585 ], [ 137.639307324573991, 36.5776767599747 ], [ 137.639077530703986, 36.577355048197099 ], [ 137.638012820634998, 36.576566090952497 ], [ 137.633294392621991, 36.573892825593603 ], [ 137.633064599651988, 36.573793248160001 ], [ 137.633010981171992, 36.573701331151703 ], [ 137.633018640697998, 36.573609414143299 ], [ 137.633531846018002, 36.573356640796497 ], [ 137.634535278080989, 36.572690239563101 ], [ 137.639852284954998, 36.5686347764739 ], [ 137.640340437860999, 36.568183413933603 ], [ 137.640376343294008, 36.567836329583102 ], [ 137.639825795424002, 36.566352245859598 ], [ 137.639359410607995, 36.563647097735597 ], [ 137.639285876641992, 36.563518412844601 ], [ 137.639144936690002, 36.563549051847403 ], [ 137.638513769995001, 36.563806420729897 ], [ 137.636831298526005, 36.563984893887898 ], [ 137.6356153081, 36.563946595359297 ], [ 137.634840951348991, 36.563817934749999 ], [ 137.633690786800997, 36.563333812605499 ], [ 137.63265671573501, 36.562567833938502 ], [ 137.63136412735301, 36.561313544085003 ], [ 137.629631100495004, 36.559321999910502 ], [ 137.629464500186998, 36.559209018081901 ], [ 137.628131697719994, 36.5591783790791 ], [ 137.625129061957011, 36.558772410718298 ], [ 137.624787484155007, 36.558600454047898 ], [ 137.624728838464989, 36.558326228273003 ], [ 137.624872459296995, 36.556143189656702 ], [ 137.625111827349002, 36.5541516454822 ], [ 137.625743760266005, 36.552696286104897 ], [ 137.626337393755989, 36.551901583091798 ], [ 137.626385267366004, 36.551729237914202 ], [ 137.626356543019995, 36.551451571333097 ], [ 137.625341621219007, 36.549431302812501 ], [ 137.624374573028007, 36.547229114931902 ], [ 137.623340502861993, 36.543217302236897 ], [ 137.622220258758006, 36.543301081279999 ], [ 137.622830648415999, 36.541493850461002 ], [ 137.62298623742501, 36.540847556269902 ], [ 137.622998205603011, 36.539698588718998 ], [ 137.623149007520993, 36.538793776311898 ], [ 137.623579870914, 36.537453314319201 ], [ 137.623704342482, 36.537223520449302 ], [ 137.623675618134996, 36.536984152396897 ], [ 137.623101133910012, 36.536677760570299 ], [ 137.623110708991987, 36.536112851427099 ], [ 137.623302203434008, 36.535442620880403 ], [ 137.623531231082012, 36.5348156675092 ], [ 137.623727321958995, 36.534668599576399 ], [ 137.625358855826988, 36.534276418721902 ], [ 137.625700482192002, 36.534258034780599 ], [ 137.626281724822007, 36.5342061106237 ], [ 137.627301876181008, 36.533755346132502 ], [ 137.633707476419005, 36.5301729552179 ], [ 137.634881836327992, 36.530232266406102 ], [ 137.635913849745009, 36.530386474956003 ], [ 137.636589996032001, 36.530647443824598 ], [ 137.639737191518009, 36.532351897422302 ], [ 137.640243560192005, 36.532580986223699 ], [ 137.641002742683014, 36.532723332715797 ], [ 137.644027609686987, 36.532901266280597 ], [ 137.649638440361997, 36.5322013949786 ], [ 137.654418916200001, 36.531489661618799 ], [ 137.662887060289989, 36.530350146841997 ], [ 137.663418774556988, 36.530415018538498 ], [ 137.663962073891014, 36.5304613552075 ] ] } },
{ "type": "Feature", "properties": { "NAME": "中部山岳", "ZONE": "第1種特別地域" }, "geometry": { "type": "LineString", "coordinates": [ [ 137.59691424469699, 36.589300483031003 ], [ 137.597134463484991, 36.588362159186502 ], [ 137.597146431662992, 36.587871454903897 ], [ 137.594473070975994, 36.587741716906898 ], [ 137.593578408317001, 36.587723332965602 ], [ 137.593400701381, 36.587674310920903 ], [ 137.593265889408997, 36.587521115007597 ], [ 137.592389609793003, 36.585952390690501 ], [ 137.592193518915991, 36.585774683754799 ], [ 137.59155622514001, 36.585566337816402 ], [ 137.590238741724988, 36.585425397864 ], [ 137.590067162769998, 36.585357991877999 ], [ 137.590042651747012, 36.585217051925603 ], [ 137.590453215644004, 36.583709606513303 ], [ 137.590581900535, 36.583439981669997 ], [ 137.59072284048699, 36.583360319723198 ], [ 137.591029232312991, 36.583403214686797 ], [ 137.591286600296996, 36.583544154639199 ], [ 137.591617503144988, 36.583777012499297 ], [ 137.591917766991997, 36.583826034544003 ], [ 137.59218739093501, 36.583740245516097 ], [ 137.592910474639012, 36.583323552739998 ], [ 137.594534349881002, 36.582655619961002 ], [ 137.595049086746002, 36.582361484095401 ], [ 137.595422884559014, 36.581908024336002 ], [ 137.595734158804987, 36.581240953107702 ], [ 137.595827321374003, 36.580596669800599 ], [ 137.595796682371002, 36.580376067901398 ], [ 137.595986644367997, 36.579793924150501 ], [ 137.596403337144011, 36.579181141396703 ], [ 137.596443168117986, 36.578948283536597 ], [ 137.595700168928005, 36.578465717219203 ], [ 137.594705928835992, 36.577802379975999 ], [ 137.594099274061989, 36.577495989048799 ], [ 137.593002392546992, 36.577207980264198 ], [ 137.592444759817994, 36.576938356320198 ], [ 137.591972917016989, 36.576589070429399 ], [ 137.591684909131004, 36.576264295561003 ], [ 137.591513330176014, 36.576153994611303 ], [ 137.591206939248991, 36.576086588625301 ], [ 137.591523670581012, 36.575915008770799 ], [ 137.592146028417005, 36.575589468579302 ], [ 137.592672639031008, 36.575522444805102 ], [ 137.593352444660013, 36.575713939247102 ], [ 137.593869480193007, 36.5760203310736 ], [ 137.594003525941986, 36.576374596510597 ], [ 137.594233319811991, 36.576575665135003 ], [ 137.594491838028006, 36.576613964563002 ], [ 137.594826953301009, 36.5764703437316 ], [ 137.595947196505989, 36.5762884234721 ], [ 137.596607852869994, 36.576518217341999 ], [ 137.596854345352, 36.576602551266902 ], [ 137.597484898709013, 36.576573750478403 ], [ 137.598787062172988, 36.576275019077102 ], [ 137.599568359892004, 36.5759839472016 ], [ 137.600617750909009, 36.575754153331701 ], [ 137.601000739792994, 36.575823091762501 ], [ 137.60149096653501, 36.576252039600099 ], [ 137.602019490906997, 36.5768954613566 ], [ 137.602165027294006, 36.577378027674001 ], [ 137.602111408815006, 36.577669099549503 ], [ 137.601919914373013, 36.578021449430501 ], [ 137.600947121312998, 36.578879346005202 ], [ 137.600947121312998, 36.579078499973001 ], [ 137.601445007580992, 36.579852138165798 ], [ 137.601452667106997, 36.580035973081898 ], [ 137.601115636277996, 36.580296405954499 ], [ 137.600380297512999, 36.580725353792197 ], [ 137.598641525786007, 36.581567930415801 ], [ 137.598235557424999, 36.581636867947303 ], [ 137.597507878186008, 36.581966239250697 ], [ 137.597124888402988, 36.5822956096548 ], [ 137.597009991917986, 36.582563702053399 ], [ 137.59706361039801, 36.583023289793204 ], [ 137.597370002224011, 36.584402050314502 ], [ 137.597501443536999, 36.5845638257601 ], [ 137.597643609264992, 36.584701088384698 ], [ 137.597893624390991, 36.584794232068298 ], [ 137.598687791408992, 36.5849069836705 ], [ 137.598848340178989, 36.585022493493497 ], [ 137.599261355626993, 36.587245363083198 ], [ 137.59933488959399, 36.587382626607102 ], [ 137.599454504822006, 36.587448316686597 ], [ 137.600164352303011, 36.587475769391403 ], [ 137.601217358593999, 36.587402235425003 ], [ 137.602379390597008, 36.586920440725898 ], [ 137.602555087546989, 36.586882791507797 ], [ 137.602708823054002, 36.586914166155999 ], [ 137.602765296880989, 36.5869894645923 ], [ 137.602818633872999, 36.587199673926001 ], [ 137.602802704182011, 36.587337663202803 ], [ 137.60202715133201, 36.587883423081699 ], [ 137.60128750301601, 36.588553654527701 ], [ 137.599528145807, 36.589463253126802 ], [ 137.598558704520997, 36.589846242909999 ], [ 137.598139810204003, 36.589918052876001 ], [ 137.596931000864998, 36.589726558434101 ], [ 137.59691424469699, 36.589300483031003 ] ] } },
{ "type": "Feature", "properties": { "NAME": "中部山岳", "ZONE": "第1種特別地域" }, "geometry": { "type": "LineString", "coordinates": [ [ 137.667265539173997, 36.628729225673403 ], [ 137.666706374899007, 36.629150513985202 ], [ 137.665973788060001, 36.629419803381403 ], [ 137.665285604346991, 36.629808776354103 ], [ 137.664622912817009, 36.630490975977899 ], [ 137.66277690503, 36.632934447466901 ], [ 137.661673896433001, 36.634236610930998 ], [ 137.660379392495003, 36.635293661473398 ], [ 137.66002704261399, 36.635385578481802 ], [ 137.659850867224009, 36.635301320999297 ], [ 137.65977426926699, 36.635117486083303 ], [ 137.659644052830998, 36.633700426133899 ], [ 137.659123187984989, 36.632229747704898 ], [ 137.658763177678992, 36.631379511555402 ], [ 137.658066137442006, 36.6301769255248 ], [ 137.657897622477009, 36.629656059779499 ], [ 137.657920601054997, 36.629280730421598 ], [ 137.658043157965011, 36.628828803106998 ], [ 137.658349549792007, 36.628384535318197 ], [ 137.659590434351003, 36.627151310284901 ], [ 137.660184067840987, 36.626661083542302 ], [ 137.662424555148988, 36.625186574900702 ], [ 137.663209683080993, 36.624726988060203 ], [ 137.663439476050996, 36.624525918536399 ], [ 137.663487349662006, 36.624324849912099 ], [ 137.663420326786991, 36.624047182431703 ], [ 137.662654348119986, 36.6225152250977 ], [ 137.66212773840499, 36.621155613840699 ], [ 137.662022416101991, 36.620044944818503 ], [ 137.662137312586992, 36.619441736247303 ], [ 137.662510727288009, 36.618493838220203 ], [ 137.662654348119986, 36.618283194513999 ], [ 137.662826693297006, 36.618177872211199 ], [ 137.663056487167012, 36.618177872211199 ], [ 137.664243754146014, 36.619106620973902 ], [ 137.66573741205201, 36.620820497667999 ], [ 137.666196998893014, 36.621730097166399 ], [ 137.666551264329996, 36.623692916994699 ], [ 137.66696297755999, 36.624803586016903 ], [ 137.667815128365987, 36.6263642676969 ], [ 137.668724727864003, 36.627494085084201 ], [ 137.669091631474004, 36.627940268428802 ], [ 137.669184314705006, 36.628193040876297 ], [ 137.669027411786004, 36.6283135752115 ], [ 137.668823477920995, 36.628348871803198 ], [ 137.667679167059987, 36.628338577263698 ], [ 137.667548950623996, 36.628399855269301 ], [ 137.667265539173997, 36.628729225673403 ] ] } },
{ "type": "Feature", "properties": { "NAME": "中部山岳", "ZONE": "第1種特別地域" }, "geometry": { "type": "LineString", "coordinates": [ [ 137.691448826102999, 36.2665772937073 ], [ 137.692098686105993, 36.266984215349503 ], [ 137.692056171555009, 36.267081390693797 ], [ 137.691922555681998, 36.2671481986307 ], [ 137.690883994301004, 36.267208933445701 ], [ 137.690501366044998, 36.2671664188953 ], [ 137.690288795091988, 36.267002435614103 ], [ 137.689934660955998, 36.266564659131902 ], [ 137.689274527996986, 36.2653990433313 ], [ 137.689098397572991, 36.265228986029101 ], [ 137.688691475930995, 36.2651318106847 ], [ 137.688454610691991, 36.265034635340299 ], [ 137.688375656511994, 36.264894946344803 ], [ 137.688320994818014, 36.264208644913197 ], [ 137.688224198987996, 36.263952041353797 ], [ 137.688120571008, 36.263862458086102 ], [ 137.687859412382011, 36.263819943535701 ], [ 137.68775008989499, 36.2637227681914 ], [ 137.687713649366003, 36.263510197237999 ], [ 137.687671134814991, 36.263006100251502 ], [ 137.687701502223007, 36.262866411255999 ], [ 137.687983726568007, 36.262919334559797 ], [ 137.688418170163004, 36.262945366335799 ], [ 137.688703623073991, 36.262878558398903 ], [ 137.689918314878014, 36.262271212046997 ], [ 137.690143032075014, 36.262216551252997 ], [ 137.690549953718005, 36.2622408446395 ], [ 137.690883022133988, 36.262024872450098 ], [ 137.691928628802998, 36.262017098710302 ], [ 137.692200719587987, 36.262184240410498 ], [ 137.693238552516988, 36.262258093636298 ], [ 137.694070373248991, 36.2622036756593 ], [ 137.694144226475004, 36.262238658387602 ], [ 137.694237514950004, 36.262810048944701 ], [ 137.694416317258998, 36.2632415076896 ], [ 137.694665826966997, 36.263575613024301 ], [ 137.694840001365009, 36.263824559755797 ], [ 137.694820567015995, 36.2639061867213 ], [ 137.694770035908988, 36.263964492467501 ], [ 137.693685558742004, 36.264244356991597 ], [ 137.692476698141007, 36.264796313199398 ], [ 137.69234842603899, 36.264792426329599 ], [ 137.692262912204001, 36.264726346843602 ], [ 137.692168869198014, 36.264501083758098 ], [ 137.692010256667999, 36.264174390635802 ], [ 137.691885871436, 36.264135521037602 ], [ 137.691707069126011, 36.264151068517201 ], [ 137.690956875360001, 36.264543656764502 ], [ 137.690848039406006, 36.264706911594899 ], [ 137.69083249102701, 36.264850731176502 ], [ 137.691027184357011, 36.265161656485397 ], [ 137.691104581811004, 36.265251093163599 ], [ 137.691594346301997, 36.26582637149 ], [ 137.691509560018005, 36.265921360582503 ], [ 137.691230181127992, 36.266012461905703 ], [ 137.691151226047992, 36.266146078678702 ], [ 137.691205887742001, 36.266310061959999 ], [ 137.691448826102999, 36.2665772937073 ] ] } },
{ "type": "Feature", "properties": { "NAME": "中部山岳", "ZONE": "第1種特別地域" }, "geometry": { "type": "LineString", "coordinates": [ [ 137.635707225108007, 36.2495239146971 ], [ 137.633715680933989, 36.248972410848197 ], [ 137.633079918703999, 36.249110286810399 ], [ 137.632513094903999, 36.249003049850998 ], [ 137.630728365121996, 36.248344308143501 ], [ 137.630169200848002, 36.247792803395299 ], [ 137.629280665271011, 36.247402154086302 ], [ 137.628549155819002, 36.247291087813601 ], [ 137.625657587228005, 36.247597478740801 ], [ 137.625332046137004, 36.247453857909399 ], [ 137.624805436422008, 36.246927248194098 ], [ 137.623723491746006, 36.2454431644707 ], [ 137.623573936288011, 36.245112811107496 ], [ 137.623488910784999, 36.244928522933201 ], [ 137.623206456213012, 36.244811232452598 ], [ 137.622459626811008, 36.244887830409198 ], [ 137.622098291803013, 36.244932711975302 ], [ 137.62129150999499, 36.245175072072101 ], [ 137.620343611967996, 36.245548486773401 ], [ 137.620199991137014, 36.245510187345403 ], [ 137.61997977144901, 36.245184647153899 ], [ 137.619893599309989, 36.244705910149797 ], [ 137.619908063107005, 36.244589944370603 ], [ 137.620024255515006, 36.2444098461377 ], [ 137.620772080466992, 36.2438034917379 ], [ 137.621186187693013, 36.243470769560503 ], [ 137.622277707449996, 36.243231401508098 ], [ 137.622947938896004, 36.242934584763397 ], [ 137.623780940437996, 36.242561170062103 ], [ 137.623962859798013, 36.242695216711098 ], [ 137.624317125234995, 36.243355873075203 ], [ 137.624537344022997, 36.243652689820003 ], [ 137.624862885113998, 36.2437484370409 ], [ 137.625332046137004, 36.243791523560098 ], [ 137.62570306774299, 36.243695776339202 ], [ 137.626050151193994, 36.2434803446424 ], [ 137.626253614712994, 36.2430255448932 ], [ 137.626421171900006, 36.242331377091503 ], [ 137.626660540851987, 36.241720987433801 ], [ 137.627402582264011, 36.240583988060799 ], [ 137.627629982137989, 36.240512178094697 ], [ 137.62782147658001, 36.240643830748397 ], [ 137.62802494009901, 36.2411225668532 ], [ 137.628503676203991, 36.241685082900403 ], [ 137.630158309158986, 36.242959719016 ], [ 137.63072262025301, 36.243355873075203 ], [ 137.631021875958993, 36.243486115591899 ], [ 137.631871587804, 36.243815459915702 ], [ 137.632791360433004, 36.244306165097598 ], [ 137.633733873320011, 36.244868680245602 ], [ 137.635493229628992, 36.244940491110903 ], [ 137.635948029378, 36.245048206509701 ], [ 137.636402829127007, 36.245299543639199 ], [ 137.636594324469002, 36.245694501600198 ], [ 137.636989281529992, 36.246651974709003 ], [ 137.638150218157989, 36.247777005004899 ], [ 137.638844385959999, 36.248495110061498 ], [ 137.640543900480992, 36.2504818671446 ], [ 137.641070511094995, 36.2506733615865 ], [ 137.641908299727987, 36.250745171552602 ], [ 137.642422941266005, 36.250613518898902 ], [ 137.642758057439011, 36.250709267019197 ], [ 137.643416319806988, 36.251068318648201 ], [ 137.643727498725013, 36.2511161922586 ], [ 137.644373792916014, 36.251080287725202 ], [ 137.644577256435014, 36.251355561210303 ], [ 137.644853277256999, 36.252321262216597 ], [ 137.644541351002999, 36.252384844285302 ], [ 137.639909574466998, 36.2515709920078 ], [ 137.638856354137999, 36.251092255903103 ], [ 137.63835368077801, 36.251044382292498 ], [ 137.637372271313012, 36.251367529388098 ], [ 137.636989281529992, 36.251642802873199 ], [ 137.636649379165988, 36.2517529122673 ], [ 137.636418052851013, 36.251710017303601 ], [ 137.636307752801002, 36.2514894154044 ], [ 137.636051915464009, 36.249998821488603 ], [ 137.635952338029995, 36.249776688043902 ], [ 137.635707225108007, 36.2495239146971 ] ] } },
{ "type": "Feature", "properties": { "NAME": "中部山岳", "ZONE": "第1種特別地域" }, "geometry": { "type": "LineString", "coordinates": [ [ 137.773541724971011, 36.388476336613799 ], [ 137.774623559930006, 36.3884573573213 ], [ 137.775534578557995, 36.3885332753905 ], [ 137.77661641351699, 36.3887420512049 ], [ 137.777878553552995, 36.389102662258203 ], [ 137.778030390590004, 36.389064703673299 ], [ 137.778163247435998, 36.388827458920296 ], [ 137.778258144798002, 36.387793073091999 ], [ 137.778846510958005, 36.386910523402101 ], [ 137.779738550294013, 36.386284198657002 ], [ 137.779757529586988, 36.3861228719732 ], [ 137.77893191867301, 36.385107466336599 ], [ 137.778334062867003, 36.3838643046941 ], [ 137.778039880236008, 36.382687572373797 ], [ 137.777926002682989, 36.381188187584897 ], [ 137.77789753374401, 36.380941453185699 ], [ 137.777641309698993, 36.380884514408997 ], [ 137.775420701005004, 36.380856045470303 ], [ 137.773153830284997, 36.380622952887101 ], [ 137.772990724741987, 36.380993647139299 ], [ 137.771691218775004, 36.3822700225437 ], [ 137.771330606822005, 36.382469307812499 ], [ 137.769609991507991, 36.3838405805785 ], [ 137.769417230821006, 36.3840926524541 ], [ 137.769357919632995, 36.384359552351597 ], [ 137.769745814317986, 36.385145424921603 ], [ 137.769743441906002, 36.385308530464499 ], [ 137.769480100625998, 36.385373180028402 ], [ 137.769076191712998, 36.385234391254301 ], [ 137.768379286374994, 36.384923008190498 ], [ 137.768216180832013, 36.3849823193787 ], [ 137.768216180832013, 36.385278875319997 ], [ 137.768586875083997, 36.386598547684997 ], [ 137.768586875083997, 36.386806136394199 ], [ 137.765028208285003, 36.387933047172602 ], [ 137.763723363942006, 36.3887634029089 ], [ 137.762329552366992, 36.388822714097202 ], [ 137.762107135636001, 36.388882025285398 ], [ 137.761766097427994, 36.389312030725797 ], [ 137.761469541486008, 36.390661358235299 ], [ 137.761276780798994, 36.391121019719399 ], [ 137.761276780798994, 36.391565853181802 ], [ 137.761084019212007, 36.3919365474339 ], [ 137.760579874562012, 36.392396208018702 ], [ 137.760565047439002, 36.392959663857503 ], [ 137.760372285851986, 36.393300702965199 ], [ 137.759794002890999, 36.394012436325099 ], [ 137.759393652595008, 36.394234853056197 ], [ 137.758578124881012, 36.394131058701603 ], [ 137.758355708149992, 36.394279336222603 ], [ 137.757821908354998, 36.395139347103303 ], [ 137.757021208661996, 36.395865908485099 ], [ 137.756309475302004, 36.3962959139254 ], [ 137.755953608173002, 36.3965776418449 ], [ 137.755760847484993, 36.396918680952503 ], [ 137.755746019463004, 36.397763863811399 ], [ 137.754619107785999, 36.398134558063603 ], [ 137.754322552743986, 36.398282836483901 ], [ 137.754174275222994, 36.398623874692198 ], [ 137.754381863931997, 36.399098364198302 ], [ 137.754322552743986, 36.399335608051999 ], [ 137.753981513636006, 36.399676647159701 ], [ 137.753329091464991, 36.399913891912803 ], [ 137.752958397212012, 36.400314242208701 ], [ 137.752202180685998, 36.400343897353103 ], [ 137.751890796722989, 36.400418036563302 ], [ 137.75178700236799, 36.400566314084301 ], [ 137.752187352664009, 36.401411496943197 ], [ 137.752973225234001, 36.402523580598903 ], [ 137.753818408092997, 36.403235313958803 ], [ 137.75444010312799, 36.402478413947797 ], [ 137.754648769225014, 36.402122909245001 ], [ 137.755560715054997, 36.401380987442799 ], [ 137.756379920997006, 36.401102765980099 ], [ 137.756704511504012, 36.400762718824602 ], [ 137.757044559559006, 36.400098080262403 ], [ 137.757593272811988, 36.399649835671497 ], [ 137.758056974049993, 36.399487540417802 ], [ 137.759409436596002, 36.398451940504799 ], [ 137.760120445103013, 36.397470439309501 ], [ 137.760761898243004, 36.396999009296998 ], [ 137.761163772890001, 36.3969294539313 ], [ 137.761449722227013, 36.396751702029597 ], [ 137.761936608887993, 36.395940224861597 ], [ 137.762369396829996, 36.395638818876499 ], [ 137.762817641421009, 36.3955538068628 ], [ 137.764247387207007, 36.3948737116526 ], [ 137.766109920936003, 36.394185887668797 ], [ 137.768327959368008, 36.3928566105443 ], [ 137.769317188438009, 36.392400637179797 ], [ 137.770372139062999, 36.3921085490704 ], [ 137.770728006192996, 36.390210593744101 ], [ 137.770870352684994, 36.389914038702102 ], [ 137.771453974021995, 36.389292457880799 ], [ 137.772421931427004, 36.388817969274001 ], [ 137.773541724971011, 36.388476336613799 ] ] } },
{ "type": "Feature", "properties": { "NAME": "中部山岳", "ZONE": "第1種特別地域" }, "geometry": { "type": "LineString", "coordinates": [ [ 137.75029770437601, 36.449503913375104 ], [ 137.750606839135003, 36.449207145193803 ], [ 137.751057015469001, 36.448920036630597 ], [ 137.749888101854992, 36.448166521667801 ], [ 137.749018661581999, 36.447229458672702 ], [ 137.747840087449987, 36.445548541232398 ], [ 137.746903024455008, 36.443993209619101 ], [ 137.744893652119998, 36.4404188451538 ], [ 137.743560510609001, 36.437926450545397 ], [ 137.742797335129012, 36.436883121858699 ], [ 137.74200517899601, 36.436177909483099 ], [ 137.740488488553012, 36.435105600143501 ], [ 137.738971799009988, 36.434255480905897 ], [ 137.738595041527986, 36.4340719328736 ], [ 137.738498437253014, 36.433946347046501 ], [ 137.738440475048009, 36.433540608012798 ], [ 137.738343869874001, 36.427995512383198 ], [ 137.738469455700994, 36.426894222390601 ], [ 137.739454821283005, 36.4246046968494 ], [ 137.739725313972002, 36.424112014058402 ], [ 137.740459507899999, 36.423290876373002 ], [ 137.740971510826995, 36.422547021927699 ], [ 137.742217708580995, 36.420305798973601 ], [ 137.743141247571003, 36.418831614987198 ], [ 137.742407662483998, 36.4189138507937 ], [ 137.742081213977002, 36.419035319524497 ], [ 137.741724398063013, 36.419346584777301 ], [ 137.741367582148001, 36.419475645584697 ], [ 137.741004372953995, 36.419454328054897 ], [ 137.740659682597993, 36.418334083951002 ], [ 137.740544786112991, 36.418180888937101 ], [ 137.739979876970011, 36.418238336729999 ], [ 137.738524517592992, 36.418822395137603 ], [ 137.737863861227993, 36.419224534184998 ], [ 137.737471297262999, 36.419779868246501 ], [ 137.737050008951002, 36.421187354013298 ], [ 137.736858514509009, 36.421532044368497 ], [ 137.736448715936007, 36.421853755246801 ], [ 137.735514222304005, 36.422160147073299 ], [ 137.735008676509011, 36.422221425078902 ], [ 137.734097162354004, 36.422083549116699 ], [ 137.733522678128992, 36.422114188119501 ], [ 137.732655590483006, 36.422510965408897 ], [ 137.731650626874995, 36.423276943176603 ], [ 137.730744934032003, 36.424201019961302 ], [ 137.729509155822996, 36.425182798147802 ], [ 137.729205482646989, 36.425410552355302 ], [ 137.726776248324995, 36.425202666869701 ], [ 137.726707299102998, 36.427849425610603 ], [ 137.726493779365001, 36.428869576070298 ], [ 137.726185361365992, 36.429830416240897 ], [ 137.725853219251007, 36.430577736673399 ], [ 137.725414316816995, 36.431194571772203 ], [ 137.724830068653006, 36.431564293857299 ], [ 137.724253089709009, 36.432050170579103 ], [ 137.724275865039004, 36.432247558278299 ], [ 137.724180645719997, 36.4325112790725 ], [ 137.723777330360008, 36.4331162521135 ], [ 137.723502127021987, 36.433875434603799 ], [ 137.723423551455994, 36.434141527809402 ], [ 137.72319845384601, 36.434397372341003 ], [ 137.722268455024988, 36.434691554971401 ], [ 137.721215089905002, 36.434862371301598 ], [ 137.721063253766005, 36.434900330785801 ], [ 137.721015804636011, 36.435004717793703 ], [ 137.722031211172009, 36.436380735382798 ], [ 137.722258965379012, 36.437168386811798 ], [ 137.722799883307999, 36.438544405300199 ], [ 137.723018147868999, 36.438686751792297 ], [ 137.723084576291996, 36.4387721595077 ], [ 137.722904270316008, 36.439075832683699 ], [ 137.722057307699004, 36.439806545335998 ], [ 137.719803485243006, 36.442226439298899 ], [ 137.719625552577014, 36.442534856398701 ], [ 137.719625552577014, 36.442700927905697 ], [ 137.719732311997006, 36.442878861470398 ], [ 137.720088179126009, 36.442997482947597 ], [ 137.721096467528014, 36.443341488019399 ], [ 137.722460623059987, 36.443922736944899 ], [ 137.723326565869002, 36.444397225551697 ], [ 137.723445188244995, 36.444551434101598 ], [ 137.723409601171994, 36.446579874761603 ], [ 137.723332496897001, 36.446784497506698 ], [ 137.721864547010995, 36.448267275414601 ], [ 137.721745924635002, 36.4485193481895 ], [ 137.721731096613013, 36.449423842236698 ], [ 137.721419713549011, 36.4503728203496 ], [ 137.72144936869401, 36.453071475368503 ], [ 137.721567991070003, 36.4535459648745 ], [ 137.721464196715004, 36.453812864771997 ], [ 137.718780368819012, 36.456422553458303 ], [ 137.715159611026991, 36.458940495107903 ], [ 137.713700001453986, 36.4600062420946 ], [ 137.713230841329988, 36.460417481381903 ], [ 137.710896624880007, 36.466725078899501 ], [ 137.710155235476009, 36.468068845900703 ], [ 137.709460183640999, 36.469945487294602 ], [ 137.708848116746992, 36.472259671346897 ], [ 137.713919850621011, 36.473008356050997 ], [ 137.722058775391986, 36.474131382657298 ], [ 137.724389357683009, 36.474481573266097 ], [ 137.724606717526001, 36.474481573266097 ], [ 137.724703321801002, 36.474240062129397 ], [ 137.724739548292007, 36.473322320169103 ], [ 137.724496575757001, 36.468027648857102 ], [ 137.724848228663006, 36.466789444277602 ], [ 137.726418051052008, 36.465074715026198 ], [ 137.728144855501, 36.4634928174397 ], [ 137.728688255559007, 36.463203004615103 ], [ 137.73170714476899, 36.460606759894198 ], [ 137.733409797923997, 36.459012786211296 ], [ 137.734267162099997, 36.458131270741703 ], [ 137.734883016038992, 36.4576361723716 ], [ 137.735933589664, 36.456923715057499 ], [ 137.736211327290988, 36.456827110782697 ], [ 137.737298127407001, 36.456078426078598 ], [ 137.737978758612996, 36.455309302482497 ], [ 137.740147958461989, 36.453433879670001 ], [ 137.741918984373996, 36.4524322075805 ], [ 137.742901185242005, 36.451864057280602 ], [ 137.744531385415002, 36.451042919595203 ], [ 137.74631856764799, 36.450366687872503 ], [ 137.74818013550501, 36.449536372605699 ], [ 137.748659293391995, 36.449350891930301 ], [ 137.749061168038992, 36.449281337463901 ], [ 137.749580513029997, 36.449318433598997 ], [ 137.750242060623009, 36.4496275674584 ], [ 137.75029770437601, 36.449503913375104 ] ] } },
{ "type": "Feature", "properties": { "NAME": "中部山岳", "ZONE": "第1種特別地域" }, "geometry": { "type": "LineString", "coordinates": [ [ 137.834515984525012, 36.8190892429744 ], [ 137.835210152326994, 36.819228075815197 ], [ 137.835219727408997, 36.818672741753801 ], [ 137.83541122185099, 36.818012085389597 ], [ 137.835679314249006, 36.817581221996001 ], [ 137.836167625435991, 36.8170546122807 ], [ 137.836799558352993, 36.816575875276598 ], [ 137.837642134076987, 36.8162216107389 ], [ 137.838417687825995, 36.816087564089997 ], [ 137.839461333074013, 36.816049265561297 ], [ 137.839910373565004, 36.815902652685502 ], [ 137.839231540104009, 36.813763298637497 ], [ 137.839037052717998, 36.8123570098683 ], [ 137.83920909932101, 36.811531376471997 ], [ 137.837256561440995, 36.811347323920003 ], [ 137.836924484077997, 36.8112265683516 ], [ 137.836864106294001, 36.810954868772299 ], [ 137.835218811, 36.810864301646298 ], [ 137.834615034057009, 36.810969962993603 ], [ 137.834101822440999, 36.811271851914597 ], [ 137.833573516604986, 36.811271851914597 ], [ 137.833184610182002, 36.811115322214498 ], [ 137.83268777522099, 36.810916226702702 ], [ 137.83270304391101, 36.811107617722499 ], [ 137.832732690960995, 36.811429458103198 ], [ 137.832541196519003, 36.812291183091801 ], [ 137.832038523159014, 36.813416214287003 ], [ 137.831906870506003, 36.815714149388697 ], [ 137.831093018227989, 36.817736811904503 ], [ 137.831045144618002, 36.818514758749302 ], [ 137.831272544493004, 36.819256800161398 ], [ 137.831722996020005, 36.819631093500298 ], [ 137.832218049424, 36.819855220741999 ], [ 137.832648911918, 36.819771441698798 ], [ 137.832924185402987, 36.819591916333998 ], [ 137.833534575061009, 36.8190892429744 ], [ 137.834037248420003, 36.818993494854098 ], [ 137.834515984525012, 36.8190892429744 ] ] } }
]
}
