{
"type": "FeatureCollection",
"name": "Daisetsuzan_nationalpark_outline2",
"crs": { "type": "name", "properties": { "name": "urn:ogc:def:crs:EPSG::4612" } },
"features": [
{ "type": "Feature", "properties": { "NAME": "大雪山", "ZONE": "特別保護地区" }, "geometry": { "type": "LineString", "coordinates": [ [ 142.712001379859998, 43.370143249711397 ], [ 142.711795009731986, 43.370070749965301 ], [ 142.711508929992988, 43.369934369575702 ], [ 142.711047850277993, 43.370395389935503 ], [ 142.710414009899011, 43.370825850432801 ], [ 142.709787949553998, 43.371459889562402 ], [ 142.709276600435004, 43.371907299582404 ], [ 142.70911828018501, 43.372100589970401 ], [ 142.708661930004013, 43.372529400211803 ], [ 142.708055580100989, 43.373268150105197 ], [ 142.708929949558012, 43.373921430229998 ], [ 142.709426569581012, 43.374279179640602 ], [ 142.710371759748995, 43.3749833002393 ], [ 142.711235279785001, 43.375606040286698 ], [ 142.712187679817987, 43.376303210025299 ], [ 142.713037319716989, 43.376904840286301 ], [ 142.713901110448006, 43.377522029718101 ], [ 142.715707539970992, 43.378845310163101 ], [ 142.71667408004501, 43.379561940331399 ], [ 142.717193460109996, 43.379959980269099 ], [ 142.718081390444013, 43.3808449203569 ], [ 142.718956279709005, 43.381687639972803 ], [ 142.719707010370001, 43.382422309642003 ], [ 142.720005579894007, 43.382733400426297 ], [ 142.720961839816994, 43.383675280190197 ], [ 142.721559819730004, 43.384296059715602 ], [ 142.72217725018001, 43.384896019935503 ], [ 142.722859390449003, 43.385591239943899 ], [ 142.723502920123991, 43.386193419690798 ], [ 142.724253940366992, 43.386915870271402 ], [ 142.725171319900994, 43.387785250289298 ], [ 142.725981219657996, 43.388555749848102 ], [ 142.726783629860989, 43.389295980025601 ], [ 142.726825010366014, 43.389330139874197 ], [ 142.727368010226002, 43.389525979840201 ], [ 142.728793440164992, 43.390040990099799 ], [ 142.730023319720999, 43.390493769971698 ], [ 142.731484299860995, 43.391007389879299 ], [ 142.732930280207995, 43.391536280275297 ], [ 142.734659019997991, 43.392172119847601 ], [ 142.736350259857005, 43.392767130198997 ], [ 142.738490339658, 43.393526860376497 ], [ 142.740618470165998, 43.394286600446399 ], [ 142.741535050202998, 43.394625220377797 ], [ 142.74172696013099, 43.395193490287497 ], [ 142.741989400291004, 43.396015899614298 ], [ 142.742264340127008, 43.396813869864403 ], [ 142.742479570375991, 43.3975132303515 ], [ 142.742703130145998, 43.398259819635101 ], [ 142.742796729784999, 43.398422579838403 ], [ 142.742865879557002, 43.398543119569503 ], [ 142.74325163025901, 43.3996763300987 ], [ 142.743749299791006, 43.401206450117698 ], [ 142.744223079731995, 43.402667950065997 ], [ 142.744728249609011, 43.404247780111099 ], [ 142.745173709899007, 43.405571250313102 ], [ 142.745951139634002, 43.4059479097684 ], [ 142.746669949758996, 43.406296239679897 ], [ 142.747974529700997, 43.4069731602833 ], [ 142.749558240320994, 43.407791199804201 ], [ 142.750926149621989, 43.408503409804702 ], [ 142.752695949758987, 43.409426720367001 ], [ 142.755510899708014, 43.410899200138097 ], [ 142.756019700149011, 43.411761620302698 ], [ 142.756830390409988, 43.413116779915597 ], [ 142.758125999615004, 43.415289370208399 ], [ 142.759279120234993, 43.417225589889298 ], [ 142.759544619888999, 43.417633329914402 ], [ 142.754958830186013, 43.419899470384401 ], [ 142.750679140030002, 43.421992860082597 ], [ 142.745942560101014, 43.424278130031801 ], [ 142.746018630155987, 43.425433269629899 ], [ 142.746011680195011, 43.425469100418802 ], [ 142.746004740127006, 43.425504649719997 ], [ 142.746021120378998, 43.4257871195801 ], [ 142.746057759657987, 43.426277330134802 ], [ 142.746124109839997, 43.4272524902104 ], [ 142.746161310296003, 43.4277129997553 ], [ 142.746203510084001, 43.428242390174297 ], [ 142.746252089661994, 43.428786220108101 ], [ 142.746287620077993, 43.429310329708102 ], [ 142.746330089661996, 43.429834719896597 ], [ 142.746396179940007, 43.430212730133597 ], [ 142.746539469820988, 43.430718800232597 ], [ 142.746656379888009, 43.431210140335899 ], [ 142.746780790300988, 43.431672040232598 ], [ 142.746923810385994, 43.432197540184497 ], [ 142.747060719577007, 43.432693879619002 ], [ 142.747198459741014, 43.433151059873701 ], [ 142.747315930085989, 43.433622679643101 ], [ 142.747421180443013, 43.434045139771598 ], [ 142.747539200273991, 43.434502040337101 ], [ 142.747664170066002, 43.434929780385197 ], [ 142.74779413019499, 43.435440560233801 ], [ 142.747904649680009, 43.435926630309901 ], [ 142.748051839921004, 43.4365404598745 ], [ 142.748122940321991, 43.436718219870102 ], [ 142.748221239819003, 43.437155400101801 ], [ 142.748357880111996, 43.437671180180999 ], [ 142.748505889634998, 43.438250570207799 ], [ 142.748648360234, 43.438795800386103 ], [ 142.748734449635009, 43.439179100435297 ], [ 142.748791660006987, 43.439376300176299 ], [ 142.748910519805008, 43.4397893201212 ], [ 142.749040759623995, 43.440290380097103 ], [ 142.749132959918001, 43.4407031203529 ], [ 142.749392339684988, 43.441744129687997 ], [ 142.74952313978099, 43.442215750356802 ], [ 142.749633109780007, 43.442721529974797 ], [ 142.749802800158989, 43.4432473204077 ], [ 142.749893319621009, 43.443728380360703 ], [ 142.750047729619013, 43.444327489821902 ], [ 142.750196029622998, 43.444906879848801 ], [ 142.750331550260995, 43.445461829899699 ], [ 142.750467909966005, 43.445987329851597 ], [ 142.750613430165998, 43.4465772797179 ], [ 142.750812010365991, 43.4469580796518 ], [ 142.751006420409993, 43.447308610204303 ], [ 142.751199719791003, 43.447688300374899 ], [ 142.751393580349998, 43.448067989646198 ], [ 142.751580769736989, 43.448423520429301 ], [ 142.751788239735987, 43.4487887701858 ], [ 142.752026249811991, 43.449271789761397 ], [ 142.752270369882012, 43.4497742499818 ], [ 142.752753900272012, 43.450705839702898 ], [ 142.753037180422012, 43.451248020280097 ], [ 142.753443780107006, 43.4520371196176 ], [ 142.753723450377009, 43.452575130038397 ], [ 142.754230040284, 43.453550329684198 ], [ 142.755438769584003, 43.454533609738498 ], [ 142.756064519662004, 43.455030530134998 ], [ 142.757432109704013, 43.456186860435402 ], [ 142.758988550182011, 43.4574709601169 ], [ 142.760499139623988, 43.458671180031097 ], [ 142.761735870214011, 43.459682240143401 ], [ 142.762949829971006, 43.460658310332903 ], [ 142.763608040179008, 43.461204670059701 ], [ 142.764158499914998, 43.461655199827803 ], [ 142.764840870410012, 43.462194900074699 ], [ 142.765804860006, 43.4629895797055 ], [ 142.766609719962986, 43.463632049979303 ], [ 142.767432900008998, 43.464311180217003 ], [ 142.767490380177009, 43.464351459952098 ], [ 142.768007250235001, 43.464499519837098 ], [ 142.768731850194996, 43.464701200000498 ], [ 142.769646420246005, 43.464967890356 ], [ 142.771132850301001, 43.4653920798808 ], [ 142.771901880368006, 43.465625429669998 ], [ 142.772769239609005, 43.465870719758101 ], [ 142.773491059765007, 43.466079070193103 ], [ 142.774422850034995, 43.466340750425402 ], [ 142.775301869885993, 43.466586039614199 ], [ 142.776144780158006, 43.466853560043901 ], [ 142.776766619983988, 43.467032730176498 ], [ 142.77757204021799, 43.467247470294701 ], [ 142.778298859704989, 43.467454149789397 ], [ 142.779211759714997, 43.467696390276302 ], [ 142.779376180067004, 43.467742229620299 ], [ 142.779388939647987, 43.467998870052 ], [ 142.77936586034599, 43.468564360157202 ], [ 142.779368050196013, 43.468964029666402 ], [ 142.77935275003, 43.4694998097686 ], [ 142.779349669851996, 43.469924199842097 ], [ 142.779334650273995, 43.470349990160102 ], [ 142.779330189636994, 43.470730499612998 ], [ 142.779326009588004, 43.471095180098601 ], [ 142.779310980117998, 43.471615400130801 ], [ 142.779318459779006, 43.472004800281503 ], [ 142.779301219775988, 43.472516129615897 ], [ 142.779295640382003, 43.472940249892801 ], [ 142.779284780169007, 43.473490189820602 ], [ 142.779281149605993, 43.473834040208899 ], [ 142.779273349785001, 43.474259819735003 ], [ 142.779278619812999, 43.474436190278098 ], [ 142.779529420046998, 43.474381769603198 ], [ 142.780249320150006, 43.474176549708098 ], [ 142.78086784957199, 43.474002709857402 ], [ 142.781629409869993, 43.473763050424601 ], [ 142.782072360151005, 43.474594360341598 ], [ 142.78243393977499, 43.475320130319901 ], [ 142.782301449852014, 43.475639529940501 ], [ 142.782090059708992, 43.4761483600589 ], [ 142.781958120170998, 43.476440260209998 ], [ 142.78183035978401, 43.476560520252001 ], [ 142.781431229867991, 43.477098500095799 ], [ 142.781222910009006, 43.477375119866103 ], [ 142.78105458030501, 43.477788680303497 ], [ 142.781033170145008, 43.478369719687002 ], [ 142.781457820122, 43.478481679885803 ], [ 142.782496269987007, 43.478800580382703 ], [ 142.783527220405006, 43.479128090089397 ], [ 142.784553739862986, 43.479448370146301 ], [ 142.784850370447998, 43.479532810191202 ], [ 142.784807310009995, 43.479624739790097 ], [ 142.784738430034992, 43.479695570394398 ], [ 142.784700930104009, 43.4797544499081 ], [ 142.784728149883989, 43.479821110356099 ], [ 142.784815359840991, 43.479888599979098 ], [ 142.78488396012699, 43.479927769950798 ], [ 142.784938950073013, 43.479984429937602 ], [ 142.785081419772013, 43.4801313602742 ], [ 142.785150020058012, 43.480244690140502 ], [ 142.785228340216008, 43.480374949744302 ], [ 142.78532387969301, 43.480480219886402 ], [ 142.785364979609994, 43.480566599768899 ], [ 142.785430530295002, 43.480676319756498 ], [ 142.785514119580995, 43.4808624101723 ], [ 142.785527999717999, 43.480972679645603 ], [ 142.785513279614008, 43.481095720391401 ], [ 142.785475490101987, 43.481281530218602 ], [ 142.785483270137007, 43.4813809601633 ], [ 142.785488259575999, 43.481449840138197 ], [ 142.785521590249004, 43.481508449855298 ], [ 142.785612410085008, 43.481601500009397 ], [ 142.785667400031002, 43.481667330383203 ], [ 142.785729609734005, 43.481772319936802 ], [ 142.785825980184995, 43.481916189880501 ], [ 142.785837639894993, 43.481988960322397 ], [ 142.785830420138012, 43.482078399698501 ], [ 142.785802630186993, 43.482326980406 ], [ 142.785819290127989, 43.482395030306598 ], [ 142.785858450207002, 43.482499459582598 ], [ 142.785898169664989, 43.482575009828999 ], [ 142.785950930191007, 43.4826530601907 ], [ 142.786004529785004, 43.482773599921899 ], [ 142.786068959915013, 43.482930260023601 ], [ 142.78608368001801, 43.483015249554299 ], [ 142.786075069909003, 43.483098569943202 ], [ 142.786057290311987, 43.483213280268799 ], [ 142.786016729988006, 43.4833057701454 ], [ 142.785973680340987, 43.4833693702004 ], [ 142.785915630001995, 43.483432689666998 ], [ 142.785884519755001, 43.483489349654 ], [ 142.785845910060999, 43.483564899900401 ], [ 142.785795909553997, 43.483647669904201 ], [ 142.78577786016001, 43.483703210235099 ], [ 142.785770629610994, 43.483788760043403 ], [ 142.785773680110992, 43.483882079994103 ], [ 142.785791459708008, 43.483960960430103 ], [ 142.785787560247996, 43.484056230111101 ], [ 142.785762559993998, 43.484096230157 ], [ 142.78567451996301, 43.484194269749899 ], [ 142.785623409692988, 43.484252310196098 ], [ 142.785602850292008, 43.484308970183001 ], [ 142.78555729963, 43.4844092400945 ], [ 142.785532300276003, 43.4844767297175 ], [ 142.785516459617014, 43.484544779617998 ], [ 142.785503129865987, 43.484585880434203 ], [ 142.785475080010997, 43.484617550060101 ], [ 142.785406469832992, 43.484663650207402 ], [ 142.78530036961601, 43.484721689754302 ], [ 142.785239540372999, 43.484761959596902 ], [ 142.785145109758986, 43.484823619814399 ], [ 142.785071779938988, 43.484865000319701 ], [ 142.785041780353993, 43.484897220330602 ], [ 142.785031230406986, 43.484931659868401 ], [ 142.785025949588004, 43.484972210299397 ], [ 142.785046220307009, 43.485059979634499 ], [ 142.785074270161999, 43.485174129682498 ], [ 142.785097040097014, 43.485265790384098 ], [ 142.785088980371995, 43.485353280029997 ], [ 142.785058149814006, 43.485459659935501 ], [ 142.785021200268005, 43.485547420277399 ], [ 142.78493676022299, 43.4856696300495 ], [ 142.784860659591999, 43.485801830390301 ], [ 142.784766780262999, 43.485895990307903 ], [ 142.784682889703987, 43.486001530246597 ], [ 142.784654839848997, 43.486061520423 ], [ 142.784658720424005, 43.4861112403416 ], [ 142.784690940435013, 43.486154010299501 ], [ 142.784749540259014, 43.486205400259202 ], [ 142.784784530182009, 43.486265119739599 ], [ 142.784789810102012, 43.486322050422501 ], [ 142.784767309963996, 43.486365379758603 ], [ 142.784698980374003, 43.486439539653198 ], [ 142.78466286989601, 43.4864898099569 ], [ 142.784603430103999, 43.486532579914801 ], [ 142.784554269564012, 43.486578959751299 ], [ 142.784533440366005, 43.4866161799929 ], [ 142.784523430012001, 43.486683950204302 ], [ 142.78450038038801, 43.486747550259402 ], [ 142.784455100423003, 43.486830599952398 ], [ 142.784434270325988, 43.486864200422701 ], [ 142.784400659963012, 43.486884200445701 ], [ 142.784336219940997, 43.487007240292101 ], [ 142.784295100239007, 43.487153329762499 ], [ 142.784261489876002, 43.487344700097999 ], [ 142.784696130421992, 43.487976040362099 ], [ 142.785085499996001, 43.488525720385802 ], [ 142.785391280283989, 43.4887890301898 ], [ 142.786255040437993, 43.489372899739699 ], [ 142.786735239740011, 43.489692880322302 ], [ 142.786957189723012, 43.489056850093696 ], [ 142.787185800085012, 43.488468029775902 ], [ 142.787301909755001, 43.488140850120303 ], [ 142.787470250251999, 43.487692289867397 ], [ 142.787654690412012, 43.487215400070802 ], [ 142.787890249834987, 43.486555199662902 ], [ 142.788083870274988, 43.486011099932497 ], [ 142.788363029729993, 43.485255639736103 ], [ 142.788578310340995, 43.484670430196402 ], [ 142.788851640390988, 43.483931909630101 ], [ 142.789172749622992, 43.483026750084598 ], [ 142.78790402025399, 43.482867829986503 ], [ 142.788038479692005, 43.481999600201597 ], [ 142.788025730003994, 43.481574919647002 ], [ 142.788062979923012, 43.480551699801303 ], [ 142.788216040038009, 43.480026209741901 ], [ 142.788392159670991, 43.479421559557501 ], [ 142.788536589892004, 43.479199929733099 ], [ 142.788907130360002, 43.478567510282502 ], [ 142.789209049857988, 43.4780839601069 ], [ 142.789449310038009, 43.477874269681998 ], [ 142.790007319582003, 43.477315740329303 ], [ 142.790657540213004, 43.476723329917903 ], [ 142.790740589905994, 43.476659729862803 ], [ 142.791820190050004, 43.476160380397403 ], [ 142.792925900210008, 43.475872400391196 ], [ 142.793576100156997, 43.4756816101184 ], [ 142.794865940210997, 43.475521670189103 ], [ 142.794996480403, 43.475531399954299 ], [ 142.79601997004599, 43.475481439916699 ], [ 142.798788530266989, 43.475377419832199 ], [ 142.799852010062011, 43.475339419878502 ], [ 142.800015880029008, 43.475335819892301 ], [ 142.801033819954995, 43.475287820376799 ], [ 142.804632559645, 43.475150799669798 ], [ 142.80461617040001, 43.475342720390401 ], [ 142.804565320033987, 43.4757629502001 ], [ 142.804516139707999, 43.476209290026901 ], [ 142.80446918970199, 43.476680059937003 ], [ 142.804417510159993, 43.477136679913997 ], [ 142.804340270088005, 43.477854919868797 ], [ 142.804276929937004, 43.478399019599202 ], [ 142.804216640286, 43.478918409557103 ], [ 142.804149960052996, 43.479596660257798 ], [ 142.804097450437013, 43.480086600116699 ], [ 142.804069950067998, 43.480227969944998 ], [ 142.80401050038401, 43.4805320999766 ], [ 142.80395077011201, 43.480998990211397 ], [ 142.803897710110988, 43.481490869907901 ], [ 142.803844370422013, 43.481903600271103 ], [ 142.803792689981009, 43.482328830311403 ], [ 142.803740460054001, 43.482780440165399 ], [ 142.803695170195994, 43.4832323297084 ], [ 142.803657109987995, 43.483587009732901 ], [ 142.803597930101006, 43.484106950075798 ], [ 142.803560149580989, 43.484526060229697 ], [ 142.803515420000991, 43.484887129937199 ], [ 142.803473189636009, 43.485270980371602 ], [ 142.803421519987012, 43.485696199620101 ], [ 142.80336511001201, 43.486244750095302 ], [ 142.80330536984701, 43.486797190138397 ], [ 142.803253690306008, 43.487213810069399 ], [ 142.803209780006995, 43.487604880261202 ], [ 142.803158659844001, 43.4880781601791 ], [ 142.803108359862989, 43.488520890127099 ], [ 142.803048070211986, 43.489074719622799 ], [ 142.803001940386991, 43.489559390353698 ], [ 142.802966929780013, 43.4898737996363 ], [ 142.802923579760005, 43.490234870243199 ], [ 142.802909130351992, 43.490399859865803 ], [ 142.803838749659008, 43.490427669601402 ], [ 142.804555610053995, 43.490433249894799 ], [ 142.805750470008007, 43.490453300279697 ], [ 142.806740639769004, 43.490481119907898 ], [ 142.807762470162004, 43.490483940181797 ], [ 142.808439889889002, 43.490488690400902 ], [ 142.809125649929001, 43.490489829841898 ], [ 142.809257020195986, 43.490502610107498 ], [ 142.809311189959999, 43.490229309735 ], [ 142.809473430355013, 43.489372190174599 ], [ 142.809652069886994, 43.488421739871598 ], [ 142.809858479584989, 43.487307979879503 ], [ 142.810023229987991, 43.486349760333297 ], [ 142.810284080146005, 43.484989649952503 ], [ 142.810417980206012, 43.484164750403103 ], [ 142.81055271033901, 43.483460670273899 ], [ 142.810657160299996, 43.482925179753401 ], [ 142.811397639590012, 43.482953549766599 ], [ 142.812593620099989, 43.482996100289903 ], [ 142.814330370150998, 43.483048670160102 ], [ 142.814344539869012, 43.483031449941599 ], [ 142.814457310357, 43.482922020435097 ], [ 142.814606460220006, 43.482802319771402 ], [ 142.814758950166009, 43.482682620007097 ], [ 142.814913110151991, 43.482571800148598 ], [ 142.815106700014013, 43.482443769964199 ], [ 142.815268360347005, 43.4823457303713 ], [ 142.815478340352996, 43.482219089639401 ], [ 142.815619999762987, 43.4821313301969 ], [ 142.815739710320003, 43.482040229772998 ], [ 142.815913030361997, 43.4818988599446 ], [ 142.816005250442004, 43.481803049771102 ], [ 142.816094689817987, 43.481720279767302 ], [ 142.816142739696005, 43.481662230327899 ], [ 142.816340489822011, 43.481756949623701 ], [ 142.816534639961986, 43.481827229842999 ], [ 142.816775720322994, 43.481919180126198 ], [ 142.816946249770012, 43.481999450014797 ], [ 142.817196219929997, 43.482120290119397 ], [ 142.817358140165993, 43.482194729703203 ], [ 142.817557289636994, 43.482267789726897 ], [ 142.817618109888002, 43.482299450359498 ], [ 142.817804470099986, 43.482396950359103 ], [ 142.817884739989012, 43.482450280156499 ], [ 142.818032780088998, 43.482522779902503 ], [ 142.818137489952989, 43.482566950104903 ], [ 142.818235249856997, 43.482602219716902 ], [ 142.818337179916995, 43.482614730185801 ], [ 142.81853243981999, 43.482626680377201 ], [ 142.818644370342014, 43.482628069829701 ], [ 142.818770189992989, 43.482613359619002 ], [ 142.818885740284998, 43.482612249855599 ], [ 142.818928510243012, 43.482601979597902 ], [ 142.819004340177997, 43.482614480174298 ], [ 142.819077109721007, 43.482613929789203 ], [ 142.819158209683991, 43.482594769732998 ], [ 142.819345970141001, 43.482595330010597 ], [ 142.819400960086, 43.4826142202702 ], [ 142.819422069873013, 43.482637830171903 ], [ 142.819500669719986, 43.482684770286099 ], [ 142.819586209635986, 43.482729489974098 ], [ 142.819649260205011, 43.482739770124503 ], [ 142.819762580179002, 43.4827392197394 ], [ 142.819876179841998, 43.482749779578903 ], [ 142.820040330397006, 43.482764509574601 ], [ 142.820154760133988, 43.482769240008601 ], [ 142.820236969861014, 43.482751740100902 ], [ 142.820526109991988, 43.482712320117599 ], [ 142.820634429735009, 43.482713709570199 ], [ 142.820727200199997, 43.482705380049403 ], [ 142.820869679791997, 43.482722329571999 ], [ 142.820964399986991, 43.482708999820701 ], [ 142.821148539773986, 43.4827023403409 ], [ 142.82125714999799, 43.482682909588803 ], [ 142.821372409808987, 43.482653470281598 ], [ 142.821494900169995, 43.482645700139102 ], [ 142.821599889722989, 43.482616820210197 ], [ 142.821718489617012, 43.4826145997841 ], [ 142.821814869960008, 43.482593220201103 ], [ 142.82197041040601, 43.482544340249298 ], [ 142.822073180432994, 43.482512679616697 ], [ 142.822180670102, 43.482506020136903 ], [ 142.822303989637987, 43.482518800402502 ], [ 142.822418699963009, 43.482513810064503 ], [ 142.822501469966994, 43.482497980197799 ], [ 142.822551740270995, 43.482499369650398 ], [ 142.822638950227997, 43.4825107595641 ], [ 142.822723939757992, 43.482533540290802 ], [ 142.822848379849006, 43.482536880372898 ], [ 142.822966139776014, 43.482565500397698 ], [ 142.823073349754992, 43.482606329618598 ], [ 142.823125559896994, 43.482636050413603 ], [ 142.823168890131996, 43.482650499820899 ], [ 142.823248329947006, 43.4826627198088 ], [ 142.823294430093995, 43.4826793896423 ], [ 142.823358030148995, 43.482714939842801 ], [ 142.823426080050012, 43.482742440211602 ], [ 142.82352134973101, 43.482774670115099 ], [ 142.823602720389005, 43.482814670161098 ], [ 142.823642720435004, 43.4828429997048 ], [ 142.823684379729997, 43.482884939588502 ], [ 142.823737150150009, 43.482952990388398 ], [ 142.823782969707992, 43.4829882698929 ], [ 142.823909069948002, 43.4830510398738 ], [ 142.823987669795002, 43.483094100312698 ], [ 142.824033219558004, 43.483147150420798 ], [ 142.824054879729005, 43.483169369970597 ], [ 142.824080430368014, 43.4831954799876 ], [ 142.824170689926007, 43.483260759976197 ], [ 142.824210410282006, 43.483299089981202 ], [ 142.824272340296005, 43.483361029887803 ], [ 142.824320390173995, 43.483421020064199 ], [ 142.824396769595012, 43.483482409585697 ], [ 142.824474810064999, 43.483550740074698 ], [ 142.824528409658996, 43.483627120395496 ], [ 142.824576179847014, 43.483691840106502 ], [ 142.824678949873999, 43.483770170157399 ], [ 142.82471143968101, 43.483808219573902 ], [ 142.824732269778991, 43.483852659572698 ], [ 142.82479892033399, 43.483919880298401 ], [ 142.824812529774988, 43.483943769889201 ], [ 142.82483890958801, 43.484030149771698 ], [ 142.824868070104998, 43.484094310104503 ], [ 142.82492250966601, 43.484162360005101 ], [ 142.824997219945999, 43.484262909605803 ], [ 142.825066099921003, 43.484326239864203 ], [ 142.825119700414007, 43.484362630031498 ], [ 142.825179970280004, 43.484410130423299 ], [ 142.825259119613008, 43.484474850134397 ], [ 142.825340500164003, 43.484551229555798 ], [ 142.825442979710004, 43.484622890234398 ], [ 142.825562690265997, 43.484735110337198 ], [ 142.825627679773987, 43.484772329679501 ], [ 142.825659059818008, 43.484796220169599 ], [ 142.825767379561, 43.484899820270599 ], [ 142.825814319675004, 43.4849350997752 ], [ 142.825899859591004, 43.484983149652798 ], [ 142.825948459854004, 43.485026759577501 ], [ 142.826039560277991, 43.485111480210797 ], [ 142.826121770003994, 43.485163979933901 ], [ 142.82617148992199, 43.485188150113203 ], [ 142.826229540261011, 43.485214260130199 ], [ 142.826282860166003, 43.485221200198403 ], [ 142.826416459851998, 43.485236209883297 ], [ 142.826630879811006, 43.485312039819 ], [ 142.826690309709988, 43.4853520398649 ], [ 142.826759470273004, 43.485420650043103 ], [ 142.826806129798996, 43.4854942496601 ], [ 142.826828899734011, 43.485557579918499 ], [ 142.826882219639003, 43.485637570117902 ], [ 142.826956660121994, 43.485699519917098 ], [ 142.826981369895009, 43.485736459570099 ], [ 142.827012759831007, 43.485828669757502 ], [ 142.827057740322999, 43.485998100232301 ], [ 142.827091900171013, 43.486063929706702 ], [ 142.827123850385988, 43.486090869797998 ], [ 142.827233000202995, 43.4861625295773 ], [ 142.82727744020201, 43.486195860250902 ], [ 142.827354090319005, 43.486272799949901 ], [ 142.827412139758991, 43.486319470267503 ], [ 142.82748712972699, 43.486359740110103 ], [ 142.827609059809987, 43.486438070161 ], [ 142.827755709559, 43.486495290425502 ], [ 142.827778480392993, 43.486512519637202 ], [ 142.827808759666993, 43.4865502902638 ], [ 142.827846809981992, 43.4866144496972 ], [ 142.827859299766999, 43.486635279794498 ], [ 142.827879299789998, 43.486663889926703 ], [ 142.827962059901012, 43.486813879756902 ], [ 142.828014840213001, 43.486873600136697 ], [ 142.828056500407001, 43.486903040343201 ], [ 142.828092330297011, 43.486918600413198 ], [ 142.828148709695, 43.4869341496914 ], [ 142.828195090430995, 43.486934989658202 ], [ 142.828288139686009, 43.4869172100613 ], [ 142.828405350127014, 43.486909719608001 ], [ 142.828495619577012, 43.486893059667104 ], [ 142.828552560153014, 43.486902780439202 ], [ 142.828659490442988, 43.486959450318501 ], [ 142.828778360132986, 43.487061660067802 ], [ 142.828908900326013, 43.487143330200702 ], [ 142.829005830155012, 43.487175550211603 ], [ 142.829134710199014, 43.487221379663097 ], [ 142.829172759615005, 43.487246100227502 ], [ 142.829193030334011, 43.4872869303478 ], [ 142.829186360063005, 43.487434689859199 ], [ 142.829203299693006, 43.487478299783902 ], [ 142.829273290330008, 43.487573850053302 ], [ 142.829326620128001, 43.487608289591002 ], [ 142.829374109728008, 43.487628570202503 ], [ 142.82942411023501, 43.48762080006 ], [ 142.82957964978101, 43.487581360291699 ], [ 142.829636309768006, 43.487578309791303 ], [ 142.829718800082986, 43.487584980062898 ], [ 142.829858230073, 43.487585540340604 ], [ 142.829950450153007, 43.487586099718897 ], [ 142.829965170256997, 43.487586929793203 ], [ 142.830009329667007, 43.487594160342397 ], [ 142.830075990115006, 43.487615549817903 ], [ 142.830175980337003, 43.487638600341299 ], [ 142.830216799666005, 43.487655829552999 ], [ 142.83026235032699, 43.487683599718501 ], [ 142.830330119639001, 43.487707769897803 ], [ 142.830377059753999, 43.487738599556899 ], [ 142.830397059776999, 43.487761099695099 ], [ 142.83043454981501, 43.487849420314703 ], [ 142.830480380165994, 43.4879077503426 ], [ 142.830517319818995, 43.487907199957498 ], [ 142.830664810433007, 43.487934419737797 ], [ 142.83072229959501, 43.487953870275099 ], [ 142.830873949573004, 43.488021369790502 ], [ 142.83098809962101, 43.488043309651196 ], [ 142.831053369717011, 43.488063039877503 ], [ 142.83115892044799, 43.4881166502634 ], [ 142.831269459717987, 43.488159979599601 ], [ 142.831413610249996, 43.488238869928097 ], [ 142.831667190289011, 43.488413860011804 ], [ 142.831733289559992, 43.488448300448901 ], [ 142.831794670087987, 43.488467740194203 ], [ 142.83183439044501, 43.488469129646802 ], [ 142.831887439653997, 43.4884671898091 ], [ 142.831980489807989, 43.488447750063798 ], [ 142.832094090369992, 43.488437760394497 ], [ 142.832135469976009, 43.488428869696698 ], [ 142.832199359613014, 43.488406380350298 ], [ 142.832291290110987, 43.488398049930296 ], [ 142.832383500298988, 43.488396389781698 ], [ 142.832600709954988, 43.4883700099682 ], [ 142.832708750009004, 43.488368630408203 ], [ 142.832810410272003, 43.488376410443202 ], [ 142.832876790131991, 43.488393080276602 ], [ 142.833066770116005, 43.4884636302925 ], [ 142.833116759831, 43.488475579584502 ], [ 142.833170649906009, 43.488472520090902 ], [ 142.833236470386993, 43.488488359850102 ], [ 142.833328409877993, 43.488525300402401 ], [ 142.833550330184011, 43.4885644703742 ], [ 142.833637259552006, 43.488588090168399 ], [ 142.833713639872997, 43.488625859895699 ], [ 142.833791129957007, 43.4886764197811 ], [ 142.833853630140993, 43.488708360102898 ], [ 142.833932509677993, 43.488739189762001 ], [ 142.833984719819, 43.488764190015502 ], [ 142.834054990146001, 43.488788360194903 ], [ 142.834116650363001, 43.488799470419401 ], [ 142.834251640400993, 43.488817250016297 ], [ 142.834355239603013, 43.488842809648098 ], [ 142.834503839979988, 43.488880309578803 ], [ 142.834651880080003, 43.488899760115999 ], [ 142.834766870094995, 43.488920039828102 ], [ 142.834883239670006, 43.488945880048497 ], [ 142.834925460141989, 43.488963370063601 ], [ 142.834961010342994, 43.488988099621302 ], [ 142.834986009696991, 43.489021149706403 ], [ 142.835000999597014, 43.489085310039201 ], [ 142.834993230353007, 43.489152519972997 ], [ 142.834958229639, 43.489219739799303 ], [ 142.834843510320013, 43.489386930062899 ], [ 142.834848229962006, 43.489406930085899 ], [ 142.834875449741986, 43.489469979755903 ], [ 142.834906829787002, 43.489566639788698 ], [ 142.834921270200994, 43.489636630426297 ], [ 142.83497292995699, 43.489748839737302 ], [ 142.835004319894011, 43.489781059748303 ], [ 142.835045140120997, 43.489800229697003 ], [ 142.83508624993101, 43.489804669649999 ], [ 142.835177630044001, 43.489799959900402 ], [ 142.835270399608987, 43.489804960131003 ], [ 142.835389000401989, 43.489789409953502 ], [ 142.835492050118006, 43.489795519947499 ], [ 142.835741469893009, 43.489790540401302 ], [ 142.835837569647992, 43.489788599664301 ], [ 142.83596423016499, 43.489767489877899 ], [ 142.836113380028991, 43.489769439608096 ], [ 142.836156429676009, 43.489753060255701 ], [ 142.836191710079987, 43.489723620049197 ], [ 142.836221980359994, 43.489692509801699 ], [ 142.836248930343999, 43.489616689758599 ], [ 142.836290030261011, 43.489543639627399 ], [ 142.836307260371996, 43.489520590003401 ], [ 142.836368919689988, 43.489472540125803 ], [ 142.836406139931995, 43.489420329984398 ], [ 142.836507519605988, 43.489346730367501 ], [ 142.836562520343989, 43.489270350046802 ], [ 142.836612789749012, 43.489230920171003 ], [ 142.836730279878992, 43.489164820000603 ], [ 142.836787779832008, 43.4891187099607 ], [ 142.836862220314998, 43.4890809402334 ], [ 142.837023320370008, 43.489027620328599 ], [ 142.837303850392999, 43.488983469911403 ], [ 142.837411060372006, 43.488948759677697 ], [ 142.837565490154986, 43.488912380302303 ], [ 142.837631870015002, 43.488878779832 ], [ 142.837834079879002, 43.488827680353303 ], [ 142.837887409676, 43.488802959788899 ], [ 142.83793463037901, 43.488768799940303 ], [ 142.837957400313996, 43.4887346400917 ], [ 142.837986290135007, 43.488657150007597 ], [ 142.838020729672991, 43.488612440212101 ], [ 142.838032119587012, 43.488583830079797 ], [ 142.838061569686005, 43.488512449989699 ], [ 142.838081569709004, 43.488486619661998 ], [ 142.838094070284995, 43.488447459582702 ], [ 142.838119340334998, 43.488408300402902 ], [ 142.838180169579005, 43.488351920105202 ], [ 142.838214610015996, 43.488303589639102 ], [ 142.83825433037299, 43.488228880258802 ], [ 142.838309049623007, 43.488191109632197 ], [ 142.838405990244013, 43.488118619778703 ], [ 142.838450989622004, 43.488076130409198 ], [ 142.83855819960101, 43.488052249811602 ], [ 142.838677080082988, 43.488021420152599 ], [ 142.838872890371988, 43.488018099855601 ], [ 142.838963440410993, 43.488004219719102 ], [ 142.839033430148987, 43.487982549655101 ], [ 142.839110369847987, 43.487945899583799 ], [ 142.839239810169005, 43.487916739965698 ], [ 142.839332850430992, 43.4878775798866 ], [ 142.839466450116987, 43.4878645298244 ], [ 142.839567550102998, 43.487837319936503 ], [ 142.839598389653986, 43.487832870090998 ], [ 142.839831420183998, 43.487834829713798 ], [ 142.839883079939995, 43.4878281603415 ], [ 142.839950020077993, 43.487829000308302 ], [ 142.840056669780012, 43.4878414999854 ], [ 142.840092499668998, 43.487853999662498 ], [ 142.840128329559008, 43.487891219904 ], [ 142.840179439829996, 43.487928170348901 ], [ 142.840215540414988, 43.487994550208498 ], [ 142.840194429728996, 43.488066479784401 ], [ 142.840211099562993, 43.488122869974603 ], [ 142.840215820103992, 43.488204520322498 ], [ 142.840231649971003, 43.488231740102897 ], [ 142.840264420366992, 43.488268960344399 ], [ 142.840304969898995, 43.488292849935199 ], [ 142.840351079939012, 43.4883073002419 ], [ 142.840407739925013, 43.488315629762702 ], [ 142.840469119554001, 43.488313129647402 ], [ 142.840554949951013, 43.488289249949098 ], [ 142.84067021965501, 43.488262590446404 ], [ 142.840701599699003, 43.4882498200733 ], [ 142.840800480158009, 43.488196769965199 ], [ 142.840937419926007, 43.488138730418299 ], [ 142.84101184961699, 43.488100129717402 ], [ 142.841107679575998, 43.488043190041402 ], [ 142.841222110211987, 43.488009870159502 ], [ 142.841290160113005, 43.4879823697907 ], [ 142.841362099581005, 43.487942939914902 ], [ 142.841403489979001, 43.487914329782697 ], [ 142.841491539902989, 43.487890170395197 ], [ 142.841579310137007, 43.487877950407302 ], [ 142.841615690411999, 43.487866289797601 ], [ 142.841679580049004, 43.487836020416196 ], [ 142.841823729682005, 43.4877901999579 ], [ 142.841870669796009, 43.4877635395559 ], [ 142.841903450084004, 43.487736600364002 ], [ 142.841936779858997, 43.487700489885903 ], [ 142.842005940422013, 43.487648000055302 ], [ 142.842083989884003, 43.4876188404373 ], [ 142.842224529638997, 43.487543579772499 ], [ 142.842340079931006, 43.487491920016303 ], [ 142.842474790279994, 43.487432490117499 ], [ 142.842555620446007, 43.4873811100504 ], [ 142.842668110344988, 43.487316119643403 ], [ 142.842808370410012, 43.487240580188796 ], [ 142.842925029566999, 43.487170600343099 ], [ 142.843035579628008, 43.487113940356203 ], [ 142.843097520433986, 43.487054780254098 ], [ 142.843220839970002, 43.486965359763701 ], [ 142.843253899947996, 43.486930920226001 ], [ 142.843349999703008, 43.486812320332497 ], [ 142.843421660382006, 43.4867520603595 ], [ 142.84348915989699, 43.486660129861299 ], [ 142.843519989556, 43.486557359834499 ], [ 142.843557209798007, 43.486495699617002 ], [ 142.843582210051011, 43.486421269925799 ], [ 142.843628320091, 43.486322390366198 ], [ 142.84365636994599, 43.486298230079399 ], [ 142.843800249781992, 43.486214360204698 ], [ 142.84397829036601, 43.4861138195973 ], [ 142.844098279712, 43.4860524498608 ], [ 142.844205780173013, 43.485961909714497 ], [ 142.84433993024399, 43.485904139964198 ], [ 142.844418260294987, 43.4858513704446 ], [ 142.844491580222012, 43.485809720142598 ], [ 142.844549080175995, 43.485764450069503 ], [ 142.844581019598991, 43.485723619949297 ], [ 142.844599360372001, 43.485710569886997 ], [ 142.844652680276994, 43.485685010255203 ], [ 142.844704619722989, 43.485673630233997 ], [ 142.844904610060013, 43.485657249982197 ], [ 142.844971269609005, 43.485645869961097 ], [ 142.845095420118014, 43.485600879577099 ], [ 142.845225970202989, 43.485513120134598 ], [ 142.845264019619009, 43.485485340076501 ], [ 142.845376510417992, 43.485413690189802 ], [ 142.845417069842, 43.485379530341199 ], [ 142.845499560157009, 43.485273709814003 ], [ 142.845544840121988, 43.485221499672697 ], [ 142.845597060155995, 43.485180389863302 ], [ 142.845609829630007, 43.485150949656799 ], [ 142.845612059948991, 43.485100399663899 ], [ 142.845585949932001, 43.4850354101562 ], [ 142.845509299814012, 43.484907919565003 ], [ 142.845500130326997, 43.484855429734502 ], [ 142.845498470178001, 43.484750440180797 ], [ 142.845490690143009, 43.484707940019597 ], [ 142.845466250167988, 43.484647670153997 ], [ 142.845455419632003, 43.484554629892401 ], [ 142.845434870123, 43.484488800417999 ], [ 142.845374879947002, 43.484388529607102 ], [ 142.845353500364013, 43.484295490244797 ], [ 142.845307670013, 43.484212439652502 ], [ 142.845299339592998, 43.484182440067698 ], [ 142.84530156991201, 43.4840249597842 ], [ 142.845310180020988, 43.483990239657999 ], [ 142.845332959848008, 43.483953030208298 ], [ 142.845375729805994, 43.483907480446 ], [ 142.845443230221008, 43.483827490246703 ], [ 142.845579330021991, 43.4837713896381 ], [ 142.845648209996995, 43.483734729674197 ], [ 142.845700430031002, 43.4837166802807 ], [ 142.845792089832997, 43.483693359960697 ], [ 142.845908470199987, 43.483641700204501 ], [ 142.846030949768988, 43.4836194896479 ], [ 142.846061790220006, 43.483616990431898 ], [ 142.846293149808986, 43.4836386595966 ], [ 142.846344539769007, 43.483650609788 ], [ 142.846426200009006, 43.483681440346302 ], [ 142.846559240316992, 43.483713940046499 ], [ 142.846630620407012, 43.483745880368197 ], [ 142.846693670077002, 43.483758380045302 ], [ 142.846782550075005, 43.483730609879899 ], [ 142.846864769694008, 43.483701450261897 ], [ 142.846921710268987, 43.483632849976203 ], [ 142.846939489866003, 43.483533420031399 ], [ 142.846951709854011, 43.483503149750703 ], [ 142.846967549612998, 43.483449259675801 ], [ 142.847093649852013, 43.483314839808202 ], [ 142.847184479579994, 43.483209860147099 ], [ 142.847243639682006, 43.483129869947703 ], [ 142.847256419947996, 43.483081259792499 ], [ 142.84725254027299, 43.4830201598527 ], [ 142.847228649783005, 43.482944890194702 ], [ 142.847196710360009, 43.4828732304154 ], [ 142.847189489702998, 43.482795180053699 ], [ 142.847169780161011, 43.482708800171203 ], [ 142.847183670189992, 43.4826479799205 ], [ 142.847246159582994, 43.482559379611899 ], [ 142.847297550441994, 43.4825157795797 ], [ 142.847387819891992, 43.482432460090102 ], [ 142.847486429654992, 43.482363019837599 ], [ 142.847621700280996, 43.482279149962899 ], [ 142.847746129580003, 43.482206390312903 ], [ 142.84785168031101, 43.482136950060401 ], [ 142.847918900136989, 43.482078629924999 ], [ 142.848017500008012, 43.482009470260998 ], [ 142.848045000376999, 43.481944210057399 ], [ 142.848033339766999, 43.481855880444698 ], [ 142.848053339789999, 43.481733679665801 ], [ 142.84806111982499, 43.481617859576701 ], [ 142.848057519838989, 43.481516479901799 ], [ 142.848051960230009, 43.481475370092397 ], [ 142.848062799758992, 43.481403990002299 ], [ 142.848054189648991, 43.481321499687603 ], [ 142.84805918987999, 43.481276510203003 ], [ 142.848072800219995, 43.481245679644601 ], [ 142.848103360082007, 43.481201239645699 ], [ 142.848165850373988, 43.481142080442901 ], [ 142.848242790072987, 43.481094039558499 ], [ 142.848326679732992, 43.481053490026703 ], [ 142.848373619846996, 43.4810193301781 ], [ 142.84841555973, 43.4809701696378 ], [ 142.848473059684011, 43.480876569997903 ], [ 142.848518610345991, 43.480822410126301 ], [ 142.848538059984008, 43.480782419972897 ], [ 142.848575280224992, 43.480706039652098 ], [ 142.848653329688005, 43.4805968898348 ], [ 142.849025530304004, 43.480423870165602 ], [ 142.849482160174006, 43.480231409851903 ], [ 142.850057669626011, 43.479993120086597 ], [ 142.850687630329986, 43.479729289575197 ], [ 142.851312580012006, 43.479473509794801 ], [ 142.851358129774013, 43.479474070072499 ], [ 142.852202510437991, 43.479383830299703 ], [ 142.852976609982989, 43.479315810076699 ], [ 142.853817369976014, 43.479245580219498 ], [ 142.853822929584993, 43.479255020403102 ], [ 142.853894860059995, 43.479407780145102 ], [ 142.853950689973004, 43.479528599565398 ], [ 142.853952070432001, 43.479536099911201 ], [ 142.854016790142992, 43.479696359999203 ], [ 142.854060669863998, 43.479863570047897 ], [ 142.854091489631003, 43.479985500130901 ], [ 142.854131479784002, 43.480180480344998 ], [ 142.85413397989899, 43.480281850127398 ], [ 142.854135079770003, 43.480492109823203 ], [ 142.854120359667007, 43.480772350263898 ], [ 142.854128959884008, 43.480850670422299 ], [ 142.854145070339001, 43.480994269669999 ], [ 142.854175890105012, 43.481161200029497 ], [ 142.854202549608004, 43.481355619966102 ], [ 142.854207819635008, 43.481587260144103 ], [ 142.854223369813013, 43.481740019886203 ], [ 142.854230030192014, 43.481896390406199 ], [ 142.854199470329007, 43.482097469822499 ], [ 142.854189469868004, 43.482157469891497 ], [ 142.854928580390009, 43.481980850236198 ], [ 142.855322719968001, 43.4818778203053 ], [ 142.856844819832986, 43.481479870299999 ], [ 142.858211659840009, 43.481156349985703 ], [ 142.859543769829003, 43.480916700445597 ], [ 142.85979041969199, 43.480872550028302 ], [ 142.85980402013999, 43.480920050420103 ], [ 142.8598109701, 43.480944490396098 ], [ 142.860544500329013, 43.481554169589401 ], [ 142.860890279762998, 43.482056340228098 ], [ 142.861077200252993, 43.482325760026001 ], [ 142.861487979986009, 43.482918210007497 ], [ 142.861644069917986, 43.4832165196269 ], [ 142.862152880250989, 43.484368339827199 ], [ 142.86521231, 43.485089489988098 ], [ 142.870399040183997, 43.486312889928101 ], [ 142.871050379572011, 43.486047669964101 ], [ 142.871458679873996, 43.485815490192898 ], [ 142.871659779975005, 43.485649409692698 ], [ 142.871874770104995, 43.485436940362703 ], [ 142.872056149872009, 43.485192529811599 ], [ 142.872239750065006, 43.484848409626601 ], [ 142.872444739732998, 43.484510949820603 ], [ 142.872742499867002, 43.484052960176101 ], [ 142.872990549973991, 43.4836907896984 ], [ 142.873193589912006, 43.4834405497418 ], [ 142.873455229674988, 43.483811899599601 ], [ 142.87390821998801, 43.484644050382798 ], [ 142.87422400973, 43.4850909495878 ], [ 142.874503420097, 43.485440370376999 ], [ 142.875349719913999, 43.486321140308497 ], [ 142.876043810374, 43.487106080281499 ], [ 142.876530709625001, 43.487573830268197 ], [ 142.876825389580006, 43.4880079599995 ], [ 142.876989540135014, 43.488340430366698 ], [ 142.87716673985301, 43.488841770031897 ], [ 142.877190339863006, 43.4893131101121 ], [ 142.877186720091004, 43.489458380300199 ], [ 142.877076449718999, 43.489576419915998 ], [ 142.876923129699009, 43.489756939930999 ], [ 142.876674260308988, 43.490034399667998 ], [ 142.876552879711994, 43.490180769726898 ], [ 142.87644232964999, 43.490387690239899 ], [ 142.876370390181989, 43.490488509637203 ], [ 142.876493750186995, 43.490747279663402 ], [ 142.876598409688995, 43.490979019666199 ], [ 142.876631729570988, 43.491633680250303 ], [ 142.876664769763011, 43.492261110262199 ], [ 142.876837530427991, 43.492774960396297 ], [ 142.877963530193, 43.493247180013498 ], [ 142.880159699811003, 43.494193579770098 ], [ 142.880266639994005, 43.494245799803998 ], [ 142.881473450139993, 43.495070499703999 ], [ 142.882669159953991, 43.495874370406099 ], [ 142.882936079637005, 43.496045479915203 ], [ 142.884250359666993, 43.498096749865297 ], [ 142.885382720335997, 43.4999627495814 ], [ 142.885524090165006, 43.500196069692997 ], [ 142.886948090181988, 43.502496780102497 ], [ 142.888500130277009, 43.504823870325502 ], [ 142.889901079770993, 43.506910700368699 ], [ 142.889943579932009, 43.506975980357403 ], [ 142.890767109813993, 43.507424869762097 ], [ 142.891105420379006, 43.507634599757097 ], [ 142.891644810359992, 43.508068480376203 ], [ 142.891902010170014, 43.508310690286301 ], [ 142.892015890420993, 43.508418189847802 ], [ 142.892565279964003, 43.508894850317198 ], [ 142.892732490013003, 43.509042340032103 ], [ 142.892909410041, 43.509271220190797 ], [ 142.893354089719992, 43.509764260012702 ], [ 142.893736280004987, 43.510184520399498 ], [ 142.893949869891003, 43.510472000382698 ], [ 142.894039579962993, 43.5105736696393 ], [ 142.894197630415988, 43.510710610306603 ], [ 142.894332609662001, 43.510797830155902 ], [ 142.894468159978004, 43.510855890387198 ], [ 142.894688689931002, 43.510911449603903 ], [ 142.894787020004998, 43.510929239992599 ], [ 142.895646680150008, 43.510926790239402 ], [ 142.896409119985009, 43.510925729938698 ], [ 142.897067400340006, 43.510931050327898 ], [ 142.897475150258003, 43.510991349871098 ], [ 142.898500059930001, 43.511182509765199 ], [ 142.899558029579993, 43.511377560126398 ], [ 142.900616000127997, 43.5115703900616 ], [ 142.901310390063003, 43.511709310136702 ], [ 142.901469269691006, 43.511692099810702 ], [ 142.901398439985996, 43.511754310413302 ], [ 142.901331769645992, 43.511875680218601 ], [ 142.901321490394992, 43.5119462302345 ], [ 142.901284270153013, 43.512056770403802 ], [ 142.901268710083002, 43.512142039623598 ], [ 142.901143719607006, 43.512383959951897 ], [ 142.901034829693998, 43.5125381001534 ], [ 142.900979560059, 43.512594479551801 ], [ 142.900949279884998, 43.512616700000898 ], [ 142.900890949857995, 43.512642249740203 ], [ 142.900871789800988, 43.512647249970797 ], [ 142.901259250114009, 43.513195279738497 ], [ 142.901695870069005, 43.513818019786001 ], [ 142.901714469847008, 43.513920240327003 ], [ 142.901698639979998, 43.514078830373897 ], [ 142.901660030285996, 43.5141865997319 ], [ 142.901679190343003, 43.514409910389197 ], [ 142.901703070041009, 43.514813490150601 ], [ 142.901702220181988, 43.515249559719599 ], [ 142.901711660365009, 43.515523139781202 ], [ 142.901764429884992, 43.515804779567098 ], [ 142.901816919715003, 43.516170860297102 ], [ 142.901816909822998, 43.516408900050898 ], [ 142.901881349845013, 43.516700819987001 ], [ 142.901988000446011, 43.5170435696052 ], [ 142.902009659718004, 43.517087739807501 ], [ 142.902095490114988, 43.517161350216298 ], [ 142.902175490206986, 43.517216619851297 ], [ 142.90223743011299, 43.517273840115799 ], [ 142.902600460342995, 43.517566060425501 ], [ 142.902799330124992, 43.517741060401796 ], [ 142.903147359662995, 43.517988280434999 ], [ 142.903557339900004, 43.518173569554698 ], [ 142.903683160449987, 43.518215239641798 ], [ 142.903818709865988, 43.518198030215103 ], [ 142.903985929806993, 43.518151930067702 ], [ 142.904064529654988, 43.5181202703344 ], [ 142.904135089562999, 43.518076949991404 ], [ 142.904269799911987, 43.517942520231301 ], [ 142.904461180139009, 43.517747000423903 ], [ 142.904556730409013, 43.517654790236499 ], [ 142.904635059561002, 43.517561189697297 ], [ 142.904706730132006, 43.517380659789801 ], [ 142.904905340010004, 43.516871280185597 ], [ 142.905127000410999, 43.516325790103302 ], [ 142.905196439764012, 43.516162750210903 ], [ 142.90523476976901, 43.5160674796306 ], [ 142.905343379993013, 43.515946670102899 ], [ 142.905470589996014, 43.515837239696999 ], [ 142.905622529556013, 43.515709210411899 ], [ 142.905682519733006, 43.515668659980903 ], [ 142.905781410083989, 43.515623950185301 ], [ 142.90587362027199, 43.515593959593701 ], [ 142.905961670195012, 43.515572580010698 ], [ 142.90625137959799, 43.515519820383602 ], [ 142.906361089693007, 43.515508720051599 ], [ 142.906493860203994, 43.515510399985097 ], [ 142.906787180383986, 43.515527909785398 ], [ 142.906886059943986, 43.515539309591603 ], [ 142.907065769669998, 43.515572369569398 ], [ 142.907151600065987, 43.515598760174797 ], [ 142.907532689582013, 43.515669890253399 ], [ 142.907655459631997, 43.515706839799002 ], [ 142.907721010317005, 43.515718789990302 ], [ 142.907758510246993, 43.515716569564198 ], [ 142.907830720411994, 43.515704349576303 ], [ 142.908492070152988, 43.515607739905398 ], [ 142.909571969771008, 43.515442520056403 ], [ 142.910210250103006, 43.515442539841501 ], [ 142.910526600123006, 43.515442549734097 ], [ 142.910852410111005, 43.515611160027198 ], [ 142.910864899894989, 43.515609489986197 ], [ 142.910900459988, 43.515247860000898 ], [ 142.910957670360006, 43.515013170221799 ], [ 142.911019610267005, 43.514800129822298 ], [ 142.911113219799006, 43.514590989782498 ], [ 142.911219040327012, 43.514385740209903 ], [ 142.911389299976008, 43.514143270395799 ], [ 142.911662059856013, 43.513941629802602 ], [ 142.911840370237002, 43.513785260181798 ], [ 142.912033690302991, 43.513620290344299 ], [ 142.912270610401009, 43.5133717096368 ], [ 142.912460600277001, 43.513143959925998 ], [ 142.912583640122989, 43.5129317702851 ], [ 142.912637249609986, 43.512754010289498 ], [ 142.912688080191003, 43.5125145900764 ], [ 142.912741409988001, 43.512235460298399 ], [ 142.912743910104012, 43.512215460275499 ], [ 142.912765859856989, 43.512050479646099 ], [ 142.912788350102005, 43.5118313301519 ], [ 142.912815579775014, 43.511730509855298 ], [ 142.912847799785993, 43.5115258097685 ], [ 142.912891680407, 43.511350000402402 ], [ 142.912968620106, 43.511110299600801 ], [ 142.913605510086001, 43.511314749676103 ], [ 142.914301550276008, 43.511539760052102 ], [ 142.914782340432993, 43.511697539809802 ], [ 142.915207299776995, 43.511835039855399 ], [ 142.91567503987099, 43.511807009785898 ], [ 142.916423579785004, 43.511761489701101 ], [ 142.916778279594013, 43.511735670165201 ], [ 142.917214070373007, 43.511705409777001 ], [ 142.917939559762999, 43.511657389577003 ], [ 142.917863739719991, 43.511437970286202 ], [ 142.917807079732995, 43.511207439871598 ], [ 142.917794580056011, 43.511072170144701 ], [ 142.917799590178987, 43.510811919834403 ], [ 142.917797090063999, 43.510678330041102 ], [ 142.917781539885993, 43.510471680224001 ], [ 142.917748489800999, 43.510262809980901 ], [ 142.917729890022997, 43.510078939991303 ], [ 142.917721559602001, 43.509873950322699 ], [ 142.917716839960008, 43.509729799790598 ], [ 142.917756840006007, 43.509550379646498 ], [ 142.917854060317012, 43.509343180343599 ], [ 142.917960999601007, 43.509139310331101 ], [ 142.918097659679006, 43.508934340447603 ], [ 142.918228479561009, 43.508756030066898 ], [ 142.91834041997501, 43.508622430381003 ], [ 142.918560129745998, 43.508360519922199 ], [ 142.918637340141004, 43.508255810057697 ], [ 142.919486980040006, 43.508635820386999 ], [ 142.919544479993988, 43.508661370126298 ], [ 142.920221080439006, 43.508968039843403 ], [ 142.920309410051004, 43.508996370286397 ], [ 142.921134059589008, 43.508924199692203 ], [ 142.92168816967299, 43.508881169830303 ], [ 142.922021759697003, 43.508665370310801 ], [ 142.922137860373994, 43.508590380342 ], [ 142.922323959783, 43.508385409559203 ], [ 142.922452290340999, 43.508196550130798 ], [ 142.922594500136, 43.5080262895818 ], [ 142.922621999606008, 43.507834639557103 ], [ 142.922721729924007, 43.507445240305699 ], [ 142.922927820362986, 43.5072985995509 ], [ 142.92315224977699, 43.507136680213797 ], [ 142.923499169551008, 43.506886999635498 ], [ 142.923678599587987, 43.506746739570502 ], [ 142.923660829884, 43.506370670070503 ], [ 142.923657790175014, 43.5060257000262 ], [ 142.923647240228007, 43.505788500239198 ], [ 142.923639470085988, 43.505323830430598 ], [ 142.923631699943002, 43.504956919626302 ], [ 142.923959459662001, 43.504863609568098 ], [ 142.92444135958101, 43.504695590129501 ], [ 142.924774120428992, 43.504581170285 ], [ 142.92489326980899, 43.504540350057297 ], [ 142.925225750068989, 43.504424260171596 ], [ 142.925754599995003, 43.504248469691298 ], [ 142.925794600041002, 43.504109039700602 ], [ 142.925820710057991, 43.503982950253103 ], [ 142.925817379867993, 43.503899059694 ], [ 142.925805720157996, 43.503755470338803 ], [ 142.925804610395005, 43.503654370353097 ], [ 142.925828210404006, 43.503760469670098 ], [ 142.925929029801011, 43.504006839844003 ], [ 142.926079839813013, 43.504370700147902 ], [ 142.926139560193008, 43.504486799925999 ], [ 142.926305920381992, 43.5047834404036 ], [ 142.926440350142002, 43.504977040158501 ], [ 142.926616170300008, 43.505164529919298 ], [ 142.926821419872994, 43.505362569627003 ], [ 142.927070839647996, 43.505547839861102 ], [ 142.927423860423005, 43.505796999731899 ], [ 142.92772881962901, 43.506030319843497 ], [ 142.927982129871992, 43.506239479668402 ], [ 142.928210990244992, 43.506396700047802 ], [ 142.928422080014997, 43.506517530259998 ], [ 142.928640119746007, 43.506649739594003 ], [ 142.928836480418994, 43.5068066802842 ], [ 142.928931750099991, 43.506920010150502 ], [ 142.929039229876992, 43.507118049858299 ], [ 142.929114780123001, 43.507226099804797 ], [ 142.929183380409, 43.5072627597687 ], [ 142.929306149559011, 43.507283880347003 ], [ 142.929621959986008, 43.507276110204501 ], [ 142.930054700264009, 43.507246130404802 ], [ 142.930451609753987, 43.507235319654498 ], [ 142.930666310302001, 43.507250049650203 ], [ 142.931210699614013, 43.507368670228097 ], [ 142.931520390153992, 43.507447570449202 ], [ 142.931983960091998, 43.507563959809097 ], [ 142.932416419781987, 43.507668970047099 ], [ 142.932768329894998, 43.507773140318399 ], [ 142.932946919964991, 43.507826759697402 ], [ 142.933054690222008, 43.507883419684198 ], [ 142.933114399809995, 43.507935639718099 ], [ 142.93317578033799, 43.508043409975599 ], [ 142.933214110342988, 43.508240609716601 ], [ 142.933226600127995, 43.508374769680003 ], [ 142.933215210214001, 43.508576689962403 ], [ 142.933227699999009, 43.5086591802771 ], [ 142.93326825042999, 43.508795559767499 ], [ 142.933276300261014, 43.508822220169499 ], [ 142.933302400385998, 43.509044699853199 ], [ 142.933348790114991, 43.509131360324197 ], [ 142.933421279968002, 43.509191360393103 ], [ 142.933571539594993, 43.509246909717298 ], [ 142.934078439768001, 43.5093944201166 ], [ 142.934255920075003, 43.509448589880698 ], [ 142.934384800119005, 43.509505529556698 ], [ 142.934463950350988, 43.509562200335402 ], [ 142.93450950011399, 43.509616079618503 ], [ 142.934558380064999, 43.509704689819699 ], [ 142.934634479798007, 43.509913280373802 ], [ 142.934705580198994, 43.510114369682597 ], [ 142.934767229623986, 43.510299360227499 ], [ 142.934848329586998, 43.510488230447699 ], [ 142.934930540212008, 43.510637939689303 ], [ 142.935046919679991, 43.510793210338498 ], [ 142.935170509910989, 43.510950419926097 ], [ 142.935292439993987, 43.511077350239702 ], [ 142.935431590295991, 43.5111917898694 ], [ 142.935624619880997, 43.511321230190802 ], [ 142.935812660025988, 43.511450669612898 ], [ 142.935981249635006, 43.511572609588399 ], [ 142.936171500314998, 43.511718149573099 ], [ 142.936342039653994, 43.511868699680903 ], [ 142.936473409920012, 43.512004800381398 ], [ 142.936580059622003, 43.512154509623102 ], [ 142.936689210339011, 43.512304500352599 ], [ 142.936800309886991, 43.512473929928099 ], [ 142.936911119851999, 43.512652529890502 ], [ 142.93700443980299, 43.512855839625402 ], [ 142.937093040111989, 43.513048319724398 ], [ 142.937168850261997, 43.513253019811202 ], [ 142.937223010134005, 43.513448839992101 ], [ 142.937267159652009, 43.513647979570699 ], [ 142.937272720159996, 43.513678540332499 ], [ 142.937943480407995, 43.5139738102433 ], [ 142.939166689691007, 43.514497970205397 ], [ 142.940116309920001, 43.5149168501327 ], [ 142.941008170291013, 43.515296009703299 ], [ 142.941928909691995, 43.515692949769999 ], [ 142.942912699662003, 43.516130169571902 ], [ 142.943609849615001, 43.516424610307702 ], [ 142.944256480153001, 43.515868869752701 ], [ 142.944828680099988, 43.515354780399001 ], [ 142.945400040079988, 43.514869310170702 ], [ 142.945841959738999, 43.514482429920299 ], [ 142.946348609901008, 43.514039170271602 ], [ 142.946880540004997, 43.513567580179803 ], [ 142.947292469972012, 43.513198189944703 ], [ 142.947730509954994, 43.512747150260999 ], [ 142.947887449745991, 43.512581899834998 ], [ 142.948150510438012, 43.512053639863801 ], [ 142.948331900097003, 43.511670909984701 ], [ 142.948523290217992, 43.511267080211702 ], [ 142.948755509558993, 43.510802699984801 ], [ 142.949129659905992, 43.510589959958899 ], [ 142.949702400346013, 43.510265290311096 ], [ 142.950243490045011, 43.509967569747701 ], [ 142.950414030283014, 43.509908690234099 ], [ 142.950870670045987, 43.509716229920201 ], [ 142.951277589889003, 43.509546269744703 ], [ 142.952007270119992, 43.509241049734797 ], [ 142.952471129639008, 43.509015259646702 ], [ 142.953038039773986, 43.508739210046699 ], [ 142.953821319598006, 43.5084484403434 ], [ 142.954562940128, 43.508184330142903 ], [ 142.955327329693006, 43.5079016201638 ], [ 142.956065340343002, 43.507633339806901 ], [ 142.956398370089005, 43.507510590441498 ], [ 142.956490029891, 43.507602250243799 ], [ 142.956638349679992, 43.507747520431899 ], [ 142.956822770054998, 43.507915570447402 ], [ 142.957029699560991, 43.508106390397799 ], [ 142.957204120374001, 43.508289710002302 ], [ 142.957340769660988, 43.508439139554802 ], [ 142.957526030001986, 43.508644679608402 ], [ 142.957711290344008, 43.508860220123204 ], [ 142.957819889776005, 43.508992710045703 ], [ 142.957872939883998, 43.509060759946301 ], [ 142.957878770189012, 43.509076599705502 ], [ 142.957894879744998, 43.509118539589103 ], [ 142.957938760366005, 43.509284629981799 ], [ 142.957970420099002, 43.509443229921303 ], [ 142.957991250195988, 43.509563210274102 ], [ 142.958258449568007, 43.509421299953203 ], [ 142.958717870034008, 43.509205500433701 ], [ 142.958933129960002, 43.509088299885299 ], [ 142.959322270206997, 43.508876950211203 ], [ 142.959636680388996, 43.509096380293897 ], [ 142.959941930076013, 43.509309700382502 ], [ 142.960317999576006, 43.509555520171297 ], [ 142.960604359902987, 43.509735790174702 ], [ 142.960774339864003, 43.5098488403519 ], [ 142.960810999827999, 43.509861900306603 ], [ 142.961091529849995, 43.509979670125901 ], [ 142.961198739829996, 43.510016609778901 ], [ 142.961942280411989, 43.510208009792002 ], [ 142.962494730347998, 43.510350230378997 ], [ 142.963029960065001, 43.510487180039497 ], [ 142.963844319559996, 43.510699129561402 ], [ 142.964093470437007, 43.510764690138501 ], [ 142.964047630193988, 43.510876619760403 ], [ 142.96398290958399, 43.511073539812202 ], [ 142.963922629825987, 43.511268789822999 ], [ 142.963870409792008, 43.511453489886797 ], [ 142.963830409746009, 43.511634580071998 ], [ 142.963792350436989, 43.511840940307302 ], [ 142.963756790344007, 43.5120400798859 ], [ 142.96371372990501, 43.512240890404897 ], [ 142.963641509848003, 43.512436140415701 ], [ 142.963551510194009, 43.512650560375199 ], [ 142.963469570265005, 43.512847480427098 ], [ 142.963370130426995, 43.513044119890402 ], [ 142.963261250406987, 43.5132299198251 ], [ 142.963119029820007, 43.513431000140699 ], [ 142.963227360355006, 43.513392680028304 ], [ 142.96350871955201, 43.513324360331097 ], [ 142.963828969931001, 43.513277990387103 ], [ 142.964124220056988, 43.513252730229503 ], [ 142.964350869897004, 43.513277729583699 ], [ 142.964693060136995, 43.513345790276198 ], [ 142.964977190144992, 43.513428289584098 ], [ 142.965350210043994, 43.513602179796898 ], [ 142.965487969994001, 43.513666340129603 ], [ 142.965903210365013, 43.513844949984602 ], [ 142.966785889557002, 43.514224929736898 ], [ 142.967351099973001, 43.514476030344703 ], [ 142.967511619964995, 43.5151018002081 ], [ 142.967761560447997, 43.516123910290403 ], [ 142.969646380276004, 43.516008709834203 ], [ 142.969772709842999, 43.517183860247101 ], [ 142.969891809758991, 43.518454819934199 ], [ 142.969925680025995, 43.518821169561498 ], [ 142.972162960352989, 43.519204250176202 ], [ 142.973878909983995, 43.519478430085698 ], [ 142.975210140435991, 43.520701089883602 ], [ 142.975482599942012, 43.520956060274102 ], [ 142.975260020434007, 43.522958020396501 ], [ 142.975172209730005, 43.5239665003539 ], [ 142.975338860400001, 43.524002609932701 ], [ 142.976162959552994, 43.523995970237998 ], [ 142.976901790385, 43.523957660018098 ], [ 142.977198429964005, 43.523939060239599 ], [ 142.978008100393993, 43.523788830290499 ], [ 142.97846584991899, 43.523659690342598 ], [ 142.979045810115991, 43.523423069719101 ], [ 142.979813539763001, 43.523019810116303 ], [ 142.980308800010988, 43.522690699616199 ], [ 142.982445000137005, 43.522980169799197 ], [ 142.984665669984992, 43.523282410355101 ], [ 142.986331950059991, 43.523502960093701 ], [ 142.98633585041901, 43.5231954998726 ], [ 142.986331700047998, 43.522774439988602 ], [ 142.986297280294991, 43.5223639399441 ], [ 142.986314790096003, 43.522031760057899 ], [ 142.986400919966997, 43.521613200289202 ], [ 142.986476489998012, 43.521177149605897 ], [ 142.986587889919008, 43.520719150068899 ], [ 142.986831230277005, 43.520163399621403 ], [ 142.987203750152986, 43.519387389916297 ], [ 142.987726529655987, 43.518594720270301 ], [ 142.988228190379004, 43.517988689626499 ], [ 142.98851402010601, 43.517600970308699 ], [ 142.988920969627003, 43.517069929633699 ], [ 142.989336520264004, 43.516481669593503 ], [ 142.990062079800992, 43.515432089719397 ], [ 142.989890169896, 43.514818830324899 ], [ 142.98951524972901, 43.513663410138399 ], [ 142.989150320130989, 43.512436330172598 ], [ 142.988824279916997, 43.511403389554999 ], [ 142.988537110200014, 43.510529879850303 ], [ 142.988802379626009, 43.510295469760301 ], [ 142.98905266005201, 43.510020789827799 ], [ 142.989586809683999, 43.509430310260797 ], [ 142.990247910313002, 43.508699860210498 ], [ 142.992186389989996, 43.508836829656097 ], [ 142.993348250221999, 43.508920730107803 ], [ 142.995110649836988, 43.508581090345203 ], [ 142.995968389929004, 43.508157550131003 ], [ 142.996731140029993, 43.507774830144498 ], [ 142.996797240201005, 43.507788439584999 ], [ 142.997136940218013, 43.5077956701342 ], [ 142.997452479948009, 43.507760959900601 ], [ 142.997721629949012, 43.507745690311502 ], [ 142.998458529937011, 43.507765979916201 ], [ 142.998742400042005, 43.507774039640402 ], [ 142.998866000166004, 43.507761819652401 ], [ 142.999181819585004, 43.507626290021399 ], [ 142.999620419846991, 43.507426879746802 ], [ 143.000185669833002, 43.507168589958603 ], [ 143.000467049715013, 43.5070611101822 ], [ 143.000832310263007, 43.506972789562802 ], [ 143.001322840076995, 43.506891980081001 ], [ 143.001678649649989, 43.506852820001797 ], [ 143.001954469922993, 43.506849770400798 ], [ 143.002292220209995, 43.506873109606502 ], [ 143.002912460141999, 43.506973390309902 ], [ 143.00315216004401, 43.506989499865703 ], [ 143.003265769600006, 43.506974779762501 ], [ 143.003333539810995, 43.506961170321901 ], [ 143.002341170308995, 43.5056252004428 ], [ 143.001503489594995, 43.5045153102336 ], [ 143.002810180246001, 43.502478079599904 ], [ 143.003302169660003, 43.500599420127301 ], [ 143.003762770035991, 43.498956009812197 ], [ 143.003585570317995, 43.4987007597325 ], [ 143.00356167982801, 43.498662980112599 ], [ 143.003651700165989, 43.498271089739099 ], [ 143.003828659764991, 43.497519510117499 ], [ 143.004426690039992, 43.497216220052699 ], [ 143.005303889662997, 43.496655199578001 ], [ 143.006049139856003, 43.4960902796429 ], [ 143.006865229646991, 43.495383159805201 ], [ 143.007423830046008, 43.4949471100213 ], [ 143.007424099843007, 43.494974050112504 ], [ 143.007480769722008, 43.495021269915902 ], [ 143.007618249981988, 43.495072099597898 ], [ 143.007736019801996, 43.495097939818201 ], [ 143.008023229987998, 43.495117109767001 ], [ 143.008391270341008, 43.494802710377002 ], [ 143.009076249769009, 43.494217519723001 ], [ 143.009449279561011, 43.4937528696993 ], [ 143.009553160249993, 43.493626219974303 ], [ 143.009618999617004, 43.493219890086003 ], [ 143.010430879681991, 43.492874410126099 ], [ 143.011494409839003, 43.492613089622601 ], [ 143.012146029815995, 43.492087630140198 ], [ 143.012417679932014, 43.491856829928899 ], [ 143.013210679628997, 43.491196390301397 ], [ 143.013621489939993, 43.490863669922597 ], [ 143.014010079802006, 43.490540940112503 ], [ 143.014661699778003, 43.490010480399498 ], [ 143.015301660044003, 43.4894688996702 ], [ 143.015689419831006, 43.489146730137598 ], [ 143.01602190998301, 43.488587090122302 ], [ 143.016503829687991, 43.487834710104003 ], [ 143.016767990250997, 43.487313390200903 ], [ 143.017163260275993, 43.486501289802803 ], [ 143.017172150074998, 43.486268260172203 ], [ 143.01721493981799, 43.485783600233098 ], [ 143.017298309669002, 43.484842320317 ], [ 143.017403929647998, 43.483643280313302 ], [ 143.017426999956001, 43.483333589773501 ], [ 143.017269249875994, 43.482950570312703 ], [ 143.017208159829011, 43.482726979966301 ], [ 143.017105409587003, 43.4823492404253 ], [ 143.017315449848013, 43.481214930025097 ], [ 143.017461870268988, 43.480498059737798 ], [ 143.017285520411008, 43.479961999946497 ], [ 143.017162219760991, 43.479554820198999 ], [ 143.017425259768004, 43.4794373399615 ], [ 143.017891909884014, 43.479230709929503 ], [ 143.01803190015201, 43.479156559927397 ], [ 143.018130230226006, 43.479092119905602 ], [ 143.018223839759003, 43.479007410064099 ], [ 143.018344679862992, 43.478851320132499 ], [ 143.018483289671991, 43.478678840056602 ], [ 143.01863661958501, 43.4785544197508 ], [ 143.018776890440989, 43.4784691496317 ], [ 143.019034100144012, 43.478341950420798 ], [ 143.019402139596991, 43.478212250195398 ], [ 143.019444639758007, 43.478200870174199 ], [ 143.019203279707995, 43.477981440091497 ], [ 143.018993590181992, 43.477563419916102 ], [ 143.018846399941992, 43.477125959995199 ], [ 143.018740320409989, 43.476552689854898 ], [ 143.018684799863991, 43.476045519884998 ], [ 143.018603430104008, 43.475616119688297 ], [ 143.018506779964014, 43.475428639820102 ], [ 143.018725110176007, 43.475256999711 ], [ 143.019868959684999, 43.474359630092998 ], [ 143.019975899868001, 43.474214650386003 ], [ 143.020032579640002, 43.473980789781798 ], [ 143.019987049663001, 43.4734939004233 ], [ 143.019924839959998, 43.473145319601002 ], [ 143.019963759919989, 43.472415130354101 ], [ 143.020074899936986, 43.471549389892601 ], [ 143.020188520283995, 43.4712380401036 ], [ 143.020317140423998, 43.470871419780302 ], [ 143.020322700033006, 43.470773380187502 ], [ 143.020337160232003, 43.470395369950602 ], [ 143.02027998043701, 43.4694596298582 ], [ 143.020248319804011, 43.469318260029901 ], [ 143.019849240250011, 43.468492489936601 ], [ 143.019433189589989, 43.468008910083299 ], [ 143.017830180418997, 43.469009860017202 ], [ 143.016314689670992, 43.469961359829099 ], [ 143.014080059647, 43.471356130081503 ], [ 143.012459010074991, 43.472376800349203 ], [ 143.010792409841997, 43.473429970317099 ], [ 143.009224119896999, 43.474418440358903 ], [ 143.007760840190997, 43.475337739944898 ], [ 143.006483939582012, 43.476120130339901 ], [ 143.004886509805004, 43.477129700275597 ], [ 143.004817340247996, 43.477180250268503 ], [ 143.004773449735012, 43.477223290022998 ], [ 143.004658480404998, 43.476805830125102 ], [ 143.004311350188999, 43.475650380261001 ], [ 143.003984759589002, 43.474520200447003 ], [ 143.003843129856989, 43.474032740019098 ], [ 143.003662890430007, 43.473458340330303 ], [ 143.003264649943986, 43.472145959668502 ], [ 143.003025819686002, 43.471296589566101 ], [ 143.002775880103002, 43.470484720293797 ], [ 143.003198930187011, 43.469951719996097 ], [ 143.003826159650004, 43.4690948801248 ], [ 143.004615589937998, 43.4680880603159 ], [ 143.004081200186988, 43.467464769883399 ], [ 143.003503480201999, 43.466755099568303 ], [ 143.002919380424999, 43.466025430129697 ], [ 143.002719679670008, 43.465799059978799 ], [ 143.002031399729987, 43.465421010171703 ], [ 143.000746780240007, 43.464739090237003 ], [ 143.000092939837003, 43.464377720155802 ], [ 142.999014679683995, 43.4642515803463 ], [ 142.99695592018, 43.463997100086303 ], [ 142.995187430355998, 43.463778449715797 ], [ 142.993397839739004, 43.463572569718501 ], [ 142.992803719715994, 43.463502839884299 ], [ 142.991683249881987, 43.463094779700498 ], [ 142.990964140283012, 43.4628489500192 ], [ 142.99112301991201, 43.462763959589203 ], [ 142.991562159766005, 43.462561499713601 ], [ 142.99195824997301, 43.462383190232202 ], [ 142.992349890334992, 43.462208219933601 ], [ 142.992553770240988, 43.462085469668899 ], [ 142.992737099738008, 43.461928539770398 ], [ 142.993036809600994, 43.461626079779897 ], [ 142.99325319008301, 43.4614302703908 ], [ 142.993486789884003, 43.461217519572998 ], [ 142.993702340291009, 43.460962559974298 ], [ 142.993888720287998, 43.460760360002801 ], [ 142.994014830420014, 43.460663430173298 ], [ 142.994171489623, 43.460554550152601 ], [ 142.994347030091006, 43.460465959736403 ], [ 142.994543129962011, 43.4604087403712 ], [ 142.994767009890012, 43.460365980305902 ], [ 142.994973389910001, 43.460330709794597 ], [ 142.995126430240987, 43.460285720309898 ], [ 142.995280309639014, 43.460217120024303 ], [ 142.995434750214002, 43.460100190171801 ], [ 142.995624470292995, 43.459940209773002 ], [ 142.995953620362997, 43.459669129826601 ], [ 142.996478599607997, 43.459271130358601 ], [ 142.996646649622988, 43.459129200252598 ], [ 142.996967749861994, 43.458931729815603 ], [ 142.997451339608006, 43.458659270309198 ], [ 142.997769380352992, 43.458511240101799 ], [ 142.998194089685995, 43.458286829573701 ], [ 142.998298529752986, 43.458219339950702 ], [ 142.998470189648003, 43.458099359598002 ], [ 142.998739350441014, 43.457826339813899 ], [ 142.998904060374002, 43.457644139865401 ], [ 142.999041279831005, 43.457534710358701 ], [ 142.999166549997, 43.4574830497032 ], [ 142.999308489995002, 43.457461109842498 ], [ 142.999657079810987, 43.457494730097899 ], [ 143.000074279804011, 43.457536689766599 ], [ 143.000333149655006, 43.457551970147399 ], [ 143.000849230108003, 43.457574769760001 ], [ 143.001345029948993, 43.457641170303901 ], [ 143.001618070418004, 43.457715889576797 ], [ 143.001869719611989, 43.4577795103163 ], [ 143.002121650293986, 43.457813400368302 ], [ 143.002534680131987, 43.457848970353901 ], [ 143.002981590128002, 43.457899260442701 ], [ 143.003387679897997, 43.457955100247801 ], [ 143.003783209826992, 43.457999829828502 ], [ 143.004247629625013, 43.458037899929302 ], [ 143.004551220063007, 43.458072350258902 ], [ 143.004905919873011, 43.458127639678999 ], [ 143.005170350231992, 43.458188200025603 ], [ 143.005506989856002, 43.458290139978097 ], [ 143.005908629780009, 43.458447360357603 ], [ 143.006108610224004, 43.458535420173703 ], [ 143.006274439814007, 43.45860264 ], [ 143.006466089838, 43.4586609700279 ], [ 143.006741630421999, 43.4586968098101 ], [ 143.007101049873995, 43.458737930411303 ], [ 143.007473530178999, 43.458759050090201 ], [ 143.007931560293002, 43.458786009966602 ], [ 143.008342359811991, 43.458824910141601 ], [ 143.008557910219992, 43.458864640390999 ], [ 143.008970100090011, 43.4589360303737 ], [ 143.009418690020993, 43.459015769662201 ], [ 143.009903099947991, 43.459111610412698 ], [ 143.010118650355992, 43.459165499588302 ], [ 143.009976159972013, 43.458944680053101 ], [ 143.009847010132006, 43.458765529705602 ], [ 143.009642860430006, 43.4585760902145 ], [ 143.009541749651987, 43.458490820095399 ], [ 143.009302049750005, 43.458366380004598 ], [ 143.009128170329006, 43.458283600108203 ], [ 143.008783749770004, 43.458144160224997 ], [ 143.008463209810003, 43.457995549954802 ], [ 143.008181570023993, 43.457825560101703 ], [ 143.007630780236013, 43.457507510363499 ], [ 143.007396899847009, 43.457417509810398 ], [ 143.006870829724988, 43.457248059550501 ], [ 143.006445579900003, 43.457093899564001 ], [ 143.006114489992001, 43.4569263999336 ], [ 143.005839239889013, 43.456761129722501 ], [ 143.005661470001002, 43.456657800317402 ], [ 143.005381500255993, 43.456414479744602 ], [ 143.005260949733014, 43.456281430443802 ], [ 143.005106799639009, 43.456064499577202 ], [ 143.004957930363986, 43.4557975798946 ], [ 143.004831269846989, 43.455582589764802 ], [ 143.004744339579986, 43.455488990124898 ], [ 143.004597410142992, 43.455322049872798 ], [ 143.004500189831987, 43.455186780145901 ], [ 143.004333549953998, 43.454866529766697 ], [ 143.004246609793, 43.454763480050801 ], [ 143.004214389781993, 43.454728480235403 ], [ 143.004170779857986, 43.454704040259401 ], [ 143.004154670302, 43.4547015401441 ], [ 143.004039409591002, 43.454525999675297 ], [ 143.003930529569999, 43.4543723900739 ], [ 143.003849149919006, 43.4542390700772 ], [ 143.003801660318999, 43.454101859613303 ], [ 143.00374861021001, 43.4539443703366 ], [ 143.003687780066997, 43.453785499701198 ], [ 143.003620570132995, 43.4536349495934 ], [ 143.003547240312997, 43.453500519833298 ], [ 143.003467810390987, 43.453369969748501 ], [ 143.003371980433002, 43.453255530118803 ], [ 143.003203110236001, 43.453111369694099 ], [ 143.002992569951004, 43.4529622099382 ], [ 143.002783980297011, 43.452814720223301 ], [ 143.002559829673004, 43.452683060375101 ], [ 143.002328179601989, 43.452555280202198 ], [ 143.00215430018099, 43.452468890427099 ], [ 143.002006250188998, 43.452388619639201 ], [ 143.001799049986005, 43.452266950359601 ], [ 143.001572400145989, 43.452130849659198 ], [ 143.00134546971799, 43.451993349613602 ], [ 143.001184369663008, 43.451886969707999 ], [ 143.000932719569988, 43.451685029640501 ], [ 143.000785510442995, 43.451545319960701 ], [ 143.00064108022201, 43.451411710382303 ], [ 143.000562750171014, 43.451320609958401 ], [ 143.000410260226005, 43.451135620312797 ], [ 143.000304990083009, 43.450994790077701 ], [ 143.000192219594993, 43.450841190368799 ], [ 143.000073619701993, 43.450669810163802 ], [ 142.999955580086009, 43.450482600092101 ], [ 142.999857259905014, 43.450269010206803 ], [ 142.999814759743998, 43.4500942998122 ], [ 142.999770319745011, 43.449897649557002 ], [ 142.999745609971995, 43.449723219751 ], [ 142.999713110272012, 43.449535460193502 ], [ 142.999676729996992, 43.449344640243098 ], [ 142.999638399991994, 43.449155490333801 ], [ 142.999596180420014, 43.448956060274199 ], [ 142.999544519763987, 43.448798019713003 ], [ 142.999497579650011, 43.448634979820604 ], [ 142.999435090257009, 43.448455549783901 ], [ 142.999350650211994, 43.448274449706297 ], [ 142.999259270099003, 43.448141119817002 ], [ 142.999162889756008, 43.447995019554703 ], [ 142.999089839624986, 43.447816700180702 ], [ 142.999010130014, 43.447577279967703 ], [ 142.99889848008101, 43.447334800260997 ], [ 142.998813479759008, 43.447167860008904 ], [ 142.998732660384007, 43.447030650444297 ], [ 142.998608779671997, 43.446849550366601 ], [ 142.998564450288995, 43.446798680215103 ], [ 142.998463229793998, 43.4466623402949 ], [ 142.998314910005007, 43.446499570199201 ], [ 142.998195200347993, 43.446393469982802 ], [ 142.997984660063992, 43.446239860381397 ], [ 142.997742729842997, 43.4460731998185 ], [ 142.997343310345997, 43.445783770105102 ], [ 142.997154709922, 43.445636550186798 ], [ 142.996882510320006, 43.445361569880703 ], [ 142.996677249955013, 43.445148800177201 ], [ 142.996495870187999, 43.444943539812698 ], [ 142.996355600230999, 43.444776329763997 ], [ 142.996098680110009, 43.444501339565399 ], [ 142.995860359767988, 43.444264969852703 ], [ 142.99572204044, 43.444106920298303 ], [ 142.995618720028006, 43.443952760311802 ], [ 142.995518729806008, 43.443761389976302 ], [ 142.995434289760993, 43.443586120203499 ], [ 142.995363460056012, 43.443418359769701 ], [ 142.995308749798994, 43.443248930194201 ], [ 142.995265700152004, 43.443085890301703 ], [ 142.995250980049008, 43.442914230407602 ], [ 142.995220430079002, 43.442729530343698 ], [ 142.99520487000899, 43.442707860279697 ], [ 142.99521071020601, 43.442561760017398 ], [ 142.995220709768006, 43.442420390189 ], [ 142.995235429871002, 43.442273459852501 ], [ 142.995265149766993, 43.442121809873797 ], [ 142.995324600349988, 43.441834329890597 ], [ 142.995364319808004, 43.441697400015201 ], [ 142.995427370377001, 43.441524919939297 ], [ 142.995493760128994, 43.441354939978702 ], [ 142.995539309891001, 43.441253839992903 ], [ 142.995660700380995, 43.4410646900835 ], [ 142.995795970107991, 43.440890819655699 ], [ 142.995958179925992, 43.440674180169403 ], [ 142.996110120385993, 43.440466979967297 ], [ 142.996268720324991, 43.440260060353701 ], [ 142.99643427022599, 43.440036479899803 ], [ 142.996529549798993, 43.439897610186698 ], [ 142.996631210061992, 43.439727630226102 ], [ 142.996737320171007, 43.439531810045096 ], [ 142.996779539744011, 43.439428209944097 ], [ 142.996867870256011, 43.439255450179097 ], [ 142.996954260031004, 43.439069080074098 ], [ 142.997074260169001, 43.438842440126699 ], [ 142.997125919924997, 43.438746059783 ], [ 142.997207029781009, 43.438616079868403 ], [ 142.997291469825996, 43.438524980343701 ], [ 142.997374249721986, 43.438463880403901 ], [ 142.997506739643995, 43.438382220163497 ], [ 142.997567020302, 43.438343620361898 ], [ 142.997621180174008, 43.438307789573003 ], [ 142.997696459724011, 43.438261130047302 ], [ 142.997905890244994, 43.4381258702129 ], [ 142.998113659718001, 43.438023659564401 ], [ 142.998391710308994, 43.437896460353599 ], [ 142.998742249855013, 43.437724820244398 ], [ 142.999053349632987, 43.437576510347903 ], [ 142.999298059658003, 43.437482089626897 ], [ 142.999390550433986, 43.437425980025097 ], [ 142.999496659643, 43.437351269745498 ], [ 142.999586660196002, 43.437268780330101 ], [ 142.999734149911006, 43.437128239676703 ], [ 142.99987025960499, 43.437027420279399 ], [ 142.999990249849986, 43.436955489804198 ], [ 143.000066640064006, 43.436927160260403 ], [ 143.00019025008001, 43.436759399826599 ], [ 143.000366349926992, 43.436550259786799 ], [ 143.000649399850005, 43.436245850066101 ], [ 143.000984669806996, 43.4358678398291 ], [ 143.001248000294993, 43.435616759905699 ], [ 143.001487440293005, 43.435369570449502 ], [ 143.001624380061003, 43.435219309923397 ], [ 143.001669660027005, 43.435114600058903 ], [ 143.002012989707993, 43.434556040129301 ], [ 143.00234965001701, 43.434031929630002 ], [ 143.002701870394986, 43.433473379593003 ], [ 143.003048540158005, 43.432895389810497 ], [ 143.003235480433005, 43.432604309841203 ], [ 143.003510760213999, 43.4323112900342 ], [ 143.004152969683986, 43.4316888701454 ], [ 143.00460406962199, 43.431256420347701 ], [ 143.00462351026701, 43.431256700036798 ], [ 143.004655459582011, 43.4312514201171 ], [ 143.004727950334996, 43.431217260268497 ], [ 143.004868779671, 43.431140610151203 ], [ 143.005078499772992, 43.431060899640997 ], [ 143.005318769846014, 43.4309967501001 ], [ 143.005599870037997, 43.4309264896659 ], [ 143.00575653013999, 43.430861779847397 ], [ 143.005905689895997, 43.4307762300392 ], [ 143.006054019577988, 43.430671250378097 ], [ 143.00598348035399, 43.430381270279597 ], [ 143.005881269704986, 43.430064910367498 ], [ 143.005811000277987, 43.429748820252001 ], [ 143.005774340313991, 43.429543280198402 ], [ 143.005762960292998, 43.429225529934399 ], [ 143.005774920376012, 43.428843069852 ], [ 143.005798259582008, 43.428593370387901 ], [ 143.005830199904011, 43.428420050345203 ], [ 143.005886869783012, 43.4282139599065 ], [ 143.005936599595003, 43.428053420129402 ], [ 143.005960769773992, 43.427927319890003 ], [ 143.005959099732991, 43.427871489977498 ], [ 143.005943549555013, 43.427793439615698 ], [ 143.005881329960005, 43.427698449623897 ], [ 143.005764400107012, 43.427552899746701 ], [ 143.005580250428011, 43.427337909617002 ], [ 143.005483319700005, 43.427201250437498 ], [ 143.005373329914988, 43.427009050027799 ], [ 143.005212520342013, 43.426723230193097 ], [ 143.005016440257009, 43.426357420159 ], [ 143.004905630291006, 43.426172989891697 ], [ 143.004825360402009, 43.426071610216802 ], [ 143.00461148992801, 43.425891340213397 ], [ 143.004399290395014, 43.4257441202951 ], [ 143.004245410098008, 43.425669960400498 ], [ 143.003883209941989, 43.425526899846702 ], [ 143.003780439916, 43.425479119765697 ], [ 143.003591020209996, 43.4253671802513 ], [ 143.003443249906013, 43.425264129635998 ], [ 143.003244100435012, 43.425091080289299 ], [ 143.003077179967988, 43.424933310424102 ], [ 143.00283775975501, 43.4246944396968 ], [ 143.002685550398013, 43.424553050083396 ], [ 143.002546120407004, 43.424452499583403 ], [ 143.002420020167989, 43.424383890304497 ], [ 143.002305870120011, 43.424317229856499 ], [ 143.002171710157, 43.424219180370997 ], [ 143.002063390413014, 43.424120290019502 ], [ 143.001974229826999, 43.424031960406801 ], [ 143.001796200034988, 43.423831979962102 ], [ 143.00168759970299, 43.423702259951497 ], [ 143.001548729989992, 43.423521999840602 ], [ 143.001453739997999, 43.423400889939302 ], [ 143.00125127023, 43.423196740237501 ], [ 143.001123230153013, 43.423075079951197 ], [ 143.001072399571996, 43.4230370197428 ], [ 143.000966570050991, 43.422973690383699 ], [ 143.000841579574995, 43.422916749808302 ], [ 143.000523000137008, 43.422777030235899 ], [ 143.000361070008012, 43.422697030144001 ], [ 143.000267740163991, 43.422643980035801 ], [ 143.000127200409992, 43.422547870388101 ], [ 143.000026380114008, 43.422452599807798 ], [ 142.999928329728988, 43.422317330080901 ], [ 142.999848620118001, 43.422190950152398 ], [ 142.999770030163006, 43.422009020000402 ], [ 142.99968255041, 43.421774039740299 ], [ 142.999617839692007, 43.421597660204 ], [ 142.999584789607013, 43.421536560264201 ], [ 142.99953258036399, 43.421468229775101 ], [ 142.999425370385012, 43.4213662898226 ], [ 142.999285380115992, 43.421249350077602 ], [ 142.999185389893995, 43.421163249884202 ], [ 142.999048739708002, 43.421037139752301 ], [ 142.998975140091005, 43.420970759892803 ], [ 142.998817940396009, 43.420801320424701 ], [ 142.998705449596997, 43.420710489797401 ], [ 142.998575459790004, 43.420613829764598 ], [ 142.998203830243, 43.420354680224499 ], [ 142.997999690434, 43.4201855204456 ], [ 142.997880530261995, 43.420084409667901 ], [ 142.997738879845997, 43.4199519197455 ], [ 142.997621680197, 43.419821929938301 ], [ 142.997535580002989, 43.419688330252399 ], [ 142.997412270360002, 43.419485009725598 ], [ 142.997245910170989, 43.419189759599902 ], [ 142.997121200283004, 43.418998939649498 ], [ 142.997059540066005, 43.418932829586602 ], [ 142.996936779908992, 43.418850340171197 ], [ 142.996812070021008, 43.418785060182501 ], [ 142.996672630137994, 43.418742839710397 ], [ 142.996455149785987, 43.418691449750803 ], [ 142.996286550283997, 43.418655340172002 ], [ 142.996192939851994, 43.418631449681797 ], [ 142.996071560155002, 43.418591169946701 ], [ 142.995946299882007, 43.418542559791497 ], [ 142.995873829814002, 43.418013449960903 ], [ 142.995841080101997, 43.417630989878397 ], [ 142.996625539836998, 43.416569459812898 ], [ 142.996683109938004, 43.415333210359599 ], [ 142.997536750020998, 43.414119470037697 ], [ 142.997590360407003, 43.414123919883103 ], [ 142.997717010131993, 43.4141630799624 ], [ 142.997775900438, 43.414165859766797 ], [ 142.997810900253, 43.4141750301537 ], [ 142.998055889967986, 43.414166980322001 ], [ 142.998607810202003, 43.414105890274797 ], [ 142.999110009618988, 43.414048130417001 ], [ 142.999490820344988, 43.414019540069901 ], [ 142.999879689896005, 43.414010660164003 ], [ 143.000261899967001, 43.414016500361399 ], [ 143.000561330141011, 43.414031230357203 ], [ 143.001157679583002, 43.414094850197301 ], [ 143.001623210042993, 43.414159860389397 ], [ 143.001854860114008, 43.414201529577099 ], [ 143.002029289919989, 43.414250139732303 ], [ 143.002198449698994, 43.414309020145303 ], [ 143.002698690392009, 43.414460129631401 ], [ 143.003321710129001, 43.414642909642701 ], [ 143.003869730003998, 43.414775139661103 ], [ 143.004298589707986, 43.414850140421798 ], [ 143.004998829731989, 43.414932930210703 ], [ 143.005587960316007, 43.414974610190299 ], [ 143.006144039915995, 43.415007119782899 ], [ 143.006371250032998, 43.415011850216899 ], [ 143.006787340263998, 43.414967140421403 ], [ 143.007317880015989, 43.414905220299801 ], [ 143.008413380174005, 43.414799149761102 ], [ 143.008861149922012, 43.414738610098901 ], [ 143.009693910446003, 43.414600299764203 ], [ 143.010190279558003, 43.414520600045797 ], [ 143.010554719925011, 43.414445610077003 ], [ 143.01071860967599, 43.414399230240498 ], [ 143.011252209822004, 43.414230920320897 ], [ 143.011522480378005, 43.414155100277803 ], [ 143.011707479915998, 43.414115100231903 ], [ 143.011923310013003, 43.4140789996463 ], [ 143.012083300303999, 43.4140573403741 ], [ 143.012432179700994, 43.414024569978103 ], [ 143.01284383987101, 43.414001800043202 ], [ 143.013191319924005, 43.413976529993 ], [ 143.013583810145008, 43.4139495997944 ], [ 143.01388603001601, 43.413934320312798 ], [ 143.014363230078999, 43.413905169688 ], [ 143.014667670377008, 43.413881840374799 ], [ 143.014893220346011, 43.413852960445901 ], [ 143.015100710130014, 43.413819359975697 ], [ 143.015583200005011, 43.413725479747299 ], [ 143.015943749904011, 43.413648270251699 ], [ 143.016158460344997, 43.413610780213503 ], [ 143.016466229933002, 43.413554399915803 ], [ 143.016512900250007, 43.413545789806498 ], [ 143.016839560097992, 43.413511360161301 ], [ 143.017130940441007, 43.413503590018799 ], [ 143.017475639789012, 43.413514419654902 ], [ 143.017879799613013, 43.4135413696387 ], [ 143.018211170109993, 43.413576099657497 ], [ 143.018717539682996, 43.413630540117502 ], [ 143.019167240276005, 43.413683879807401 ], [ 143.019693889561012, 43.413746379991601 ], [ 143.019963880429003, 43.4138055499863 ], [ 143.020121090016005, 43.413859430168699 ], [ 143.02031024981801, 43.413940260334897 ], [ 143.020489119577007, 43.414041089624703 ], [ 143.020773270270013, 43.414234690278903 ], [ 143.020909649760995, 43.4143155096532 ], [ 143.021181860154996, 43.414462170193197 ], [ 143.021362960233006, 43.4145613303413 ], [ 143.021524890362002, 43.414661319664297 ], [ 143.021578499848005, 43.414701870095399 ], [ 143.023019059982005, 43.413314809730899 ], [ 143.023605169743007, 43.412742660145803 ], [ 143.024619610407001, 43.411751660310998 ], [ 143.025265439647995, 43.411128959833803 ], [ 143.025483220375008, 43.410928990180899 ], [ 143.026552640191994, 43.410500439843602 ], [ 143.026706800178999, 43.410455169770401 ], [ 143.027502059872006, 43.410152990368402 ], [ 143.027566779582997, 43.410118829620401 ], [ 143.027597889830986, 43.410099110186003 ], [ 143.027657880007013, 43.410138280157703 ], [ 143.027625960369988, 43.409820809582897 ], [ 143.027814020301008, 43.409546949831999 ], [ 143.028160949967997, 43.4093878102994 ], [ 143.028486769848996, 43.409327550326303 ], [ 143.028986489835006, 43.409050640075101 ], [ 143.029245089889002, 43.408906500334901 ], [ 143.029499800375987, 43.408938720345802 ], [ 143.029763969930997, 43.408732909596303 ], [ 143.029920350344014, 43.408741529598103 ], [ 143.030129229580012, 43.408591820356399 ], [ 143.030326170317011, 43.4085073902041 ], [ 143.030726439673998, 43.408255759895603 ], [ 143.030884500019994, 43.408074669710402 ], [ 143.030934499627989, 43.407927189888099 ], [ 143.031023390417005, 43.407858589602398 ], [ 143.031127559789013, 43.4077688804297 ], [ 143.031323659658995, 43.407643059879497 ], [ 143.031722550355994, 43.407351440316901 ], [ 143.031834769558998, 43.407235899916998 ], [ 143.032213650339997, 43.407038979865199 ], [ 143.032051999900006, 43.406770679723301 ], [ 143.031892020400988, 43.4064104400899 ], [ 143.031712039978999, 43.4061790697085 ], [ 143.031441510417011, 43.405874929784403 ], [ 143.031565419907992, 43.405404429670902 ], [ 143.031587650250003, 43.405125850277997 ], [ 143.031863760105011, 43.404919210353498 ], [ 143.032138750303005, 43.404611750132297 ], [ 143.032064049915988, 43.404364000398502 ], [ 143.032059900444011, 43.403991819566997 ], [ 143.031803269904998, 43.403376329853899 ], [ 143.031728570416988, 43.402989429818497 ], [ 143.03178163041801, 43.402756400187897 ], [ 143.031557489687003, 43.402441980113501 ], [ 143.031711389768986, 43.402085630047999 ], [ 143.03179333959099, 43.401981199872601 ], [ 143.031802789667012, 43.401867600209798 ], [ 143.031845320405012, 43.401350990056301 ], [ 143.031943129772003, 43.4007857697476 ], [ 143.031951489870011, 43.400398590023102 ], [ 143.031647920116001, 43.400021130171197 ], [ 143.03149821986699, 43.399696990224101 ], [ 143.031613250351, 43.399209539688698 ], [ 143.031790200057998, 43.398864299847702 ], [ 143.031817439623012, 43.398696269617297 ], [ 143.031858290428005, 43.3983615797233 ], [ 143.032148300204, 43.397988569716901 ], [ 143.032187470176012, 43.397805529801502 ], [ 143.032421089762011, 43.397461409616497 ], [ 143.032337229780012, 43.397115329808798 ], [ 143.032240579638994, 43.396915909641699 ], [ 143.032171429867986, 43.396752869749299 ], [ 143.031980900397997, 43.396403730448 ], [ 143.032070630255987, 43.396218200309903 ], [ 143.032515069814991, 43.395942120132901 ], [ 143.032924780255001, 43.395790480046799 ], [ 143.033241159952013, 43.395613009632903 ], [ 143.033569499733005, 43.395365259899002 ], [ 143.033625889923002, 43.395217780076699 ], [ 143.03384367964199, 43.394923649606902 ], [ 143.034190329620003, 43.394831999697203 ], [ 143.034697249579011, 43.3948436701994 ], [ 143.03520806000401, 43.394685369734198 ], [ 143.035554999563999, 43.3945737198015 ], [ 143.035728619980006, 43.394338469744802 ], [ 143.035963340335996, 43.394169319858399 ], [ 143.036697240185987, 43.393137790277002 ], [ 143.037892250326991, 43.391541880353699 ], [ 143.039136140420993, 43.389818499624198 ], [ 143.040041149779, 43.3886294798668 ], [ 143.04039281977299, 43.388108720241398 ], [ 143.041693850091008, 43.3883262203789 ], [ 143.042702390302992, 43.3884984396514 ], [ 143.045300609934998, 43.3879149496154 ], [ 143.047156340292986, 43.3874806004495 ], [ 143.048669019760013, 43.387123459879902 ], [ 143.050675009743998, 43.386651629669103 ], [ 143.052251030261004, 43.386286430274701 ], [ 143.052644069968011, 43.386192280249702 ], [ 143.052446020367995, 43.386306709986897 ], [ 143.052339349980997, 43.386546130199903 ], [ 143.05220016010901, 43.387089120166898 ], [ 143.052004300357993, 43.387689330398501 ], [ 143.051231000310992, 43.388247310265299 ], [ 143.050642129631001, 43.388690569913997 ], [ 143.050100760242003, 43.389113850224199 ], [ 143.04998493026099, 43.389175780238197 ], [ 143.049630459778001, 43.390226489661003 ], [ 143.049332669966986, 43.390987780162099 ], [ 143.048174960106991, 43.391724320421197 ], [ 143.048159099662996, 43.392366199840403 ], [ 143.048160740025992, 43.3929416904069 ], [ 143.048135989783987, 43.3935374498936 ], [ 143.048132350228002, 43.3941612700268 ], [ 143.047823469977004, 43.394393459690598 ], [ 143.047173500257003, 43.394890600421 ], [ 143.046756579951989, 43.395093619675002 ], [ 143.046211060192007, 43.395381069980502 ], [ 143.04624575963399, 43.395576609572998 ], [ 143.046334609953988, 43.3960735101845 ], [ 143.046667059637002, 43.3963576599782 ], [ 143.047202269568999, 43.396801809955697 ], [ 143.048502409559006, 43.397202379686199 ], [ 143.048881810148004, 43.397288770360603 ], [ 143.050111140217012, 43.397486030356198 ], [ 143.051003559966006, 43.397616879915198 ], [ 143.051212700006005, 43.397656610164603 ], [ 143.051329619965998, 43.3980274096374 ], [ 143.051235440264009, 43.398449310387498 ], [ 143.051159309953988, 43.398846209984796 ], [ 143.051045130228999, 43.399306709637102 ], [ 143.05101621972301, 43.399582520017503 ], [ 143.050937049704999, 43.399801659619101 ], [ 143.050784260286008, 43.400165230341301 ], [ 143.050665920296012, 43.4005196297773 ], [ 143.05056091995101, 43.400626009682803 ], [ 143.050205099586009, 43.401010399710302 ], [ 143.050053710410992, 43.401101220445099 ], [ 143.049930389975998, 43.401170929594898 ], [ 143.049545960377998, 43.4013322895537 ], [ 143.049059880409004, 43.401445589742401 ], [ 143.048301320250005, 43.401588879623297 ], [ 143.047476659919994, 43.401714389907298 ], [ 143.046710319726003, 43.401798519686103 ], [ 143.046144809834999, 43.401809610125603 ], [ 143.045356240198998, 43.401846539886101 ], [ 143.044954039997009, 43.401823750166102 ], [ 143.044789880449002, 43.401898179857298 ], [ 143.044501270018003, 43.402002059647501 ], [ 143.043605190027989, 43.402324779565099 ], [ 143.043173570303992, 43.401988139940897 ], [ 143.042749719824002, 43.401657600418098 ], [ 143.042087010307, 43.401164029996202 ], [ 143.040662709916006, 43.400165480352797 ], [ 143.040507909613012, 43.400267789926701 ], [ 143.040007710287995, 43.400633469559097 ], [ 143.039489109935005, 43.4008776103136 ], [ 143.039189949556999, 43.401064799700897 ], [ 143.038839669915006, 43.401444759668102 ], [ 143.038274660047989, 43.401936359675403 ], [ 143.038147149671005, 43.402300759572498 ], [ 143.037998800205003, 43.402648780117303 ], [ 143.037675750235991, 43.402957350101801 ], [ 143.037362699829004, 43.403190930117503 ], [ 143.03718798044099, 43.403363959679197 ], [ 143.037141030433986, 43.4035692200437 ], [ 143.037097950210011, 43.404021109586701 ], [ 143.037154600305001, 43.4043930197222 ], [ 143.037176809962006, 43.404567999913397 ], [ 143.037242630442989, 43.404712150445597 ], [ 143.037372620250011, 43.404841589867701 ], [ 143.037507610288003, 43.404942689853399 ], [ 143.037690089926002, 43.405028799939302 ], [ 143.038360869958012, 43.4053262902763 ], [ 143.038734170445991, 43.405507939839701 ], [ 143.038878050281994, 43.4055937702365 ], [ 143.039053859647993, 43.405744600033401 ], [ 143.039160510250014, 43.405878199719297 ], [ 143.039345769692005, 43.406034580131902 ], [ 143.039481040318009, 43.4061251301708 ], [ 143.039731850445008, 43.406213459783501 ], [ 143.039894060263009, 43.406240130078103 ], [ 143.039975439914997, 43.406251789788399 ], [ 143.040097659579004, 43.4062437399568 ], [ 143.04032736981199, 43.406215139717098 ], [ 143.040488190177996, 43.406199590438902 ], [ 143.040590130130994, 43.406233479591499 ], [ 143.040712339902996, 43.406340970159803 ], [ 143.040787329871989, 43.406455409789501 ], [ 143.040826200368997, 43.406644559698897 ], [ 143.040848140229997, 43.406728999743699 ], [ 143.040927019766002, 43.406850099752504 ], [ 143.041066449757011, 43.406964530388898 ], [ 143.041145609881994, 43.407001759623697 ], [ 143.041319759998999, 43.407061480003399 ], [ 143.041520020132992, 43.407112029996398 ], [ 143.041575299660991, 43.407118419679499 ], [ 143.041643899945996, 43.407112590273996 ], [ 143.041710010009012, 43.407121210275797 ], [ 143.041767779758999, 43.407137319831598 ], [ 143.041823060186005, 43.407148990333802 ], [ 143.041893329613998, 43.407168430079103 ], [ 143.041956929668999, 43.407206480394898 ], [ 143.042070809920006, 43.407373970132802 ], [ 143.042198849996993, 43.407452019595198 ], [ 143.042327730040995, 43.407488970040099 ], [ 143.042494660399996, 43.407516189820498 ], [ 143.042612430220004, 43.407568690442901 ], [ 143.042702419980998, 43.407658129818998 ], [ 143.042830460058013, 43.407742020378102 ], [ 143.042959340101987, 43.407790629634 ], [ 143.043106819923992, 43.407839520377699 ], [ 143.043391799792005, 43.407917020354397 ], [ 143.043546510163992, 43.407949799743598 ], [ 143.043735939762001, 43.408003970407101 ], [ 143.043835379598988, 43.408023129564 ], [ 143.043956479607999, 43.408050080446998 ], [ 143.044089519916014, 43.408100640332499 ], [ 143.044159239857009, 43.408135079870199 ], [ 143.044269780027008, 43.4081898000194 ], [ 143.044398380381011, 43.408230630139698 ], [ 143.044466709971005, 43.408251749818596 ], [ 143.044455859649986, 43.408565880311301 ], [ 143.044413610399999, 43.408961680037699 ], [ 143.044396650085986, 43.409281089550802 ], [ 143.04436604975399, 43.409961030077604 ], [ 143.044274909758997, 43.410562080276001 ], [ 143.044150170194001, 43.410907320116898 ], [ 143.04408265988701, 43.411292280314598 ], [ 143.044015990446013, 43.411512529679698 ], [ 143.043963489823, 43.4116019699551 ], [ 143.043878209811993, 43.411763890191502 ], [ 143.043795150226003, 43.411850270074098 ], [ 143.043655710342989, 43.411970530116001 ], [ 143.043470989594994, 43.412110509592502 ], [ 143.04337183034599, 43.412201889705599 ], [ 143.043204329816007, 43.412487410066099 ], [ 143.043084049989005, 43.412682939766 ], [ 143.042896550335996, 43.412873749823902 ], [ 143.042821279777996, 43.412995119629201 ], [ 143.042798220262, 43.4130617800773 ], [ 143.042803769978008, 43.413195660351597 ], [ 143.042821259992991, 43.413410080311102 ], [ 143.042802920118987, 43.413508399593098 ], [ 143.04274763969201, 43.413580619649998 ], [ 143.042679589790993, 43.413648659658101 ], [ 143.042600140085, 43.413762260220302 ], [ 143.042565980235992, 43.413797529832301 ], [ 143.042502089700008, 43.413842799905503 ], [ 143.042381260387003, 43.413936680133901 ], [ 143.042197099915995, 43.4140983197818 ], [ 143.042087659618005, 43.414152199964199 ], [ 143.04189044998401, 43.4142955096302 ], [ 143.04176711965701, 43.4143810504453 ], [ 143.041733510193012, 43.4144416 ], [ 143.041690730342992, 43.414559080237602 ], [ 143.04158572999799, 43.414682120084002 ], [ 143.041433509849014, 43.414853490396403 ], [ 143.041281570287993, 43.415023189768498 ], [ 143.041223799638999, 43.415077620336099 ], [ 143.041098239891994, 43.415280930070999 ], [ 143.040900190292007, 43.415463960093902 ], [ 143.040636869695987, 43.415661700327298 ], [ 143.04034716029301, 43.415826119779801 ], [ 143.039956910282996, 43.416022469661399 ], [ 143.039688590356008, 43.416196599993299 ], [ 143.039503599812008, 43.416267700394201 ], [ 143.039430549679992, 43.416289079977197 ], [ 143.039930759796988, 43.4167965602132 ], [ 143.040417919850995, 43.417305970394402 ], [ 143.040973680191001, 43.417980659779801 ], [ 143.040913400432999, 43.418223129593898 ], [ 143.04074589001101, 43.418670580083401 ], [ 143.040726999751001, 43.418764179723297 ], [ 143.040648390011, 43.418828890441098 ], [ 143.03985757027101, 43.419612949977797 ], [ 143.039220639820996, 43.4202500998624 ], [ 143.039379790145006, 43.420317600277201 ], [ 143.039575319845, 43.420397610261702 ], [ 143.039825290005012, 43.420528170239002 ], [ 143.040087480153005, 43.420708729824199 ], [ 143.040511030260006, 43.421058170398403 ], [ 143.040831539643989, 43.421307889647601 ], [ 143.041080960317998, 43.421482060448902 ], [ 143.041328979848998, 43.421611230074298 ], [ 143.041736159596013, 43.421813740311997 ], [ 143.042061400313997, 43.422035399814 ], [ 143.042234709564013, 43.422159019723203 ], [ 143.042353580154014, 43.422216239987698 ], [ 143.042560229971002, 43.422265410420501 ], [ 143.043021299792997, 43.4223418204189 ], [ 143.04314295018699, 43.422379039760997 ], [ 143.043451260268, 43.422483770309903 ], [ 143.043855379621988, 43.4226362800405 ], [ 143.044053420229005, 43.422689900318801 ], [ 143.044189789826987, 43.422725730208498 ], [ 143.044360890343, 43.422744630360597 ], [ 143.044620869956987, 43.422804920011203 ], [ 143.045042769807992, 43.422924930041603 ], [ 143.045361910423992, 43.423029659691203 ], [ 143.045630490255007, 43.423093269638898 ], [ 143.045978240104006, 43.423164120028297 ], [ 143.046517639976997, 43.423294680005696 ], [ 143.046685680100012, 43.4233541296895 ], [ 143.046739839971991, 43.423423290252799 ], [ 143.046757609676007, 43.4235091197502 ], [ 143.04676676027799, 43.423688830375397 ], [ 143.046744799733005, 43.424045749711802 ], [ 143.046758679868987, 43.424208230225801 ], [ 143.046853640183002, 43.424712919865499 ], [ 143.046930009712014, 43.424963460195698 ], [ 143.047066089727991, 43.425237890116698 ], [ 143.047125239937998, 43.425380379601002 ], [ 143.047155789908004, 43.425461209767199 ], [ 143.046708610113996, 43.425321480302202 ], [ 143.046373639632009, 43.425244529811401 ], [ 143.046020029801014, 43.4255747698599 ], [ 143.045871430321995, 43.425721139918799 ], [ 143.045263699960003, 43.425588349622799 ], [ 143.045002859693994, 43.425989699964902 ], [ 143.044634250070999, 43.426333830042402 ], [ 143.044536689816994, 43.427417630019796 ], [ 143.043821180203992, 43.4276348099987 ], [ 143.043299540141987, 43.427791450315297 ], [ 143.042946239677008, 43.427678669934799 ], [ 143.042755140037997, 43.427640609726602 ], [ 143.042259070400007, 43.4274886503811 ], [ 143.041988819629012, 43.427404759821997 ], [ 143.041624399945988, 43.4273058703698 ], [ 143.041409419708998, 43.4272394698258 ], [ 143.041221109767008, 43.427228079912098 ], [ 143.040418390197004, 43.4271502795619 ], [ 143.039700109772014, 43.427064700076002 ], [ 143.039195990303, 43.4270032898701 ], [ 143.039078490279991, 43.427092449557101 ], [ 143.038497389742986, 43.427432690066802 ], [ 143.037721600372009, 43.427892349752298 ], [ 143.037396329977014, 43.428082319843298 ], [ 143.037443520103011, 43.4289330901901 ], [ 143.037451009656991, 43.429069750268901 ], [ 143.037497090019002, 43.430029680325703 ], [ 143.03842587025801, 43.431072130374702 ], [ 143.039063850216991, 43.431764319667799 ], [ 143.039528809606992, 43.431991539678002 ], [ 143.040503719670994, 43.4324779299127 ], [ 143.041008119729014, 43.432602940173702 ], [ 143.042067200041004, 43.432841290193601 ], [ 143.042846299817, 43.433014079636202 ], [ 143.043495120204, 43.4335201803123 ], [ 143.044034500292014, 43.433954610417103 ], [ 143.044385850126986, 43.434239600177598 ], [ 143.044860530288986, 43.434407929882198 ], [ 143.045680450292991, 43.4346837699402 ], [ 143.046862309647992, 43.434722420103803 ], [ 143.047504199858992, 43.434732710146598 ], [ 143.047916119933006, 43.434774110436997 ], [ 143.048194419637014, 43.434856050366598 ], [ 143.048455230224988, 43.434964110205698 ], [ 143.048969350156, 43.4352052103524 ], [ 143.049233769723003, 43.435394089565797 ], [ 143.049397080310996, 43.435554079857098 ], [ 143.049580110334006, 43.435816010101 ], [ 143.049747859976009, 43.436116550038903 ], [ 143.049868120018004, 43.436388469952099 ], [ 143.049915880313989, 43.4366631696697 ], [ 143.050003360066995, 43.436994540165998 ], [ 143.050122499553993, 43.4373136798826 ], [ 143.050266640193996, 43.437594770182699 ], [ 143.050483279680009, 43.437865869914098 ], [ 143.050739359834012, 43.438114470406703 ], [ 143.051036549797004, 43.438331959752297 ], [ 143.051354290169002, 43.4385058400727 ], [ 143.051699260213013, 43.438627229663098 ], [ 143.05203088971399, 43.438704449950599 ], [ 143.052373370434992, 43.438711679600502 ], [ 143.052733619961003, 43.438688919558203 ], [ 143.053111919779013, 43.4386017096014 ], [ 143.053437739660012, 43.438475059876303 ], [ 143.053804670250003, 43.438237869981897 ], [ 143.054069380297989, 43.438028169664399 ], [ 143.054175219710999, 43.437800689750198 ], [ 143.054233549738996, 43.437652090271897 ], [ 143.054314670385992, 43.4373365703266 ], [ 143.054459409973987, 43.436849660283798 ], [ 143.054533860350006, 43.436621909673498 ], [ 143.054578869619007, 43.4364238699658 ], [ 143.054663600145005, 43.436283879697399 ], [ 143.054798590182997, 43.436174729880101 ], [ 143.054981079713002, 43.436108070331301 ], [ 143.055171899664003, 43.436083630355398 ], [ 143.055321890393003, 43.436081689618398 ], [ 143.055542700036, 43.436140300234896 ], [ 143.055736289897993, 43.436231969929601 ], [ 143.055852670265011, 43.436333349604602 ], [ 143.055970709880995, 43.436461119884903 ], [ 143.056078460353007, 43.436760819856097 ], [ 143.056195380313, 43.437066360024701 ], [ 143.056323409598008, 43.437308290245497 ], [ 143.05653003962999, 43.437605769790601 ], [ 143.056683630344992, 43.437776040232201 ], [ 143.056852499643014, 43.4379060300394 ], [ 143.056943039790013, 43.437963250303902 ], [ 143.057509369862004, 43.438252129632197 ], [ 143.057982370090002, 43.438504900281103 ], [ 143.058275389898, 43.438694060083002 ], [ 143.058502029844988, 43.438835170007302 ], [ 143.058780059751996, 43.438933220392002 ], [ 143.059056419618003, 43.4389887796087 ], [ 143.05933640015499, 43.438998510273201 ], [ 143.059974399899005, 43.438959639775703 ], [ 143.060422979936988, 43.438967700399203 ], [ 143.060977369710002, 43.4390157700619 ], [ 143.061286240068, 43.439017160413798 ], [ 143.061537050195, 43.439004390040701 ], [ 143.061980069724996, 43.438955799670602 ], [ 143.062500029852998, 43.438915539720497 ], [ 143.06288389017999, 43.438905550051302 ], [ 143.063192190367005, 43.438947220138303 ], [ 143.063434390384998, 43.4390288803787 ], [ 143.063620479901005, 43.439139710129702 ], [ 143.063905990368994, 43.439471360315203 ], [ 143.064135949714, 43.439802450223098 ], [ 143.064304810018996, 43.440060759796403 ], [ 143.064395629854999, 43.4402338100425 ], [ 143.064417270240995, 43.440487120284601 ], [ 143.064329210425001, 43.4407868103632 ], [ 143.064144760373011, 43.441090669698802 ], [ 143.063917259774001, 43.441365919801498 ], [ 143.063327559919003, 43.441886979800501 ], [ 143.062786460327004, 43.442280259626401 ], [ 143.062486760355995, 43.4424355203831 ], [ 143.06221898991501, 43.442534669739402 ], [ 143.06190930027401, 43.442577160008099 ], [ 143.061664869937999, 43.442574380203702 ], [ 143.060867440180004, 43.442529370034499 ], [ 143.060553850180014, 43.442515470113001 ], [ 143.060359420351006, 43.442582129661702 ], [ 143.060105539939002, 43.442735720377399 ], [ 143.059898880229014, 43.442935699922799 ], [ 143.059784439699996, 43.443110410317303 ], [ 143.059691379653998, 43.443292059880797 ], [ 143.059592209612987, 43.443435380338698 ], [ 143.059465270305992, 43.443502309684 ], [ 143.059271389962987, 43.443538969647904 ], [ 143.058952250245994, 43.443562020171299 ], [ 143.058392579653997, 43.443549230013097 ], [ 143.058105380259008, 43.443546169620198 ], [ 143.057862340274994, 43.443636990355003 ], [ 143.057581249974987, 43.443809740227501 ], [ 143.057353199890002, 43.443986389560401 ], [ 143.057131540388013, 43.444211089670198 ], [ 143.056949610237012, 43.444379399589799 ], [ 143.056768500266003, 43.444509380403801 ], [ 143.056549349872995, 43.444602149969398 ], [ 143.05625770962601, 43.444709629745802 ], [ 143.056069659586996, 43.444807949927103 ], [ 143.055888010024006, 43.444965989588901 ], [ 143.055496910154005, 43.445337889831897 ], [ 143.054977760316007, 43.445843940145899 ], [ 143.054681660330999, 43.446158909706099 ], [ 143.054304179794002, 43.446448590330398 ], [ 143.053858929945989, 43.446754939888699 ], [ 143.053525890308009, 43.446988529796997 ], [ 143.053373119773994, 43.447157399994197 ], [ 143.053333390424001, 43.447329329684997 ], [ 143.053366710305994, 43.4476020796724 ], [ 143.053392250152001, 43.447779839668002 ], [ 143.05335669005899, 43.447981490153801 ], [ 143.053253629551989, 43.448191189571901 ], [ 143.052943080158997, 43.448632539959902 ], [ 143.052682249785988, 43.449014720353198 ], [ 143.052580860218995, 43.449258030134203 ], [ 143.052457779902994, 43.449743539932598 ], [ 143.052392769710991, 43.450219060061698 ], [ 143.05233052043701, 43.450684290147997 ], [ 143.052244410350994, 43.450897610236701 ], [ 143.052040810135992, 43.451048420248597 ], [ 143.05145362028901, 43.451326999641502 ], [ 143.051024759684992, 43.451531699728299 ], [ 143.050909489980995, 43.451618350306802 ], [ 143.050614479974001, 43.452131909959903 ], [ 143.050771120290989, 43.452509389596798 ], [ 143.050876930025993, 43.452779359779797 ], [ 143.050854980272987, 43.4529076804453 ], [ 143.050756359718008, 43.453136819608702 ], [ 143.050746069675995, 43.453410959948002 ], [ 143.050712450318997, 43.453645940208197 ], [ 143.050787159700008, 43.4537803699683 ], [ 143.050971300384987, 43.453993129779299 ], [ 143.051096000379999, 43.454152559793002 ], [ 143.051285410193998, 43.454470870334497 ], [ 143.051412059918988, 43.454660299933003 ], [ 143.051553710336009, 43.454812779986 ], [ 143.051701459955012, 43.454916389979601 ], [ 143.051916999570011, 43.455002769862098 ], [ 143.052128090238995, 43.455071940318 ], [ 143.052328350372989, 43.455073880155602 ], [ 143.052567769686988, 43.455062500134403 ], [ 143.053249099666004, 43.454915030204603 ], [ 143.054456790248992, 43.4546464701587 ], [ 143.055281449679001, 43.454452890188897 ], [ 143.055649749936009, 43.4543759603824 ], [ 143.056031399728994, 43.4542462601569 ], [ 143.056246940243994, 43.454104609740099 ], [ 143.056410820102997, 43.453984900083199 ], [ 143.056554149555012, 43.453819369968102 ], [ 143.056711100136994, 43.4535749504238 ], [ 143.056814430441989, 43.453477740005802 ], [ 143.057051089736007, 43.453216649728702 ], [ 143.057210810230998, 43.4529616802375 ], [ 143.057277199982991, 43.452777810247902 ], [ 143.057294160297005, 43.452533670392803 ], [ 143.057270839977008, 43.452361180424298 ], [ 143.057249740083989, 43.452204809904202 ], [ 143.057256410354995, 43.451997330012901 ], [ 143.057283360339, 43.451844840067501 ], [ 143.057316139727988, 43.451765129557302 ], [ 143.057374199960009, 43.451648750089902 ], [ 143.057536690365993, 43.451481819730397 ], [ 143.057664189950998, 43.451382950063199 ], [ 143.057942500445989, 43.451236580004299 ], [ 143.058078329550995, 43.451197419925201 ], [ 143.05826025970299, 43.451160759961297 ], [ 143.05841246995999, 43.451157150082601 ], [ 143.059425989717994, 43.451174669775398 ], [ 143.060130659802013, 43.451187180244297 ], [ 143.060429509914002, 43.451331060080499 ], [ 143.06105888965601, 43.451613260144001 ], [ 143.061369689959008, 43.451776589618099 ], [ 143.061493569773006, 43.451858800243599 ], [ 143.06161826976799, 43.452021570339397 ], [ 143.061657980232013, 43.452213500053197 ], [ 143.06165269041901, 43.452491250271102 ], [ 143.061689339591993, 43.452714839718197 ], [ 143.061784600278997, 43.452907319817101 ], [ 143.061877090156003, 43.452985649867998 ], [ 143.061946800204993, 43.453005649890997 ], [ 143.062081790243013, 43.453019260230903 ], [ 143.06225094012899, 43.453003430364198 ], [ 143.062464819595988, 43.452942610113602 ], [ 143.062670089852986, 43.452807620075802 ], [ 143.062830920110997, 43.452601810225502 ], [ 143.062972039928013, 43.452307949552399 ], [ 143.063058999872993, 43.451813280158902 ], [ 143.063085680059999, 43.451439430185701 ], [ 143.063075419694997, 43.4512230595967 ], [ 143.06303071979201, 43.450900860386596 ], [ 143.06304099994199, 43.450750050374701 ], [ 143.063114339654987, 43.450588950319997 ], [ 143.063359330269009, 43.4502806501321 ], [ 143.06391737039101, 43.449643219659002 ], [ 143.064165979876009, 43.449396030202799 ], [ 143.064305409866989, 43.449297430332301 ], [ 143.064797330033002, 43.449079399594801 ], [ 143.065153139605997, 43.448907200107399 ], [ 143.065360909978011, 43.4487777696785 ], [ 143.065742840360002, 43.448514469767098 ], [ 143.066068379651995, 43.448260889728402 ], [ 143.066309200109998, 43.448063420190898 ], [ 143.066426700132013, 43.447969819651597 ], [ 143.06657724034801, 43.447934540147102 ], [ 143.067473000179007, 43.4480526103399 ], [ 143.067773249635991, 43.448127600308702 ], [ 143.068240979838009, 43.448259820434501 ], [ 143.068337360181005, 43.448288149978303 ], [ 143.068632050029009, 43.448402040122197 ], [ 143.068951179853002, 43.448625080083602 ], [ 143.069245869701007, 43.448872280331599 ], [ 143.069469999641001, 43.449131150182602 ], [ 143.069524440100992, 43.449198090319797 ], [ 143.069687200304003, 43.449398630142802 ], [ 143.069878829644011, 43.449713599703003 ], [ 143.069983259819992, 43.449932470407397 ], [ 143.070069080324004, 43.449993299651197 ], [ 143.070182129601989, 43.450010240180603 ], [ 143.070460440097008, 43.449977750373002 ], [ 143.070676530098012, 43.449916650433202 ], [ 143.070915970095996, 43.449771669826902 ], [ 143.071196510010992, 43.449611130049803 ], [ 143.07142482, 43.449543090041701 ], [ 143.071733130079991, 43.449467269998699 ], [ 143.072228640340001, 43.449421450439701 ], [ 143.072619720424001, 43.449425349900103 ], [ 143.073009959642008, 43.449468139643102 ], [ 143.073344090158002, 43.449540080010898 ], [ 143.073577119788013, 43.449605639688698 ], [ 143.074036229987996, 43.449833679880598 ], [ 143.074403409690007, 43.450069220418399 ], [ 143.074687260009, 43.450251709948603 ], [ 143.074895569975013, 43.450334489844998 ], [ 143.075119440010013, 43.450371989775597 ], [ 143.075379690321, 43.450393940428199 ], [ 143.075657720228008, 43.450365059600003 ], [ 143.075961590355007, 43.450266459729498 ], [ 143.076672650122987, 43.449948460353298 ], [ 143.07741953978001, 43.449648780167301 ], [ 143.077871729696994, 43.449488250282698 ], [ 143.078142820435005, 43.4494488204069 ], [ 143.078437789972014, 43.4494454902174 ], [ 143.078463349603993, 43.449444379554599 ], [ 143.078491119770007, 43.449443550379698 ], [ 143.079200219913986, 43.449395520287197 ], [ 143.079515470063001, 43.449394409624503 ], [ 143.079749620249004, 43.449346089950303 ], [ 143.080163470267991, 43.449388320314903 ], [ 143.080535380404001, 43.449464429939702 ], [ 143.080679250347004, 43.449567760244101 ], [ 143.080882540297011, 43.449926900006602 ], [ 143.081114440378997, 43.450302980298503 ], [ 143.081321359993012, 43.450457970359203 ], [ 143.081518000355999, 43.4505579596823 ], [ 143.081675209943, 43.450576299556801 ], [ 143.081815200211992, 43.450573519752297 ], [ 143.082272660155013, 43.450455210339797 ], [ 143.082692350372014, 43.450373290195301 ], [ 143.082864280063006, 43.450342179947803 ], [ 143.083260069895999, 43.450392739833298 ], [ 143.08366697984701, 43.450477740155698 ], [ 143.083967769796999, 43.450616629653901 ], [ 143.084140529562006, 43.450737449973502 ], [ 143.084276620369991, 43.450947160183503 ], [ 143.084352980006003, 43.451219629582397 ], [ 143.084285199902013, 43.451405999687303 ], [ 143.084097979938008, 43.451731240404598 ], [ 143.083793259950994, 43.452097590031897 ], [ 143.083749099641011, 43.452135080070001 ], [ 143.083336620188987, 43.4524839297897 ], [ 143.082875539575014, 43.452789440280597 ], [ 143.082504730208996, 43.452951079928503 ], [ 143.081994489954013, 43.453081889917399 ], [ 143.081373710429006, 43.453211580250397 ], [ 143.079092220330011, 43.453792580063698 ], [ 143.078388380320007, 43.453951719596397 ], [ 143.078376160331999, 43.453955610063502 ], [ 143.07810729002, 43.454041980053503 ], [ 143.077460670274007, 43.454272780264802 ], [ 143.077217349700987, 43.454361650370103 ], [ 143.076298540246, 43.454566610360899 ], [ 143.075799680010988, 43.454761860371697 ], [ 143.074889459980994, 43.455144299769799 ], [ 143.074015350427999, 43.455518420438899 ], [ 143.073676199896994, 43.455703109710903 ], [ 143.073303990287002, 43.455969749704401 ], [ 143.073129549689014, 43.4561191801562 ], [ 143.073009269862013, 43.456248329996598 ], [ 143.072957330417012, 43.456309160139803 ], [ 143.072899549873995, 43.456377200147799 ], [ 143.072791499928002, 43.456470529991101 ], [ 143.072669280263, 43.456575239855603 ], [ 143.072603449888987, 43.456665229616803 ], [ 143.072540949705001, 43.456782990442797 ], [ 143.072517609599998, 43.456893539605304 ], [ 143.072443420028009, 43.457292110142902 ], [ 143.072417290226014, 43.457525979740403 ], [ 143.072439489991012, 43.457820950176902 ], [ 143.072512800026004, 43.458135370251298 ], [ 143.072567789971998, 43.458277859735603 ], [ 143.072615550268011, 43.4583561897865 ], [ 143.072784409673005, 43.458609220339397 ], [ 143.073095749569006, 43.459018080020499 ], [ 143.073373190420995, 43.459513590280203 ], [ 143.073547589649991, 43.459918000115799 ], [ 143.073647569980011, 43.4601871501171 ], [ 143.073684220051007, 43.460388799703502 ], [ 143.073712260012996, 43.4605951698314 ], [ 143.073700299928987, 43.460775980327398 ], [ 143.073672519870996, 43.460998739700202 ], [ 143.073631960446988, 43.461090119813299 ], [ 143.07345695957099, 43.461392579803899 ], [ 143.073327520149007, 43.461539510140398 ], [ 143.073146689867997, 43.461688929800502 ], [ 143.072548940182003, 43.46212276995 ], [ 143.072349510121995, 43.462243860066302 ], [ 143.072307279757013, 43.4623152401564 ], [ 143.072313670340009, 43.462429120407798 ], [ 143.072362550292013, 43.462563829856997 ], [ 143.072444199740005, 43.4626629900051 ], [ 143.072581959690012, 43.462743810278802 ], [ 143.072876100052014, 43.462824920134103 ], [ 143.073174409670997, 43.4629046396376 ], [ 143.073460209720992, 43.462982139614198 ], [ 143.073840729966008, 43.463039080189603 ], [ 143.074405130092998, 43.463115189814303 ], [ 143.074827869909996, 43.463096039650701 ], [ 143.075037019842995, 43.463034380332502 ], [ 143.075310339999987, 43.462968559851298 ], [ 143.075793359576011, 43.462817470150299 ], [ 143.075953070178002, 43.462758310048102 ], [ 143.076242220203, 43.462664439712299 ], [ 143.076395819910999, 43.462581950296901 ], [ 143.076521369765999, 43.462520850357102 ], [ 143.076710529567009, 43.4623839195824 ], [ 143.076922190407004, 43.4622478296737 ], [ 143.077312720105994, 43.461999249865599 ], [ 143.077541600264993, 43.461917309936098 ], [ 143.077933790113008, 43.4618120496865 ], [ 143.078152669810009, 43.461750670057498 ], [ 143.078225999630007, 43.461742339637503 ], [ 143.078596800002998, 43.461700129957201 ], [ 143.078866780077988, 43.4616534704315 ], [ 143.079217870008989, 43.4615407098361 ], [ 143.079792560178987, 43.461311020287503 ], [ 143.079946720164997, 43.461243250076102 ], [ 143.080404479582995, 43.460990510004201 ], [ 143.080700569675997, 43.460817469650699 ], [ 143.080998890086988, 43.460617499997802 ], [ 143.081106109958995, 43.460535560068202 ], [ 143.081286379962989, 43.460357530275999 ], [ 143.081526380237989, 43.4601011704328 ], [ 143.081762759843997, 43.459931470161401 ], [ 143.082021080208989, 43.459818429876798 ], [ 143.082492709870991, 43.459711499586199 ], [ 143.082899350025002, 43.4596390196252 ], [ 143.083100719921987, 43.459603750013201 ], [ 143.083659840129997, 43.459569869853802 ], [ 143.084038419638006, 43.459524050294903 ], [ 143.084530040329014, 43.459442409839497 ], [ 143.085300799792009, 43.459373549649698 ], [ 143.085705760013013, 43.4593849395634 ], [ 143.08606878034999, 43.459438280152703 ], [ 143.086428180017009, 43.459513840291699 ], [ 143.086752030382002, 43.459668279967303 ], [ 143.086909230076998, 43.459808540032299 ], [ 143.087155579566996, 43.460164349605201 ], [ 143.087184730191012, 43.460361269657 ], [ 143.087223869586012, 43.460797900403001 ], [ 143.087261329947012, 43.461340900262499 ], [ 143.087196030173004, 43.461900009677898 ], [ 143.087080989795993, 43.462753530151502 ], [ 143.087063440425993, 43.4634843003603 ], [ 143.087076739600008, 43.464032019862003 ], [ 143.087119200191012, 43.4646714000652 ], [ 143.087147500057, 43.465147469680197 ], [ 143.087186920040011, 43.465400500233002 ], [ 143.087280790376013, 43.465644370291599 ], [ 143.087406869930987, 43.465829080248 ], [ 143.087580180081005, 43.466006559655199 ], [ 143.087775709780999, 43.466115169879302 ], [ 143.087962359574988, 43.466144340289198 ], [ 143.088237609678004, 43.4661718397588 ], [ 143.088876149914995, 43.466242680255696 ], [ 143.089107520296011, 43.466252689709997 ], [ 143.089233339946986, 43.466258799704001 ], [ 143.090135199879995, 43.4661043995985 ], [ 143.090745979843007, 43.4660188695754 ], [ 143.091469249705995, 43.4659397301346 ], [ 143.091875049894014, 43.465903910137499 ], [ 143.092981600021005, 43.465905320274501 ], [ 143.093569600156997, 43.4659583901677 ], [ 143.093899289820996, 43.465990889867797 ], [ 143.094136760303002, 43.466025899575797 ], [ 143.094434780341004, 43.466110620209101 ], [ 143.094579769940992, 43.466176730271997 ], [ 143.094686409750011, 43.466294220402098 ], [ 143.094822489765988, 43.466657239839897 ], [ 143.094950510057998, 43.467084700198903 ], [ 143.095154630081993, 43.467629370099502 ], [ 143.095290430408994, 43.467841299836302 ], [ 143.095515949801012, 43.468148219564902 ], [ 143.095608710373995, 43.468282929913499 ], [ 143.095702849606994, 43.4685168004102 ], [ 143.095750609903007, 43.468881489889 ], [ 143.095731969654992, 43.469312280437599 ], [ 143.095650570217998, 43.469660849568697 ], [ 143.095511960408999, 43.469780839814099 ], [ 143.09526419988299, 43.469927209872999 ], [ 143.095027549581999, 43.470013859552097 ], [ 143.094748120329996, 43.470206890036103 ], [ 143.094397870366009, 43.470371590077001 ], [ 143.094022889944995, 43.470560999890402 ], [ 143.093810399929993, 43.4706934799203 ], [ 143.093710130018991, 43.470779029728597 ], [ 143.093504849868992, 43.471009839832398 ], [ 143.09344734991501, 43.471160370155097 ], [ 143.093368449693997, 43.4713825701497 ], [ 143.093279270222013, 43.471775590071601 ], [ 143.093167579820005, 43.472262760018502 ], [ 143.093030630160001, 43.4726249502814 ], [ 143.092860619622002, 43.472967410317899 ], [ 143.092762570137012, 43.473105170267601 ], [ 143.092667289664007, 43.473202100096998 ], [ 143.092508410035009, 43.473303200082803 ], [ 143.092177880404989, 43.473416510164 ], [ 143.091998169779998, 43.473460669574401 ], [ 143.090921030181988, 43.473708400422503 ], [ 143.090627170407998, 43.473768670288102 ], [ 143.090217200063989, 43.473931700287899 ], [ 143.089948319858991, 43.4740975100922 ], [ 143.089782209681005, 43.474327480229199 ], [ 143.089715259651996, 43.474445519844998 ], [ 143.089578589680002, 43.474740209693103 ], [ 143.089532750335991, 43.474905749700802 ], [ 143.089535239659995, 43.475040739738503 ], [ 143.089526060280008, 43.475261269691998 ], [ 143.089585209590012, 43.475461260029299 ], [ 143.089746559655993, 43.475843169726701 ], [ 143.089929849583001, 43.476219250018502 ], [ 143.090120079578014, 43.4766039404197 ], [ 143.090237559815989, 43.476865299594103 ], [ 143.090346140361987, 43.4771575001187 ], [ 143.090398060023006, 43.4773760902345 ], [ 143.090396110292005, 43.477564410069597 ], [ 143.090381919890007, 43.477866319675101 ], [ 143.090351080337996, 43.478055469584397 ], [ 143.09023357042301, 43.478324330004 ], [ 143.090111890352006, 43.478627909650498 ], [ 143.089946600355006, 43.478987869594697 ], [ 143.089766600149005, 43.4793256198816 ], [ 143.089601310152005, 43.479601420369399 ], [ 143.089525759905996, 43.479711959639403 ], [ 143.089246319862013, 43.479908609894601 ], [ 143.089115220291006, 43.479996649925603 ], [ 143.088876339671998, 43.480115519615701 ], [ 143.088725800356002, 43.480200230356502 ], [ 143.088606640183997, 43.480235499968501 ], [ 143.088359709732998, 43.4803382699953 ], [ 143.088198329989012, 43.480401030083598 ], [ 143.087928070223995, 43.480470189747599 ], [ 143.087794750227999, 43.480499629954103 ], [ 143.087506170374013, 43.4804521196697 ], [ 143.087280630296988, 43.480400459913497 ], [ 143.087084550212012, 43.480333789572903 ], [ 143.086998450018996, 43.480250739879899 ], [ 143.086506879689011, 43.479553849830502 ], [ 143.086261370166, 43.479223039611803 ], [ 143.086093339936014, 43.479015840308897 ], [ 143.085997250073007, 43.478878629844999 ], [ 143.085839210410995, 43.478771689661897 ], [ 143.085565919931014, 43.4786436396924 ], [ 143.085242899640008, 43.478525309595497 ], [ 143.084878489851008, 43.478444750125298 ], [ 143.084416589954003, 43.478385580130599 ], [ 143.083738879745994, 43.478303070030798 ], [ 143.083189490203011, 43.478271400404999 ], [ 143.082672309879001, 43.478248890374203 ], [ 143.082040969615008, 43.4782349895533 ], [ 143.081358529872006, 43.478216930267301 ], [ 143.080859960119, 43.478211639555703 ], [ 143.080383330226994, 43.4782069100211 ], [ 143.079823659634002, 43.478176350158598 ], [ 143.079330369800999, 43.478155229580402 ], [ 143.078939289716999, 43.478128839874202 ], [ 143.078694030206009, 43.478137440090997 ], [ 143.078353220424987, 43.478155209795297 ], [ 143.078051020338989, 43.478195479637897 ], [ 143.077907699880996, 43.4782126998564 ], [ 143.077834370060003, 43.478221589654801 ], [ 143.077741599594987, 43.478242970137103 ], [ 143.077525780291012, 43.4783126801862 ], [ 143.077285240421986, 43.478445719594397 ], [ 143.077165240283989, 43.4785443203643 ], [ 143.077113569736014, 43.478670140015097 ], [ 143.077063009850008, 43.478844290132002 ], [ 143.077101040380995, 43.479106759969198 ], [ 143.07720935023201, 43.479370069772997 ], [ 143.077325160427989, 43.4795881104031 ], [ 143.077495689874013, 43.4797536504108 ], [ 143.077685390168995, 43.479923910060599 ], [ 143.077871469792996, 43.480081119648098 ], [ 143.078159760065006, 43.480324719910101 ], [ 143.078344739817993, 43.480445540229702 ], [ 143.078774690399996, 43.480661640122797 ], [ 143.079101870055013, 43.480826080259597 ], [ 143.079346009911006, 43.480968569743901 ], [ 143.079773460376998, 43.481219379870701 ], [ 143.080112029946008, 43.481411320376303 ], [ 143.080341170009007, 43.481537419716297 ], [ 143.080442539791989, 43.481627690065999 ], [ 143.08054225032501, 43.481710460069799 ], [ 143.080629169801, 43.4818810003081 ], [ 143.080682489704998, 43.4821106997492 ], [ 143.080703589599011, 43.482255969937199 ], [ 143.080677740385994, 43.482447619961903 ], [ 143.080596910218986, 43.482571769571699 ], [ 143.080444410381006, 43.482721469820099 ], [ 143.080316919789993, 43.482795910303203 ], [ 143.080179700332991, 43.482840069713603 ], [ 143.079991660187005, 43.482885339786797 ], [ 143.079696130372014, 43.482928099852103 ], [ 143.079163669667992, 43.482993360055701 ], [ 143.078689260201003, 43.483054180306297 ], [ 143.078363180417, 43.483096669675703 ], [ 143.077852379884007, 43.483134430409798 ], [ 143.077812110041009, 43.483146930086903 ], [ 143.077669339967997, 43.483191639882399 ], [ 143.077515459670991, 43.483279130427697 ], [ 143.077396300398988, 43.483359959694603 ], [ 143.077106029819987, 43.483556320368102 ], [ 143.076893539805013, 43.483741290228501 ], [ 143.076748540312991, 43.483992930429601 ], [ 143.076679639654003, 43.4842459600832 ], [ 143.076701289932998, 43.484379840357498 ], [ 143.076793769917003, 43.484525660031402 ], [ 143.076988750130994, 43.484692870080004 ], [ 143.077312040218999, 43.48488702022 ], [ 143.077470079879987, 43.484965909649198 ], [ 143.077775039985994, 43.485064790108098 ], [ 143.078614670430994, 43.4853370103949 ], [ 143.078699109576007, 43.485394229760097 ], [ 143.078846860095013, 43.485512829653501 ], [ 143.078948509566004, 43.485652819921903 ], [ 143.078991269632013, 43.485798359906497 ], [ 143.078980430103002, 43.485924460145903 ], [ 143.07894793040299, 43.4860488903442 ], [ 143.078876259831986, 43.486127490191699 ], [ 143.078733489759003, 43.486318019660999 ], [ 143.078523489967012, 43.486513829949402 ], [ 143.078299340243007, 43.486701309817803 ], [ 143.077959910022003, 43.486953500403899 ], [ 143.077735190126987, 43.487130420432699 ], [ 143.077029670183009, 43.487685900184303 ], [ 143.076894389665, 43.4878753198903 ], [ 143.076823270377986, 43.488053909960101 ], [ 143.076859370064, 43.488308880350701 ], [ 143.077005980242006, 43.488915769846997 ], [ 143.077048469610986, 43.489090199653198 ], [ 143.076812879610998, 43.4899709300146 ], [ 143.076653970304989, 43.490568370334202 ], [ 143.07639617964, 43.491086920325301 ], [ 143.076158120101013, 43.491528810306498 ], [ 143.076169500123001, 43.4916976796044 ], [ 143.076260589755009, 43.491913769604899 ], [ 143.076583869950014, 43.492382069976699 ], [ 143.076953799778011, 43.492858420180099 ], [ 143.07737566995101, 43.493402260006498 ], [ 143.077533699720988, 43.493615580095103 ], [ 143.077618139765008, 43.493652800336598 ], [ 143.078043889614008, 43.494375509922001 ], [ 143.078293009915001, 43.494771860033502 ], [ 143.078398819650005, 43.495041279831398 ], [ 143.07843629979601, 43.495329310199701 ], [ 143.078438500436988, 43.495821480377202 ], [ 143.078410160100987, 43.495998680095198 ], [ 143.078358760248989, 43.496300870289097 ], [ 143.078026799796987, 43.497081880224798 ], [ 143.077809850045014, 43.497568489894 ], [ 143.077745960408009, 43.497703470039298 ], [ 143.077661790159993, 43.498013719957399 ], [ 143.077615660334999, 43.498367839704201 ], [ 143.077876149865006, 43.499269140258797 ], [ 143.078176929921995, 43.499696329921797 ], [ 143.078493820434005, 43.500108230210799 ], [ 143.079037910272007, 43.500707630153201 ], [ 143.079474790130007, 43.501177030395802 ], [ 143.079620879599986, 43.501319799569302 ], [ 143.07900063966801, 43.5016208602147 ], [ 143.078644000021001, 43.5018075001162 ], [ 143.078486509844993, 43.501866650325802 ], [ 143.077634910323013, 43.501989670387204 ], [ 143.077447429555008, 43.502014659848797 ], [ 143.077367159667006, 43.502025219688299 ], [ 143.077161619613008, 43.5020343801827 ], [ 143.076676109814997, 43.502065190056697 ], [ 143.076193920312988, 43.502161559608503 ], [ 143.075354819570009, 43.502317070376598 ], [ 143.075072630297996, 43.502305120185298 ], [ 143.074783490165999, 43.502260949982997 ], [ 143.07444684964301, 43.5022262199643 ], [ 143.074059939714999, 43.5022401001007 ], [ 143.073744689566013, 43.502271480144898 ], [ 143.073393880223989, 43.502325909813102 ], [ 143.073159739929991, 43.502372560345599 ], [ 143.072886419772999, 43.502466990059702 ], [ 143.072483119699996, 43.502617790179002 ], [ 143.07216814024801, 43.502712780170803 ], [ 143.071767610086994, 43.502793589652597 ], [ 143.071445970255013, 43.502836630306398 ], [ 143.071045449987992, 43.502850790132001 ], [ 143.070727150238014, 43.502816339802401 ], [ 143.070445780249003, 43.502764109875997 ], [ 143.070262750225993, 43.502708840240899 ], [ 143.070182480336996, 43.502657729970501 ], [ 143.070062779674004, 43.502495799841498 ], [ 143.069916149710991, 43.502078060254497 ], [ 143.069868400207014, 43.501535340083997 ], [ 143.069799819705992, 43.501132329593503 ], [ 143.069778709920001, 43.501019839694003 ], [ 143.069758449993003, 43.500787640137702 ], [ 143.069530429585996, 43.500449340364902 ], [ 143.069202980134008, 43.500167980268301 ], [ 143.069081319846987, 43.500113260119001 ], [ 143.068928560105007, 43.500089369628903 ], [ 143.068780789801991, 43.500096860082202 ], [ 143.068627190092997, 43.500121860335803 ], [ 143.068372209810008, 43.5002118402044 ], [ 143.067721970293007, 43.500431799987702 ], [ 143.067333939809998, 43.500512610368801 ], [ 143.067086190075997, 43.500535659992899 ], [ 143.066859259647003, 43.500533429674199 ], [ 143.066430690423999, 43.500484260140603 ], [ 143.066048779828009, 43.500413149847098 ], [ 143.065682709888989, 43.500214270172599 ], [ 143.065288580203998, 43.499973740196097 ], [ 143.065025839670994, 43.499754310113502 ], [ 143.064603390334014, 43.499397389877799 ], [ 143.064359540060991, 43.499147140028597 ], [ 143.063853200164999, 43.498994640190602 ], [ 143.063447399978003, 43.498889920433697 ], [ 143.062891350055992, 43.498677710108403 ], [ 143.062248629771005, 43.498450220301599 ], [ 143.060983200014988, 43.4980419002137 ], [ 143.060910429572999, 43.497996630140598 ], [ 143.06063518036899, 43.4979535697016 ], [ 143.06052518968599, 43.497929959799997 ], [ 143.060401860257997, 43.497959960284099 ], [ 143.06033935018101, 43.498252980091102 ], [ 143.060229339712009, 43.498777360387102 ], [ 143.06017820965701, 43.499110380239998 ], [ 143.060068749572991, 43.499616980039796 ], [ 143.05992318980401, 43.5000741504019 ], [ 143.05984651000901, 43.500456050206701 ], [ 143.059607329914996, 43.501001540289003 ], [ 143.059420109949997, 43.501391210236299 ], [ 143.059075659714011, 43.501975860397799 ], [ 143.058722340364, 43.5023949696523 ], [ 143.058567069714996, 43.502482729994099 ], [ 143.05805988985199, 43.502687129707503 ], [ 143.057619370438005, 43.502846819625198 ], [ 143.056778329856002, 43.503100100189599 ], [ 143.056286710064001, 43.503135350016599 ], [ 143.055887859836986, 43.503135340123997 ], [ 143.055623169574005, 43.5030914496108 ], [ 143.055328200036996, 43.503025329655401 ], [ 143.055127949795008, 43.502924500365602 ], [ 143.054946870402006, 43.502762019851502 ], [ 143.05482188981901, 43.5025731397388 ], [ 143.054646639830992, 43.502274279734401 ], [ 143.054570829679989, 43.502072640040502 ], [ 143.054595009752006, 43.5017104596702 ], [ 143.054742250354991, 43.501005539574201 ], [ 143.055008099844002, 43.500126759842303 ], [ 143.055073950002992, 43.499818189857798 ], [ 143.055060919726003, 43.499165210106497 ], [ 143.054996489596988, 43.499012720161097 ], [ 143.054674870448991, 43.4987405196594 ], [ 143.054457409881991, 43.498564140123101 ], [ 143.054176610062996, 43.498412759941097 ], [ 143.053548349977007, 43.498218869705198 ], [ 143.053260049811996, 43.498152200264002 ], [ 143.052800929719012, 43.498084969645802 ], [ 143.052180439776009, 43.498050510322997 ], [ 143.051995460022994, 43.498084379690503 ], [ 143.051427180220003, 43.4981976897718 ], [ 143.050976660344986, 43.498331269672498 ], [ 143.050561140284998, 43.498482069791898 ], [ 143.049805369821996, 43.4987586796695 ], [ 143.048969330369999, 43.499065829624499 ], [ 143.048146619770989, 43.499319389878103 ], [ 143.047187820162009, 43.4996207104276 ], [ 143.046897560373992, 43.4997156896275 ], [ 143.046712860310009, 43.499754009739902 ], [ 143.045495189950998, 43.499844790005199 ], [ 143.045649609842002, 43.500059219857299 ], [ 143.045794299967014, 43.500346689947897 ], [ 143.045864010016004, 43.500545840318502 ], [ 143.045946199957001, 43.500882190360997 ], [ 143.045976470238003, 43.501099939610697 ], [ 143.04598422958901, 43.501303809623302 ], [ 143.046007270220002, 43.501618500393597 ], [ 143.046030030261988, 43.501945410252603 ], [ 143.046019179940998, 43.502218709725902 ], [ 143.046000000100008, 43.502475899643201 ], [ 143.046026379913997, 43.502653940227297 ], [ 143.046066639863994, 43.502752819786998 ], [ 143.046114130363009, 43.502849200130598 ], [ 143.046209120355002, 43.502977799585899 ], [ 143.046353539784008, 43.503144999742098 ], [ 143.046547670139006, 43.503354149674401 ], [ 143.046645160245987, 43.503488029948798 ], [ 143.046772640044992, 43.503656900145998 ], [ 143.046884840362992, 43.5038160603631 ], [ 143.047062860262997, 43.504077139848299 ], [ 143.047206449617988, 43.5042999001205 ], [ 143.047371690152005, 43.504554320125898 ], [ 143.047538330029994, 43.504819850356 ], [ 143.047694410068999, 43.505094829762797 ], [ 143.047801889845999, 43.5052906400512 ], [ 143.047900479823994, 43.505487290306299 ], [ 143.047986019739, 43.505700040224802 ], [ 143.048060440437013, 43.505910860198199 ], [ 143.048158200340993, 43.506161389736498 ], [ 143.048275950375, 43.506393309603702 ], [ 143.048447309896005, 43.5066560600293 ], [ 143.048644780333007, 43.5069171503064 ], [ 143.048833909557004, 43.5071435195579 ], [ 143.049040269793011, 43.507389049765003 ], [ 143.049208569819996, 43.507577369600099 ], [ 143.049364110265998, 43.507737080202297 ], [ 143.049556860161005, 43.507905120325198 ], [ 143.049587130442006, 43.507928179841798 ], [ 143.04957240044601, 43.508041769612099 ], [ 143.049481829722993, 43.508513109692402 ], [ 143.04939680961499, 43.508999710368499 ], [ 143.04930984967001, 43.509444099565698 ], [ 143.049221510165012, 43.509766289782597 ], [ 143.049097060180998, 43.510070689610799 ], [ 143.049074839731986, 43.510125409760001 ], [ 143.049017890164009, 43.510340659793798 ], [ 143.048919829885989, 43.510601740178302 ], [ 143.048806769816991, 43.5108669799274 ], [ 143.048690939835012, 43.511023339655601 ], [ 143.04843429041, 43.511239419763598 ], [ 143.048151530068992, 43.511446049795602 ], [ 143.047914879768001, 43.511582420292697 ], [ 143.047714900223014, 43.511673789613901 ], [ 143.047503529864002, 43.511725720066103 ], [ 143.047365760021989, 43.511742930392103 ], [ 143.047217440232998, 43.511734320282798 ], [ 143.046969140113987, 43.511703760420303 ], [ 143.046676950380999, 43.511639590195102 ], [ 143.04645890975101, 43.511591249836499 ], [ 143.046131169818011, 43.5115087496293 ], [ 143.045986190110995, 43.511456810183802 ], [ 143.045793710011992, 43.511415140096801 ], [ 143.045515959793988, 43.511373470009801 ], [ 143.045145440010003, 43.511330680266802 ], [ 143.044920470103989, 43.511314839608303 ], [ 143.044736320424988, 43.511297610396603 ], [ 143.044535789594988, 43.511294550003598 ], [ 143.044411630093009, 43.5113151004117 ], [ 143.044199429660011, 43.5113387004209 ], [ 143.043958340305011, 43.511377570019 ], [ 143.043763909576995, 43.5113953397233 ], [ 143.043561150226992, 43.511437550302801 ], [ 143.043333399617012, 43.511498089965102 ], [ 143.043086749753996, 43.511565569695399 ], [ 143.042922879787, 43.511596400253801 ], [ 143.042637069845, 43.511652769759699 ], [ 143.042378760271987, 43.511686089641501 ], [ 143.042124340266014, 43.511717459793097 ], [ 143.041814090347998, 43.511748560148099 ], [ 143.041588560164001, 43.511770490116199 ], [ 143.041358029749006, 43.511785200326898 ], [ 143.041241369694006, 43.511788249928003 ], [ 143.04109638998699, 43.511809359714299 ], [ 143.040825579836991, 43.5118460097857 ], [ 143.040639760116989, 43.511851279812902 ], [ 143.040490329665005, 43.511840719973399 ], [ 143.040335909774996, 43.511823489862302 ], [ 143.040165650125005, 43.511786820005902 ], [ 143.039910120356012, 43.5117295997414 ], [ 143.039814019700998, 43.511701260305102 ], [ 143.039613210081995, 43.5116251596735 ], [ 143.03951599966399, 43.511583770175001 ], [ 143.039441560080007, 43.511522109957603 ], [ 143.039381569904009, 43.511485719790301 ], [ 143.039274359924008, 43.511432110303801 ], [ 143.039039389555995, 43.511276839654599 ], [ 143.038946629882986, 43.511203519726799 ], [ 143.038837749862012, 43.511107689768203 ], [ 143.038778040274991, 43.511073529919699 ], [ 143.038696110236998, 43.5110063100933 ], [ 143.038450300340998, 43.510857709715701 ], [ 143.038310880242989, 43.510767159676803 ], [ 143.038125350104991, 43.510641890411101 ], [ 143.037895930352988, 43.510475510436599 ], [ 143.037669579987011, 43.510276909551898 ], [ 143.037459330183992, 43.510080260195998 ], [ 143.037326289877001, 43.509946379921601 ], [ 143.037179650020988, 43.509799169895899 ], [ 143.037050779869986, 43.509709740412298 ], [ 143.036822200084998, 43.5095566901892 ], [ 143.036665270186006, 43.509467249913797 ], [ 143.036477239932992, 43.509395580242 ], [ 143.036145610431987, 43.509293359700997 ], [ 143.035965630009997, 43.509235589950698 ], [ 143.035865360098001, 43.5091853097544 ], [ 143.035748160449003, 43.509094210229797 ], [ 143.035737050225009, 43.509042820270103 ], [ 143.035431260044987, 43.508755069590997 ], [ 143.035114640229011, 43.5084045399377 ], [ 143.034779970120013, 43.508022909929501 ], [ 143.034511679870008, 43.507710989970398 ], [ 143.034287549931008, 43.507432960063198 ], [ 143.034272270449009, 43.507441570172503 ], [ 143.034176169794989, 43.507487399623997 ], [ 143.034049510176999, 43.507563770052101 ], [ 143.033967570247, 43.507667639949801 ], [ 143.033885620424996, 43.5078112400968 ], [ 143.033725620241, 43.508217009707401 ], [ 143.033607009555993, 43.508511970251398 ], [ 143.033430630020007, 43.508739989758901 ], [ 143.033369799876994, 43.508948020035298 ], [ 143.033303400232001, 43.509230200313702 ], [ 143.033214229753014, 43.509597659704397 ], [ 143.033167000057006, 43.509902340121101 ], [ 143.033133660390007, 43.510119809681598 ], [ 143.033113660367007, 43.510168689633502 ], [ 143.033091160228992, 43.510237020122503 ], [ 143.033065329901007, 43.510296170332097 ], [ 143.032964780301, 43.510442259802602 ], [ 143.032936439964999, 43.510498360411198 ], [ 143.032918389672005, 43.5105619703588 ], [ 143.032920610097989, 43.510661119715103 ], [ 143.03295115017599, 43.510804440172898 ], [ 143.032996420248992, 43.510959979719502 ], [ 143.03304501961199, 43.511056639752297 ], [ 143.033117229776991, 43.511170789800303 ], [ 143.033276919694003, 43.511353550026499 ], [ 143.033459109749998, 43.511529380077 ], [ 143.033568259568, 43.5116393698612 ], [ 143.03373128956801, 43.511779629926103 ], [ 143.033913770104988, 43.5119373997914 ], [ 143.033969320327998, 43.5119929500148 ], [ 143.034044310296991, 43.512050719765099 ], [ 143.034078189556993, 43.5120860001689 ], [ 143.034162900298014, 43.512179599808903 ], [ 143.034273720155994, 43.512330979990899 ], [ 143.034399250224993, 43.512489849726897 ], [ 143.034456189900993, 43.512616500351399 ], [ 143.034514230348009, 43.512800929719297 ], [ 143.034517279949, 43.512897579859597 ], [ 143.034497549722005, 43.513086999565502 ], [ 143.034457269987001, 43.513182819631602 ], [ 143.034420879820004, 43.513262530141802 ], [ 143.034246440120995, 43.513560540286797 ], [ 143.03410673044101, 43.513744400383899 ], [ 143.033895899675997, 43.514066300119801 ], [ 143.033779799898014, 43.514245159986302 ], [ 143.033720069626014, 43.514381249894903 ], [ 143.033634519817014, 43.514624549783299 ], [ 143.033553689651001, 43.514775640383696 ], [ 143.033362310323014, 43.514990599936397 ], [ 143.033216210060004, 43.515118640013398 ], [ 143.032953449741996, 43.5153113800163 ], [ 143.032565980436004, 43.515547720051401 ], [ 143.032386830088001, 43.515637430123498 ], [ 143.032138520077012, 43.515775729666402 ], [ 143.032067970061007, 43.515827390322002 ], [ 143.031949370167013, 43.515896540093401 ], [ 143.031921869798992, 43.515918759643199 ], [ 143.031884090179005, 43.515937089625098 ], [ 143.031838259827992, 43.5159704202988 ], [ 143.031754659749993, 43.516039849759402 ], [ 143.031537729782997, 43.516180930006101 ], [ 143.031433570302994, 43.516240920182497 ], [ 143.031365520403, 43.5162878602967 ], [ 143.031162199876007, 43.516406720094203 ], [ 143.030976110359006, 43.5165030896461 ], [ 143.030852229646996, 43.516572240316798 ], [ 143.030701409741994, 43.516635289986802 ], [ 143.030615580245012, 43.516684169938699 ], [ 143.030576139576993, 43.516711660414998 ], [ 143.030477250124989, 43.516798030404999 ], [ 143.030373089746007, 43.516933849617701 ], [ 143.030324199901997, 43.517023559689697 ], [ 143.030329200132996, 43.517087440333299 ], [ 143.030360029792007, 43.517149929725598 ], [ 143.030464180277988, 43.517263530287799 ], [ 143.030553609761, 43.517317420362801 ], [ 143.03067303972901, 43.5173485297111 ], [ 143.030826080059995, 43.517375479694799 ], [ 143.031073270414993, 43.517387990163797 ], [ 143.031342969901999, 43.517397170443203 ], [ 143.031633770182992, 43.517407449694197 ], [ 143.03184042, 43.517425789568698 ], [ 143.032055109755987, 43.517453299830102 ], [ 143.032289529737994, 43.5174971903432 ], [ 143.032633659816014, 43.517563029710203 ], [ 143.032854470357989, 43.517607760190202 ], [ 143.033084720184007, 43.517672200211997 ], [ 143.033408569649993, 43.517759429953898 ], [ 143.033757699957988, 43.517873040408602 ], [ 143.03428653009999, 43.518063309974004 ], [ 143.034534000143992, 43.518152199864303 ], [ 143.03463120966299, 43.5181838703895 ], [ 143.034815350347998, 43.518259140047498 ], [ 143.034968110090006, 43.518344140369898 ], [ 143.035116980265002, 43.518438579976603 ], [ 143.035306120281007, 43.518582729609498 ], [ 143.035486380392001, 43.518735779832497 ], [ 143.035679679774006, 43.518918819747903 ], [ 143.035911870337003, 43.519130190106402 ], [ 143.03606823995699, 43.5192937902764 ], [ 143.036222659847994, 43.519378500117902 ], [ 143.036471250447988, 43.519454890331097 ], [ 143.036721219708994, 43.519512390284802 ], [ 143.037030349970991, 43.519598510263201 ], [ 143.037526130027004, 43.519706290413097 ], [ 143.037894139803001, 43.519807400291498 ], [ 143.038274099770007, 43.519886299613198 ], [ 143.038643499898001, 43.519982129571801 ], [ 143.038931800063011, 43.520066020130898 ], [ 143.039208720206005, 43.520146579601096 ], [ 143.039338979809997, 43.520193800303801 ], [ 143.039550340276008, 43.520271579969602 ], [ 143.039660609749006, 43.520327689571403 ], [ 143.039748649780989, 43.5204032299253 ], [ 143.039894459561992, 43.5205218397113 ], [ 143.040007780434991, 43.520616829703101 ], [ 143.040103880190003, 43.520714040121 ], [ 143.040215530122993, 43.5208754198649 ], [ 143.040296350396005, 43.520979850040199 ], [ 143.040432989790986, 43.521150669967597 ], [ 143.040564639747004, 43.521309539703701 ], [ 143.040635740146996, 43.521420089765499 ], [ 143.040711839880004, 43.521575620318799 ], [ 143.040829320117012, 43.521766989755001 ], [ 143.040947070150992, 43.521946419791597 ], [ 143.041054840409004, 43.522077239673003 ], [ 143.041160380347009, 43.522186400282301 ], [ 143.041273419732988, 43.522280279611401 ], [ 143.041401180120005, 43.522333059923 ], [ 143.041542549949014, 43.522387780072201 ], [ 143.04182890038399, 43.522561660392498 ], [ 143.041990549924009, 43.522649710316003 ], [ 143.042204129916996, 43.522744710200399 ], [ 143.042331060229998, 43.522775820447897 ], [ 143.042666580199011, 43.522837209969502 ], [ 143.042824889656998, 43.522907209600199 ], [ 143.042994040443006, 43.5229369402877 ], [ 143.043128470202987, 43.522964439757203 ], [ 143.043285390209007, 43.523034440287297 ], [ 143.043449260175009, 43.5230911002742 ], [ 143.043666729736003, 43.523160830108402 ], [ 143.043878930169001, 43.523265819662001 ], [ 143.044108070231005, 43.523396930024496 ], [ 143.044253880013002, 43.523461649735502 ], [ 143.044479959683002, 43.523558309768397 ], [ 143.044719930280991, 43.523635809745002 ], [ 143.045156550234992, 43.523778870298798 ], [ 143.045362909570997, 43.523863869722 ], [ 143.045562329738004, 43.523984139656498 ], [ 143.045715919553999, 43.5240566403019 ], [ 143.04588061959501, 43.524241069669799 ], [ 143.046003650448, 43.524459380096502 ], [ 143.04607557013199, 43.524703240262497 ], [ 143.046080289774011, 43.524784340225303 ], [ 143.046055279628007, 43.525037090189798 ], [ 143.045967780089001, 43.525338710213497 ], [ 143.045806109864003, 43.525683389776802 ], [ 143.045560559872001, 43.526132760318802 ], [ 143.045362239576008, 43.526385500390703 ], [ 143.045021699592013, 43.526759049990297 ], [ 143.044600340234012, 43.527158150228601 ], [ 143.044350360180999, 43.527395879716302 ], [ 143.044095930282992, 43.527679450346497 ], [ 143.043904280259, 43.527899689819002 ], [ 143.043782340283002, 43.528064940245002 ], [ 143.043685399661996, 43.528259350288998 ], [ 143.043598460401, 43.528467379665997 ], [ 143.043512899800987, 43.528780660299397 ], [ 143.043468170219995, 43.529222269692198 ], [ 143.043451489594986, 43.529565840391399 ], [ 143.043464259968005, 43.529795529939904 ], [ 143.043443140289014, 43.530042720295498 ], [ 143.043435909739998, 43.530167149594398 ], [ 143.043358130074012, 43.5303976701165 ], [ 143.043259799999987, 43.530600139884697 ], [ 143.043118699968005, 43.530916200322601 ], [ 143.042992870424996, 43.531162280015401 ], [ 143.04276315029901, 43.531514440139503 ], [ 143.042679820018009, 43.531687750289599 ], [ 143.042542880250011, 43.531967989831102 ], [ 143.042383440343997, 43.532326539638198 ], [ 143.042265940320988, 43.532621500182202 ], [ 143.042197879628986, 43.532876459780901 ], [ 143.042174540422991, 43.533107539681403 ], [ 143.042165370036003, 43.533323629681902 ], [ 143.042241739564986, 43.533534990147899 ], [ 143.04235421957199, 43.5337277499358 ], [ 143.042515590322012, 43.533904400168097 ], [ 143.04266668002299, 43.534021890298199 ], [ 143.042786940065014, 43.534073559946997 ], [ 143.043017750169014, 43.534180500130198 ], [ 143.043237440155991, 43.534276599885303 ], [ 143.043454079642004, 43.534351599746699 ], [ 143.043670729919995, 43.534417990398097 ], [ 143.043923749680999, 43.5345177099246 ], [ 143.044160669778989, 43.534627429912099 ], [ 143.044375089738992, 43.534744920042201 ], [ 143.044681719886, 43.534899359717798 ], [ 143.045015569812989, 43.535042410379098 ], [ 143.045166110027992, 43.535137680060103 ], [ 143.045366909754989, 43.5352487903995 ], [ 143.04562910979601, 43.535402669797499 ], [ 143.045764640326013, 43.5354976597893 ], [ 143.04609626982699, 43.535760689904102 ], [ 143.046401229932997, 43.535995949853401 ], [ 143.046571760278994, 43.536132060446398 ], [ 143.046625920150007, 43.536215379936003 ], [ 143.046674520413006, 43.536315930435997 ], [ 143.04667979044001, 43.536495900065901 ], [ 143.046688110068004, 43.536697549652402 ], [ 143.046644769940002, 43.536819750431299 ], [ 143.046579489951995, 43.5369588998335 ], [ 143.046531440074006, 43.537047769938802 ], [ 143.046361720018012, 43.537362449917303 ], [ 143.045904789773999, 43.537952079624901 ], [ 143.045405069787989, 43.538873890118097 ], [ 143.045068680176001, 43.539452139804602 ], [ 143.044787849779993, 43.539960670448799 ], [ 143.044648400004007, 43.540317849689202 ], [ 143.044505049868008, 43.540867220346101 ], [ 143.044302830112002, 43.541354929886303 ], [ 143.044076159587007, 43.541855409799503 ], [ 143.044015309658988, 43.542195640416701 ], [ 143.044042249749992, 43.542353400389302 ], [ 143.044066960421986, 43.542400620192602 ], [ 143.04412917012499, 43.542520610437997 ], [ 143.044349139801, 43.542653930434703 ], [ 143.044618559599002, 43.542722549606097 ], [ 143.044847429865001, 43.542707280017098 ], [ 143.045125740360987, 43.542627299710297 ], [ 143.045381000333009, 43.542498720040001 ], [ 143.045776800059002, 43.542258209848697 ], [ 143.046184549976999, 43.542034919875803 ], [ 143.046475639839002, 43.5419113296443 ], [ 143.046754230023993, 43.541822470330899 ], [ 143.047080600290002, 43.541746929977002 ], [ 143.047353079581001, 43.541662509717199 ], [ 143.047696660172988, 43.541626689720097 ], [ 143.04798912959501, 43.541668090010504 ], [ 143.048097729926013, 43.541722810159698 ], [ 143.048209100169998, 43.541819739989201 ], [ 143.048310469952014, 43.541921679941801 ], [ 143.048414339850012, 43.5421458197739 ], [ 143.048468489828991, 43.542443839811497 ], [ 143.048439310426005, 43.542701590006502 ], [ 143.04837487040399, 43.542887399833802 ], [ 143.048272919660008, 43.543072650282703 ], [ 143.048185969607005, 43.5433315003486 ], [ 143.047975690126009, 43.543929750058098 ], [ 143.047816240326995, 43.544391630169699 ], [ 143.047810949616007, 43.544504669555003 ], [ 143.047824280266013, 43.544597160330902 ], [ 143.047922880137008, 43.5447818603947 ], [ 143.048088129663995, 43.5449321200215 ], [ 143.048333659870991, 43.545092950279603 ], [ 143.048725560137001, 43.545253769745798 ], [ 143.049003590044009, 43.545312660051401 ], [ 143.049199689913991, 43.5453315602035 ], [ 143.049415500224995, 43.545307120227598 ], [ 143.04985073972, 43.545187149767301 ], [ 143.050526250187005, 43.544952489665803 ], [ 143.051391180358991, 43.544644499744003 ], [ 143.052116130155014, 43.544394290364401 ], [ 143.052610810341008, 43.544203220402501 ], [ 143.052906900432987, 43.5440513096204 ], [ 143.05325493986399, 43.543792740142997 ], [ 143.053645189874004, 43.543534450354699 ], [ 143.053930169741989, 43.543423650281397 ], [ 143.054842319717011, 43.543240929625398 ], [ 143.055436710435998, 43.543164849678199 ], [ 143.055982220303008, 43.543099879955697 ], [ 143.056469669938991, 43.543087400063698 ], [ 143.056917679806986, 43.543196840362 ], [ 143.057439020395009, 43.543372950101698 ], [ 143.058091730348991, 43.543524070379704 ], [ 143.058361710425004, 43.543553239890301 ], [ 143.058849160060987, 43.543549370107499 ], [ 143.059168289885008, 43.543530770328999 ], [ 143.060119039661998, 43.543221690428801 ], [ 143.060738429735011, 43.543046460226201 ], [ 143.061057019966, 43.5429470401739 ], [ 143.061298659706011, 43.542901500304097 ], [ 143.061629180343004, 43.542922619983102 ], [ 143.061898879830011, 43.542977910302497 ], [ 143.062287719702994, 43.543082350370398 ], [ 143.062556580121992, 43.543181520410997 ], [ 143.062877930371997, 43.543359560095801 ], [ 143.06302512960599, 43.543518720312903 ], [ 143.063183439964007, 43.543743139834199 ], [ 143.063262590197013, 43.543997829636297 ], [ 143.06341867023599, 43.544322789765097 ], [ 143.063612809583987, 43.544539160354098 ], [ 143.063815569832997, 43.5446419402735 ], [ 143.064515770286988, 43.544837219961899 ], [ 143.064902950011003, 43.545024709722703 ], [ 143.065050980219013, 43.5451488701244 ], [ 143.06518513028999, 43.545368839800297 ], [ 143.065208179914009, 43.545425780375602 ], [ 143.065197049903986, 43.545989870236497 ], [ 143.065253139720994, 43.546502029645097 ], [ 143.065328959764003, 43.546629510343799 ], [ 143.065530600356993, 43.546784780093702 ], [ 143.065650310014007, 43.546812279563198 ], [ 143.066199689663989, 43.547027829970503 ], [ 143.066927660283, 43.547341429863302 ], [ 143.067367329838987, 43.547616970447002 ], [ 143.067703109711005, 43.547983609656001 ], [ 143.067972239927002, 43.548317179894099 ], [ 143.068203880104988, 43.548535219624902 ], [ 143.068540499943992, 43.548862419964799 ], [ 143.068897400395002, 43.549080459695602 ], [ 143.069153750345009, 43.549192120420201 ], [ 143.069381230260007, 43.549255730367797 ], [ 143.069657590126013, 43.549284909771004 ], [ 143.069909779813003, 43.549304919686399 ], [ 143.070155310019999, 43.549368810222603 ], [ 143.070424170438997, 43.549459089565502 ], [ 143.070620249624994, 43.549592139765601 ], [ 143.071106860193993, 43.549942670318202 ], [ 143.071455139742994, 43.550287359774003 ], [ 143.071770379999009, 43.5504742901566 ], [ 143.071920090139997, 43.550510680323796 ], [ 143.072046470069012, 43.550512069776303 ], [ 143.072263669833006, 43.550483750125103 ], [ 143.072606969835988, 43.550460990082797 ], [ 143.072846669737999, 43.550511549968199 ], [ 143.073199409924996, 43.5506290400983 ], [ 143.073642139872987, 43.5507604301499 ], [ 143.074192640077996, 43.550923210138201 ], [ 143.074489550353007, 43.551118749730698 ], [ 143.074902549613, 43.551391780306602 ], [ 143.075165300039004, 43.551504000409501 ], [ 143.075596089687991, 43.551622059810398 ], [ 143.076026599648003, 43.551766499924199 ], [ 143.076480720408995, 43.551935100324798 ], [ 143.076553489952005, 43.551962320105098 ], [ 143.076642090260009, 43.551980939668802 ], [ 143.077040380210008, 43.552016499761798 ], [ 143.077537559610988, 43.552001519754498 ], [ 143.077837530278003, 43.551984310327803 ], [ 143.078181670248, 43.551940999877402 ], [ 143.078623570122005, 43.551884630371497 ], [ 143.079470160419987, 43.551809949769499 ], [ 143.07998816991801, 43.5517960804249 ], [ 143.080457009882991, 43.5517908202903 ], [ 143.080815309678997, 43.551823609572097 ], [ 143.081289710151992, 43.551899450299601 ], [ 143.081681890107006, 43.551988059601499 ], [ 143.081870200049991, 43.552061119625101 ], [ 143.081989350328001, 43.5521230604311 ], [ 143.08216294016799, 43.552251380197198 ], [ 143.082227099600999, 43.5523560900617 ], [ 143.082250150124992, 43.552500520282898 ], [ 143.082272920059012, 43.552600780301901 ], [ 143.082259020137997, 43.552774089552798 ], [ 143.082260690178998, 43.552866580328597 ], [ 143.082199299758003, 43.553081270084697 ], [ 143.082095410074999, 43.553315680174599 ], [ 143.08205596041401, 43.553552319683902 ], [ 143.082005399629992, 43.5538136698651 ], [ 143.082011780319988, 43.5539392098269 ], [ 143.082086210010999, 43.554061690294901 ], [ 143.082192310226986, 43.554156409590803 ], [ 143.082361460112992, 43.554249180055798 ], [ 143.082585049561004, 43.554312229725802 ], [ 143.083299700320993, 43.554396970144197 ], [ 143.083657990223998, 43.554433370204002 ], [ 143.084129609993994, 43.554459769802698 ], [ 143.084654279870989, 43.554453679593799 ], [ 143.085182010142006, 43.554478140254197 ], [ 143.086288570161997, 43.554484279925802 ], [ 143.086838510088995, 43.554526520182897 ], [ 143.087209859946995, 43.554605129922898 ], [ 143.087608419692998, 43.554719299756101 ], [ 143.087730910054006, 43.5547826300145 ], [ 143.087911719650009, 43.554903450334102 ], [ 143.088082810273988, 43.555063710422097 ], [ 143.088191960090995, 43.555185090119998 ], [ 143.088345540015013, 43.555455060302997 ], [ 143.088401360034993, 43.555623929600799 ], [ 143.088485239801997, 43.555807240212097 ], [ 143.088544390012004, 43.555891399668603 ], [ 143.088599110160999, 43.555950280081497 ], [ 143.088782140184009, 43.556048329566899 ], [ 143.088963789746998, 43.556114720218297 ], [ 143.089175150213009, 43.556172769657699 ], [ 143.089410129573992, 43.5561991701558 ], [ 143.089709539962996, 43.556208339643298 ], [ 143.090129499976996, 43.556208909813499 ], [ 143.090280870266014, 43.556219199856301 ], [ 143.090724440180992, 43.556269480052599 ], [ 143.091824320036011, 43.556446439651602 ], [ 143.092905869909998, 43.556656169646701 ], [ 143.093351930047987, 43.5567570097284 ], [ 143.093660779721006, 43.5568258995958 ], [ 143.093901590286009, 43.556903119883302 ], [ 143.094147390290004, 43.5569903397326 ], [ 143.094446250293998, 43.557126450325597 ], [ 143.094973959881003, 43.557330600027299 ], [ 143.095263369809004, 43.557418380154303 ], [ 143.095694990432008, 43.557551989732701 ], [ 143.09594995992299, 43.557611440315902 ], [ 143.096164379881998, 43.557644490401103 ], [ 143.09626437010499, 43.557661439923699 ], [ 143.096331580038992, 43.557703940084899 ], [ 143.096401850364998, 43.5577730997489 ], [ 143.096437399666002, 43.557823920437698 ], [ 143.09647044975199, 43.557920579571302 ], [ 143.096459049944997, 43.558064730103403 ], [ 143.09639376995699, 43.5581985995859 ], [ 143.096284610247011, 43.558427729756097 ], [ 143.096223489622986, 43.558614650246099 ], [ 143.096125979730004, 43.559072090404797 ], [ 143.096063480444997, 43.559324829577399 ], [ 143.096071800073986, 43.559440090288099 ], [ 143.096142619885995, 43.559573689974002 ], [ 143.09628398971401, 43.559658680403999 ], [ 143.096508970412998, 43.559734510339503 ], [ 143.096717560067987, 43.559765629580298 ], [ 143.096865600167007, 43.559770910399401 ], [ 143.097094459641994, 43.559748139565201 ], [ 143.097358050033989, 43.559715100271802 ], [ 143.097586920299989, 43.559699829783497 ], [ 143.097905220049995, 43.559720669773199 ], [ 143.098271840373002, 43.559775120125799 ], [ 143.098697359994986, 43.559769299713601 ], [ 143.099104820331007, 43.559699870252999 ], [ 143.099329249745011, 43.559629890407301 ], [ 143.099534510110004, 43.559552129627299 ], [ 143.099901140326011, 43.559427989909999 ], [ 143.100100289797012, 43.559408269576103 ], [ 143.100448590030993, 43.559417170166498 ], [ 143.100802979574013, 43.559672430138697 ], [ 143.101028509758009, 43.559814079656199 ], [ 143.101205429787001, 43.559946289889503 ], [ 143.101354020271998, 43.560113769734897 ], [ 143.101550659735011, 43.560317090261698 ], [ 143.101832840013998, 43.560600949574301 ], [ 143.102294440435998, 43.560895640321696 ], [ 143.102672730362002, 43.561063970026296 ], [ 143.102868539751995, 43.561125630243801 ], [ 143.103135740022992, 43.561197850300701 ], [ 143.103349599703989, 43.5612239702102 ], [ 143.103506249914005, 43.561227029703801 ], [ 143.103759009771011, 43.561228140366602 ], [ 143.103992310096999, 43.561238149821001 ], [ 143.104318950160007, 43.561293430247801 ], [ 143.104829169731005, 43.561408709844301 ], [ 143.105079139890989, 43.561468149635601 ], [ 143.105605469917009, 43.561567039987096 ], [ 143.105719899653991, 43.561598709613001 ], [ 143.105789339906011, 43.561605649681198 ], [ 143.105970709780991, 43.561595939701 ], [ 143.106237630363012, 43.561597609742101 ], [ 143.106656750409002, 43.561550970001399 ], [ 143.106951729839011, 43.561524869876997 ], [ 143.107134480171993, 43.561540699743702 ], [ 143.107471109903997, 43.561612370314798 ], [ 143.107725809599003, 43.561692089818301 ], [ 143.107924639809994, 43.561786929623302 ], [ 143.108206859658992, 43.561942630148501 ], [ 143.108325730247998, 43.562042620370804 ], [ 143.108532919659012, 43.562240929875202 ], [ 143.108664010235998, 43.562404250356103 ], [ 143.108832320156012, 43.5625428502725 ], [ 143.108987580013007, 43.562629230154997 ], [ 143.109248100119999, 43.5627686601457 ], [ 143.109311700174999, 43.562818659753503 ], [ 143.109278089811994, 43.563024740299703 ], [ 143.109308619996995, 43.5634466302579 ], [ 143.109438879600987, 43.563556899731303 ], [ 143.109650789552006, 43.563691889769103 ], [ 143.110007969691992, 43.563877980184799 ], [ 143.110325710063989, 43.564036859813399 ], [ 143.110466249817989, 43.564079910359702 ], [ 143.110566509837014, 43.5641140801009 ], [ 143.110777040227987, 43.564172689818001 ], [ 143.111038959680002, 43.564190470314102 ], [ 143.111233939894987, 43.564153820242801 ], [ 143.111459749767988, 43.564131880382099 ], [ 143.111619730167007, 43.5641316096862 ], [ 143.111771940423012, 43.564142170425001 ], [ 143.111939139680004, 43.564269660116899 ], [ 143.112082999731001, 43.564439919766599 ], [ 143.112156600247005, 43.564646559691099 ], [ 143.112176039991994, 43.564723770086097 ], [ 143.112239909843993, 43.5649765200506 ], [ 143.112438470259008, 43.565468960024603 ], [ 143.112582889689008, 43.565656719582101 ], [ 143.11274675965501, 43.565816420291803 ], [ 143.113231690290007, 43.566069459837898 ], [ 143.113526649935011, 43.566210010383799 ], [ 143.114122410320988, 43.566399170185697 ], [ 143.114943139714001, 43.566684710331302 ], [ 143.115334479702994, 43.566846650352801 ], [ 143.11551446012399, 43.566964420171999 ], [ 143.115650270343991, 43.567090790207899 ], [ 143.115713310121009, 43.567183010287899 ], [ 143.115749970085005, 43.567236609881803 ], [ 143.115860229665998, 43.567507970416699 ], [ 143.115895209695992, 43.567694890007303 ], [ 143.115859930191988, 43.567906249573902 ], [ 143.115822979747009, 43.568054840058998 ], [ 143.115894330158994, 43.568653380249501 ], [ 143.116017350221, 43.569034729669198 ], [ 143.11638452003001, 43.569382469625502 ], [ 143.116739469851012, 43.569716319552697 ], [ 143.117166350146988, 43.570098509838502 ], [ 143.117335220343989, 43.570211829812301 ], [ 143.117729879730007, 43.570506249863698 ], [ 143.118175099901009, 43.570838720230903 ], [ 143.118263700210008, 43.570906770131501 ], [ 143.11859198962901, 43.571158410332501 ], [ 143.118980819608993, 43.5714611599048 ], [ 143.119180509572999, 43.571623359830397 ], [ 143.119301890169993, 43.571721969593398 ], [ 143.119955680211007, 43.572247750133698 ], [ 143.120588650045988, 43.5726657703092 ], [ 143.120917499743001, 43.572902690406998 ], [ 143.121168809892993, 43.573106279831102 ], [ 143.121362159635993, 43.573259869647401 ], [ 143.121596569725995, 43.573602610272403 ], [ 143.121825699895993, 43.573908129756497 ], [ 143.122017060339005, 43.5741136599177 ], [ 143.122387560338012, 43.574490840080401 ], [ 143.122624750232006, 43.574747760201099 ], [ 143.123079409686994, 43.575112169990803 ], [ 143.123531290236997, 43.575462130373197 ], [ 143.123716539787011, 43.575612950277602 ], [ 143.124191760441988, 43.575942360251901 ], [ 143.124498389688995, 43.576146230264499 ], [ 143.12464057969899, 43.576537570252803 ], [ 143.12468917006899, 43.576948349986502 ], [ 143.124707209570005, 43.577098880309201 ], [ 143.124806640413993, 43.577253030403199 ], [ 143.124869129806996, 43.577379410331702 ], [ 143.125090749738007, 43.577798519586203 ], [ 143.125168520410995, 43.5779026799649 ], [ 143.125491240329012, 43.578347079954 ], [ 143.125563449594011, 43.578407630408002 ], [ 143.125676489878003, 43.578502060122197 ], [ 143.126223909906003, 43.578927300055 ], [ 143.126494989852006, 43.579066730045703 ], [ 143.127004370355991, 43.579316710098297 ], [ 143.127911209834991, 43.579645579580003 ], [ 143.128131169618001, 43.5798430599095 ], [ 143.128248940336988, 43.579943610409501 ], [ 143.128276980299006, 43.580031650440503 ], [ 143.128299469644986, 43.580233850412 ], [ 143.128368060038014, 43.580732949865897 ], [ 143.128356369751003, 43.581139560342599 ], [ 143.128316060337994, 43.581923350082697 ], [ 143.128312159978009, 43.582289410128297 ], [ 143.128835989889012, 43.582298870096999 ], [ 143.12997783031301, 43.582324439621303 ], [ 143.131088270008007, 43.582343630254499 ], [ 143.131124129574999, 43.581724269859301 ], [ 143.131172489719006, 43.580795780101298 ], [ 143.13115278017699, 43.580701350387201 ], [ 143.131190299893007, 43.579990889568101 ], [ 143.131230040035007, 43.579450409608903 ], [ 143.131267539964995, 43.5794187498756 ], [ 143.131670849930003, 43.579086579881903 ], [ 143.131725290389994, 43.579041860193897 ], [ 143.132341350273009, 43.578642759955599 ], [ 143.13250356009101, 43.5785711100688 ], [ 143.132975460448989, 43.578371429997702 ], [ 143.133417919701003, 43.578250900159098 ], [ 143.133923430421987, 43.578195080138997 ], [ 143.13438366027799, 43.5781637099874 ], [ 143.13492026955501, 43.578172050300097 ], [ 143.135337179966996, 43.578165120124403 ], [ 143.135814350352007, 43.578247620331602 ], [ 143.136443450405011, 43.578366230117602 ], [ 143.13667453030601, 43.578538429604997 ], [ 143.136802289793991, 43.578711190269402 ], [ 143.136850329779008, 43.578905049928302 ], [ 143.136931700437998, 43.579218620143401 ], [ 143.137049449572999, 43.579629399877099 ], [ 143.137083610321014, 43.579759109995102 ], [ 143.137162759653989, 43.579895479592899 ], [ 143.137300249806998, 43.580010750196202 ], [ 143.137462730321005, 43.580048240234198 ], [ 143.137712150096007, 43.580033530023599 ], [ 143.138370700248004, 43.579955500346202 ], [ 143.138956470065011, 43.579872470438303 ], [ 143.139114509726994, 43.57991301997 ], [ 143.139312540442006, 43.580013289881599 ], [ 143.139422530226, 43.580102999953603 ], [ 143.139481130050001, 43.580184660194099 ], [ 143.139500850383996, 43.580278540422498 ], [ 143.139663880384006, 43.580635709770398 ], [ 143.139758859583992, 43.580855129960497 ], [ 143.13981884975999, 43.580978999881097 ], [ 143.139955220257008, 43.581139259969099 ], [ 143.140054929890994, 43.581207309869598 ], [ 143.140174359859003, 43.581260080288601 ], [ 143.140287960421006, 43.581272029580603 ], [ 143.140494880034993, 43.581227319785199 ], [ 143.140600980251008, 43.581184549827299 ], [ 143.140715419880991, 43.581151499742099 ], [ 143.14082095981999, 43.581133720145303 ], [ 143.140947900025992, 43.581117619582599 ], [ 143.141126210405986, 43.581114849670797 ], [ 143.141263419971011, 43.5811287396998 ], [ 143.141483949925004, 43.581158740183902 ], [ 143.141834479577994, 43.580912670383597 ], [ 143.142280000122014, 43.5806127204009 ], [ 143.142559700069995, 43.580473570099301 ], [ 143.142872170414989, 43.580412480052097 ], [ 143.143250470232999, 43.580391380158197 ], [ 143.143780689826997, 43.580404170316399 ], [ 143.144134269981009, 43.5804436100847 ], [ 143.144466180069998, 43.580504450120401 ], [ 143.145149439995009, 43.580716930242303 ], [ 143.145463850177009, 43.580783870379499 ], [ 143.145986010047011, 43.580882480142499 ], [ 143.146472619716008, 43.581041640359601 ], [ 143.14683896035001, 43.581218289692501 ], [ 143.147131980157013, 43.581402159682099 ], [ 143.147178080304002, 43.5814696600969 ], [ 143.147236660343992, 43.582028470037997 ], [ 143.147347199613989, 43.582201229803097 ], [ 143.147543279698994, 43.582399540206801 ], [ 143.147734919831009, 43.582613679577797 ], [ 143.14775574003599, 43.582885309909301 ], [ 143.147720459632012, 43.583042509604297 ], [ 143.147747389829988, 43.583214430301901 ], [ 143.147824879913998, 43.5833244200861 ], [ 143.148000409590992, 43.583471069834196 ], [ 143.148332020206993, 43.583779930299698 ], [ 143.148484219670991, 43.583917139864297 ], [ 143.148608360287994, 43.584183490275997 ], [ 143.148716949828014, 43.5844667902103 ], [ 143.14878081967899, 43.584603159808097 ], [ 143.148861089567987, 43.5846895396907 ], [ 143.148994959949988, 43.584762870410302 ], [ 143.149174659783, 43.584798700299899 ], [ 143.149391579857991, 43.584807039713297 ], [ 143.149632379630987, 43.584781220177298 ], [ 143.149951790042991, 43.584695690154099 ], [ 143.15018760037799, 43.584610429927601 ], [ 143.150268149954996, 43.584549880372798 ], [ 143.150324540145988, 43.584500719832498 ], [ 143.150477299887996, 43.584322969729399 ], [ 143.150523409928013, 43.584274929744403 ], [ 143.150805059606, 43.583948869744702 ], [ 143.150965329586001, 43.583761680357398 ], [ 143.151236410432006, 43.583614480224199 ], [ 143.151335850268993, 43.583579490301403 ], [ 143.151460829954004, 43.5835620002862 ], [ 143.15173551977901, 43.583566170442602 ], [ 143.15219019002501, 43.583600350076303 ], [ 143.152290180248002, 43.583545080441297 ], [ 143.152423230447994, 43.583433989886899 ], [ 143.152544879942013, 43.583332340415303 ], [ 143.15261542995799, 43.583285119712698 ], [ 143.152865960396014, 43.583176260376298 ], [ 143.153676999594012, 43.582861039905303 ], [ 143.153891139863987, 43.582768010435501 ], [ 143.154000849959004, 43.582769120198897 ], [ 143.154144170416998, 43.582803289940003 ], [ 143.154680759909013, 43.583037440125899 ], [ 143.154984880048005, 43.583326019979999 ], [ 143.155367869830997, 43.583766530401199 ], [ 143.155515339760996, 43.583930119779403 ], [ 143.155934170226004, 43.584158720248901 ], [ 143.156380490267992, 43.584423420404697 ], [ 143.156596010098013, 43.584609509921101 ], [ 143.156650169969993, 43.5847131100222 ], [ 143.156684599615005, 43.5848225404281 ], [ 143.15674736959599, 43.584908920310603 ], [ 143.156885679930014, 43.584974190406697 ], [ 143.157178140359008, 43.585080019927098 ], [ 143.157325059903997, 43.585145299915801 ], [ 143.157441159682008, 43.585261670389997 ], [ 143.157510590041994, 43.585337219737099 ], [ 143.15763389968501, 43.585407220267101 ], [ 143.157790549894003, 43.585443329846001 ], [ 143.157863869821995, 43.585453879792901 ], [ 143.158026350336002, 43.585479159735598 ], [ 143.15824883002, 43.585459450193603 ], [ 143.159153729661, 43.585341989741202 ], [ 143.159446199982, 43.585304229906498 ], [ 143.159617289706006, 43.585238959810297 ], [ 143.159723960093004, 43.585143149636799 ], [ 143.159753400298996, 43.585071770446 ], [ 143.159688409891999, 43.584977609629199 ], [ 143.159357079865998, 43.584649869695902 ], [ 143.159115450017993, 43.584368509599202 ], [ 143.159033529873994, 43.584249079631498 ], [ 143.159025200353, 43.5841335401309 ], [ 143.159021880056002, 43.583946339951801 ], [ 143.158950779654987, 43.583853570386097 ], [ 143.15858083993399, 43.583403900369902 ], [ 143.158588369956988, 43.582976729592602 ], [ 143.158608110075988, 43.582605670215699 ], [ 143.158541750002001, 43.5822432101562 ], [ 143.158598699570007, 43.581928530177699 ], [ 143.158678140283996, 43.581813829744597 ], [ 143.158800080259994, 43.581723009909098 ], [ 143.159002569812998, 43.581572199897302 ], [ 143.159047009812014, 43.5814899901711 ], [ 143.159083399979011, 43.581381120042799 ], [ 143.159199509649994, 43.581252800276701 ], [ 143.159381170004991, 43.581065609989999 ], [ 143.159516429840011, 43.580993680414203 ], [ 143.159626149827005, 43.580935360278801 ], [ 143.159853070362999, 43.580858149883902 ], [ 143.160103050416012, 43.580801220100398 ], [ 143.160409130176987, 43.580735410411002 ], [ 143.160585220131992, 43.580740130053101 ], [ 143.160777700230994, 43.580795129891499 ], [ 143.160964900409994, 43.580892069613498 ], [ 143.16117348017201, 43.5809890003422 ], [ 143.161369289561009, 43.581073440387101 ], [ 143.16169896033901, 43.581251210275298 ], [ 143.161972259811989, 43.581459520240898 ], [ 143.162284429783, 43.581649779913597 ], [ 143.162629940319988, 43.581777829883102 ], [ 143.163192659613998, 43.581898660095199 ], [ 143.163515390322999, 43.581991989938601 ], [ 143.163743419723005, 43.582089489938198 ], [ 143.163904499993009, 43.582198639755603 ], [ 143.163932549847004, 43.582247529599996 ], [ 143.163956720026988, 43.582289470382896 ], [ 143.164037790311994, 43.582678589945097 ], [ 143.164147770204011, 43.582898010135203 ], [ 143.164157199594996, 43.5830674298182 ], [ 143.164162199825995, 43.583155750437697 ], [ 143.164184119900995, 43.5834929296552 ], [ 143.164211050099993, 43.583669300198203 ], [ 143.1642585397, 43.583780389853302 ], [ 143.164367960213013, 43.583898440261002 ], [ 143.164562929635991, 43.584040650056103 ], [ 143.164670969690007, 43.584121199633799 ], [ 143.164816780369989, 43.584263129739803 ], [ 143.164915370348012, 43.584395060284002 ], [ 143.165156709715006, 43.584700020389803 ], [ 143.165234199798988, 43.584817790209001 ], [ 143.165344159905004, 43.585152470210502 ], [ 143.165473850237987, 43.5854640996886 ], [ 143.165568270059993, 43.585711569733299 ], [ 143.165643260028986, 43.585835450445899 ], [ 143.165840719674009, 43.586089859659502 ], [ 143.166183439614002, 43.586489539960397 ], [ 143.166375630131, 43.586672300186599 ], [ 143.166600039759999, 43.586858399595698 ], [ 143.167032750360988, 43.587152539957899 ], [ 143.167154120166998, 43.587223920047997 ], [ 143.167319099896986, 43.587235040165098 ], [ 143.167418260044997, 43.587223369662901 ], [ 143.167476580179994, 43.587201710390801 ], [ 143.167508800191001, 43.587189770092003 ], [ 143.167628519740987, 43.587106730291502 ], [ 143.167683509685986, 43.587033959849499 ], [ 143.167696299845005, 43.586918700038197 ], [ 143.167748250082013, 43.586664840310299 ], [ 143.167706890261002, 43.586335440228503 ], [ 143.167651090025998, 43.5858435596327 ], [ 143.167646099688, 43.5856530301634 ], [ 143.167702489877996, 43.5854994403471 ], [ 143.16790082006699, 43.585217260068603 ], [ 143.168053319904999, 43.584967569597801 ], [ 143.168356920235993, 43.5845773501648 ], [ 143.168484140131, 43.584484309903097 ], [ 143.168674960081006, 43.584389329803898 ], [ 143.168886330439989, 43.584336289588201 ], [ 143.168964930288013, 43.584316570153803 ], [ 143.169272119813002, 43.584314630316101 ], [ 143.169599580056996, 43.584376859804401 ], [ 143.170068410129005, 43.584521020229097 ], [ 143.170444750325004, 43.584621290140603 ], [ 143.170838590429014, 43.584684349703103 ], [ 143.170923300270005, 43.584681020412901 ], [ 143.171169659652008, 43.5846718599186 ], [ 143.171320760144994, 43.584632709731899 ], [ 143.171485200282007, 43.584568829987703 ], [ 143.171624359577009, 43.584467179616802 ], [ 143.171682419808008, 43.584346090399897 ], [ 143.171675760327986, 43.584184439960097 ], [ 143.171673270105998, 43.584124449783701 ], [ 143.171636909616012, 43.583765329806297 ], [ 143.171441120011991, 43.583420359762002 ], [ 143.171321979625986, 43.583110400324898 ], [ 143.171343659581993, 43.582873490119702 ], [ 143.171393949671, 43.582696009813198 ], [ 143.171533939939991, 43.582560199593701 ], [ 143.171614779998009, 43.582414940197502 ], [ 143.171635619987995, 43.582335789964901 ], [ 143.171622849615005, 43.582199969852901 ], [ 143.171524270428989, 43.581949440314602 ], [ 143.171476230444, 43.581760300297802 ], [ 143.171477629788996, 43.581548099865103 ], [ 143.171544300129995, 43.581437840284302 ], [ 143.171777350445012, 43.5812403698474 ], [ 143.172119279881002, 43.5809770798285 ], [ 143.172139840182012, 43.580905429941801 ], [ 143.172124010315002, 43.580832100121498 ], [ 143.172054029570006, 43.580664339687701 ], [ 143.171902689857006, 43.580113850274103 ], [ 143.171898560171002, 43.579624190104497 ], [ 143.171865840137002, 43.578818740192801 ], [ 143.171807269990012, 43.578301299965197 ], [ 143.171845070294012, 43.577877189580803 ], [ 143.17191565988, 43.577294490048899 ], [ 143.171949829621013, 43.577070360109197 ], [ 143.172082889714005, 43.576828169984203 ], [ 143.172217609954998, 43.576739020189798 ], [ 143.172407589939013, 43.576675420134698 ], [ 143.172428420035999, 43.5766737599862 ], [ 143.17256257999901, 43.576664319802703 ], [ 143.172820049606003, 43.576669880310902 ], [ 143.173166960386993, 43.576722940311598 ], [ 143.173376100426992, 43.576790429934498 ], [ 143.173674119564993, 43.576949309563098 ], [ 143.174005470276001, 43.577142629628803 ], [ 143.174425409604993, 43.577439819592101 ], [ 143.174697600213989, 43.577589259936602 ], [ 143.174792309617999, 43.577623419785098 ], [ 143.174953680367992, 43.577682030401498 ], [ 143.175236140336011, 43.577734530124602 ], [ 143.175328079827011, 43.577747029801699 ], [ 143.175407790337005, 43.577757870229703 ], [ 143.175502509632992, 43.577737040132497 ], [ 143.175619999763001, 43.577654000331997 ], [ 143.17575723001201, 43.577414869700597 ], [ 143.175850280166998, 43.5772537804378 ], [ 143.175945830436007, 43.577192120220303 ], [ 143.176139979676009, 43.577141019842401 ], [ 143.176312189956008, 43.577120750022701 ], [ 143.176794640260994, 43.577108830408299 ], [ 143.176800240338991, 43.576370309842098 ], [ 143.176880260215995, 43.5759812001724 ], [ 143.176892480204003, 43.5759539803921 ], [ 143.177041100367006, 43.5756270903181 ], [ 143.177216089550996, 43.5753815700036 ], [ 143.17739441971699, 43.575253529926599 ], [ 143.177746610418012, 43.575122729830298 ], [ 143.178096579793987, 43.575047190375699 ], [ 143.178094639955987, 43.575060250330502 ], [ 143.178082689765006, 43.575244110427498 ], [ 143.178081839904991, 43.575414090388101 ], [ 143.178087389621993, 43.575590450139302 ], [ 143.178129039922993, 43.575789040232202 ], [ 143.178181799550998, 43.5759609600304 ], [ 143.178278439797992, 43.576194270249502 ], [ 143.178401479645004, 43.576398410058701 ], [ 143.178581719970992, 43.576649489982103 ], [ 143.178753639769013, 43.576891410310502 ], [ 143.178956929718993, 43.577175550211599 ], [ 143.17920605001899, 43.5775413395613 ], [ 143.179377129850991, 43.577816030285803 ], [ 143.179619030394008, 43.578223760418403 ], [ 143.17970818018901, 43.578407080022899 ], [ 143.179755110410014, 43.5785431699315 ], [ 143.179809260388993, 43.578758980242903 ], [ 143.179875060185992, 43.5790481095827 ], [ 143.179934210395999, 43.579341960363401 ], [ 143.179996959692005, 43.579678029817401 ], [ 143.180051939744999, 43.579857729650698 ], [ 143.180146359567004, 43.580102150094298 ], [ 143.180244400058996, 43.580271299980701 ], [ 143.180363820134005, 43.5804254500746 ], [ 143.180549909651006, 43.580603489759397 ], [ 143.180740160330004, 43.580775139761002 ], [ 143.181066500019, 43.581020119583002 ], [ 143.181273970017997, 43.581173429710198 ], [ 143.181508659797004, 43.581384530271997 ], [ 143.18166447003901, 43.581573119903702 ], [ 143.181792219635014, 43.5817475398173 ], [ 143.181895260358004, 43.581882529855001 ], [ 143.182017739927005, 43.5820022404112 ], [ 143.182219379620989, 43.582128900028898 ], [ 143.182389640169987, 43.582217780026703 ], [ 143.182591010067, 43.582277500406498 ], [ 143.182607390318992, 43.582282220048597 ], [ 143.182902640445008, 43.582348890389099 ], [ 143.183076750991006, 43.582364716658503 ], [ 143.183003389694989, 43.5836109503852 ], [ 143.18359498981701, 43.583792890429699 ], [ 143.184203790373004, 43.5844253296654 ], [ 143.184543440027994, 43.584979439749503 ], [ 143.185460799775996, 43.585971009754502 ], [ 143.185133020273014, 43.586412610153999 ], [ 143.183899479577008, 43.587188039796402 ], [ 143.183267570043, 43.587464930262499 ], [ 143.182856780415989, 43.587414089788602 ], [ 143.182261260149005, 43.587576000132501 ], [ 143.181119140036003, 43.587684280305403 ], [ 143.180769450349999, 43.587682880061003 ], [ 143.180444420073997, 43.588488890250197 ], [ 143.180302739979993, 43.588839679807599 ], [ 143.179485480170996, 43.590609159785103 ], [ 143.17664820994699, 43.590935410440999 ], [ 143.176164339612995, 43.591238970302399 ], [ 143.175355510049002, 43.591540850230203 ], [ 143.174435759902991, 43.593262550126802 ], [ 143.174251549969, 43.594199919790597 ], [ 143.173790460362, 43.594513759802297 ], [ 143.172732200230996, 43.594843970173301 ], [ 143.17010025962, 43.594753609891399 ], [ 143.168909880087, 43.594293059877003 ], [ 143.16648935030301, 43.594407420366302 ], [ 143.162953400378996, 43.594429809887998 ], [ 143.162416819880008, 43.594162870420298 ], [ 143.16080260965299, 43.593629559856502 ], [ 143.159004220068994, 43.593731710250403 ], [ 143.154759570197996, 43.591557969724697 ], [ 143.154015490022999, 43.591570720312603 ], [ 143.151794900215009, 43.592709660422699 ], [ 143.148221149986, 43.593805219935099 ], [ 143.146725650268991, 43.5952508603391 ], [ 143.146392339935005, 43.595381950017199 ], [ 143.145075000410998, 43.595057239899901 ], [ 143.142453820187995, 43.595094429564398 ], [ 143.14240061989301, 43.5950890597125 ], [ 143.142439910374009, 43.595343860131202 ], [ 143.141395499802996, 43.595833249604901 ], [ 143.140403300271998, 43.596501230047899 ], [ 143.139727150388012, 43.5974405899115 ], [ 143.139400190167009, 43.5978627595589 ], [ 143.138580530067998, 43.598054399691001 ], [ 143.138070549715991, 43.598278540422498 ], [ 143.138034160448001, 43.598309090392398 ], [ 143.137923050109009, 43.598402969721498 ], [ 143.137173869878012, 43.599277599981399 ], [ 143.13703914963699, 43.599394260037201 ], [ 143.136883049813008, 43.599494799745401 ], [ 143.136690549929, 43.599606730266501 ], [ 143.136576639999987, 43.599935859652398 ], [ 143.136030069832003, 43.599421180343398 ], [ 143.135197150128988, 43.598725679746501 ], [ 143.134675289732996, 43.598283500183499 ], [ 143.133637410039, 43.597389959878903 ], [ 143.133690800090989, 43.596626709755 ], [ 143.133671950299998, 43.596212019768998 ], [ 143.133588909601002, 43.596007600270703 ], [ 143.132941459780994, 43.596097029754297 ], [ 143.132114290342003, 43.596232839973801 ], [ 143.131560950078011, 43.5967252898404 ], [ 143.131060400017986, 43.597170519903699 ], [ 143.129900809675007, 43.597227670021098 ], [ 143.128844459703998, 43.597231330261799 ], [ 143.127120419772012, 43.597300749829898 ], [ 143.127362580219, 43.597852640387202 ], [ 143.127444760267991, 43.598338980259904 ], [ 143.127503590319009, 43.598991969903601 ], [ 143.127218859562987, 43.599350259806798 ], [ 143.127094420371009, 43.5995066303269 ], [ 143.126633599661005, 43.599733270274399 ], [ 143.126081969907005, 43.599912130140901 ], [ 143.12575838034499, 43.599968239742601 ], [ 143.125533389753997, 43.600006840443498 ], [ 143.124442389805012, 43.599726859906802 ], [ 143.123735260074, 43.599268839685401 ], [ 143.123520570317993, 43.598975819878397 ], [ 143.122739019889991, 43.598247000298997 ], [ 143.12226631014201, 43.597802879999101 ], [ 143.121968290105002, 43.5976945503634 ], [ 143.121447220213014, 43.5977548202289 ], [ 143.121243059720001, 43.597762319675503 ], [ 143.121016140082986, 43.597804809944201 ], [ 143.119457929740008, 43.598058360305203 ], [ 143.117652539832989, 43.598142210394897 ], [ 143.116871219631008, 43.598178019600098 ], [ 143.116084890205997, 43.5983740897926 ], [ 143.115880739604989, 43.598316320042301 ], [ 143.115463570188012, 43.598134110201201 ], [ 143.11514084037799, 43.5979541198869 ], [ 143.114938920095, 43.597797189988498 ], [ 143.114838099798988, 43.597718859937601 ], [ 143.114440940296987, 43.597355280222203 ], [ 143.114172099662994, 43.597094750222702 ], [ 143.114149050039003, 43.597072250084501 ], [ 143.114110440345002, 43.5970350298429 ], [ 143.113962689826991, 43.596906710076802 ], [ 143.113795200088987, 43.596906430387598 ], [ 143.113655219712996, 43.596887260438898 ], [ 143.113557170227011, 43.596834490019901 ], [ 143.113332480010001, 43.5967395000281 ], [ 143.113185549674, 43.596671999613299 ], [ 143.112911969611986, 43.596600890219101 ], [ 143.113308889894, 43.596408140323597 ], [ 143.113577760205999, 43.596284270402897 ], [ 143.113613039710003, 43.5962515000069 ], [ 143.113659979824007, 43.596246220087203 ], [ 143.113770809574987, 43.5962015102916 ], [ 143.114609359934008, 43.595871010339003 ], [ 143.115753999947003, 43.595548839907202 ], [ 143.117022499988991, 43.595470540433297 ], [ 143.118375430181999, 43.595456959771099 ], [ 143.119041209984005, 43.595441139796897 ], [ 143.119635320114014, 43.5953867101288 ], [ 143.120547749779007, 43.595203420201898 ], [ 143.121217689844997, 43.595233419786702 ], [ 143.121410179836005, 43.595232040226598 ], [ 143.121519329654006, 43.595240369747401 ], [ 143.121982109986988, 43.594779590405899 ], [ 143.122176000221998, 43.594602940173701 ], [ 143.122821830362994, 43.594008009861902 ], [ 143.122855709622996, 43.5939899595692 ], [ 143.123841520370007, 43.593468629773596 ], [ 143.123954020161989, 43.593315870031503 ], [ 143.123972360036987, 43.593233100027703 ], [ 143.123999310019997, 43.593178940156101 ], [ 143.123984650171991, 43.592368189640403 ], [ 143.123422230351991, 43.591896569870997 ], [ 143.122843489636011, 43.590662530051901 ], [ 143.122988779608988, 43.590340060145799 ], [ 143.123078239669013, 43.590132309558598 ], [ 143.123942659926001, 43.589455999594897 ], [ 143.124692119846003, 43.5885358303644 ], [ 143.124757190292001, 43.587518709720797 ], [ 143.122614599584011, 43.587492019641203 ], [ 143.120345639740009, 43.587440879692998 ], [ 143.120252600377, 43.587422820406999 ], [ 143.12025678042599, 43.587186179998398 ], [ 143.120347620046999, 43.587064529604497 ], [ 143.120438449775008, 43.5869453703327 ], [ 143.120471800233986, 43.586812050336 ], [ 143.120432380250008, 43.586528469813203 ], [ 143.120325750332995, 43.586194619886001 ], [ 143.12015607973899, 43.585730489670503 ], [ 143.119720830352009, 43.585846860144699 ], [ 143.11903309989799, 43.586049609602 ], [ 143.115976899613997, 43.586862260385203 ], [ 143.115339540187989, 43.585794030370401 ], [ 143.114995720375987, 43.585272970371499 ], [ 143.114381559860988, 43.585885950076701 ], [ 143.113835749619994, 43.586164519577103 ], [ 143.113116630129014, 43.586354209979 ], [ 143.112685309878998, 43.586062569732 ], [ 143.112745600429008, 43.585790649818797 ], [ 143.112615650191998, 43.585253490156603 ], [ 143.112024929607003, 43.5844874503358 ], [ 143.111693450292989, 43.582636810140897 ], [ 143.110484460190008, 43.581887969854101 ], [ 143.109902849737011, 43.581761300343899 ], [ 143.108559970366997, 43.581256599912301 ], [ 143.105122620313011, 43.579957770235097 ], [ 143.104013029577999, 43.5795561204188 ], [ 143.099905469661991, 43.5780478602207 ], [ 143.099060040388991, 43.577501229798102 ], [ 143.097318889955005, 43.576305219610397 ], [ 143.096687900425991, 43.575466410246797 ], [ 143.096318799773002, 43.574975900217801 ], [ 143.095124050435004, 43.5730630296353 ], [ 143.095108500256998, 43.573038860355297 ], [ 143.094660809649014, 43.572341150124103 ], [ 143.09341964000501, 43.570796569906001 ], [ 143.092501969989996, 43.570424370188697 ], [ 143.092416420181991, 43.570452980321001 ], [ 143.090056580246994, 43.570907319617298 ], [ 143.088878329870994, 43.5711125503041 ], [ 143.086828179576997, 43.5717529800162 ], [ 143.082904079559995, 43.571680390337903 ], [ 143.082489389573993, 43.571830079794502 ], [ 143.082097480315014, 43.571933949692202 ], [ 143.081880550346995, 43.571973099878797 ], [ 143.081302830362006, 43.572076959884001 ], [ 143.080883419834009, 43.572165540407497 ], [ 143.080794549729006, 43.572101100385602 ], [ 143.080672060268, 43.572029160017898 ], [ 143.080560129746004, 43.571977500261603 ], [ 143.080304060384009, 43.571889999823803 ], [ 143.08015379985801, 43.571852490000602 ], [ 143.079939149671986, 43.571814669911198 ], [ 143.079751620341, 43.571789989816402 ], [ 143.079604690004999, 43.5717699799008 ], [ 143.079374440177986, 43.571749419600202 ], [ 143.07903308990501, 43.571724129765002 ], [ 143.07887088008701, 43.5717199596086 ], [ 143.078614799933007, 43.571708290005702 ], [ 143.07847980989601, 43.571691339583801 ], [ 143.078321770233998, 43.571670780182501 ], [ 143.078136800372988, 43.571639390245799 ], [ 143.077960699626999, 43.571603830152803 ], [ 143.077914600378989, 43.571603549564301 ], [ 143.077825160103004, 43.571616599626601 ], [ 143.077586019579002, 43.571664920200099 ], [ 143.077539910438986, 43.571676300221299 ], [ 143.077191600312005, 43.571771560009701 ], [ 143.076850519836, 43.571842369929598 ], [ 143.076470829664999, 43.571935679987803 ], [ 143.076200030307007, 43.571974830174398 ], [ 143.075840059570993, 43.571990929837703 ], [ 143.075618689651009, 43.572005640048403 ], [ 143.075503429840012, 43.572016469684499 ], [ 143.075072880308994, 43.572598049560497 ], [ 143.074556780070992, 43.573084650236602 ], [ 143.074079310211999, 43.573467089634597 ], [ 143.073363490333008, 43.574237810426801 ], [ 143.073187109896992, 43.574415840218997 ], [ 143.072943770438997, 43.574915490057997 ], [ 143.071855480147008, 43.575940620063697 ], [ 143.070705249947991, 43.576969350055599 ], [ 143.070259980314006, 43.5773515196571 ], [ 143.070028049655008, 43.577480659604902 ], [ 143.06974278020499, 43.577587589895501 ], [ 143.069395030356986, 43.577622020440103 ], [ 143.069304760006986, 43.5776400698335 ], [ 143.069054779954001, 43.577643400023099 ], [ 143.068478159839003, 43.5776406103261 ], [ 143.068142639871013, 43.577607820144998 ], [ 143.067849889861009, 43.577561989794198 ], [ 143.067507980209001, 43.577450040387198 ], [ 143.066888049644007, 43.577172280276699 ], [ 143.066764730107991, 43.577087559643303 ], [ 143.066575320294987, 43.576858139891399 ], [ 143.066385080407002, 43.576573720301099 ], [ 143.066287319603987, 43.576291809819303 ], [ 143.066312899921002, 43.575947120363502 ], [ 143.066588749870988, 43.575293869916301 ], [ 143.066928490358009, 43.574562300210196 ], [ 143.067298789808007, 43.573734619956902 ], [ 143.067710739559004, 43.573131920401998 ], [ 143.066527550106997, 43.572487520183103 ], [ 143.066073709933988, 43.572241980083497 ], [ 143.065197399739986, 43.572135299804401 ], [ 143.063776729912007, 43.571398680404997 ], [ 143.062334399912999, 43.570565120384202 ], [ 143.061732249843999, 43.570086270065502 ], [ 143.060933210299993, 43.569134969903097 ], [ 143.060336650415991, 43.568394469928997 ], [ 143.060294709633013, 43.568366140385301 ], [ 143.060223350228, 43.5680928301202 ], [ 143.060163369944007, 43.567875349767696 ], [ 143.059920640226011, 43.567528990270802 ], [ 143.059780110363988, 43.567450379631502 ], [ 143.059667619565005, 43.567387329961498 ], [ 143.058426080299995, 43.567211470233303 ], [ 143.057768710058014, 43.566523180400601 ], [ 143.056396820357008, 43.567474129827403 ], [ 143.056363489683008, 43.567497460039903 ], [ 143.056080990146, 43.567893800258801 ], [ 143.055491919816006, 43.567480479940301 ], [ 143.055392210182987, 43.567410759998701 ], [ 143.054992289762993, 43.5670124502645 ], [ 143.053566289652991, 43.567461780337098 ], [ 143.053522400038986, 43.567494549833803 ], [ 143.052571339996007, 43.568200829704701 ], [ 143.05250996036699, 43.568133609878402 ], [ 143.052445530237009, 43.568041389798502 ], [ 143.052411089799989, 43.567974169972203 ], [ 143.052396379588998, 43.567921680141602 ], [ 143.052363059708, 43.567790020293401 ], [ 143.05234722984099, 43.567726969723999 ], [ 143.052315570107993, 43.5676625395947 ], [ 143.052277249995001, 43.567606709682103 ], [ 143.052239199680002, 43.567569209751397 ], [ 143.052183369766993, 43.567533100172597 ], [ 143.05215615987899, 43.567503929762701 ], [ 143.052067559569991, 43.567443929693802 ], [ 143.052039790304008, 43.5674042201288 ], [ 143.052035069763008, 43.567363659805203 ], [ 143.051995350304992, 43.567326169767099 ], [ 143.051909549585986, 43.567105350231898 ], [ 143.051871219580988, 43.567043129736803 ], [ 143.051857059756003, 43.566976749877298 ], [ 143.05186347012301, 43.566774270216598 ], [ 143.051832650356999, 43.566542630038498 ], [ 143.051742399792005, 43.566307930366897 ], [ 143.051637990301003, 43.566044609771097 ], [ 143.051592999917005, 43.565955180287503 ], [ 143.05155828968401, 43.565908789659098 ], [ 143.05149467973601, 43.565873510154503 ], [ 143.051355810023011, 43.5658168501677 ], [ 143.051275550026986, 43.5657718498911 ], [ 143.051233610142987, 43.565728800244102 ], [ 143.051174700052997, 43.565706690411602 ], [ 143.051122239899996, 43.565700180219302 ], [ 143.051039469896011, 43.565702120056997 ], [ 143.050965030312, 43.565703790097999 ], [ 143.050845040067003, 43.565725720066098 ], [ 143.050758939872992, 43.5657348796611 ], [ 143.050669499598001, 43.565760159603798 ], [ 143.050591729824987, 43.565767929746301 ], [ 143.050488129723988, 43.565751539601997 ], [ 143.050348420044003, 43.565739590310002 ], [ 143.050278149717002, 43.565737359991303 ], [ 143.05023038042799, 43.565766249812697 ], [ 143.050108999830996, 43.565819850305999 ], [ 143.050047059923997, 43.565854840228802 ], [ 143.049996230241987, 43.565875670326101 ], [ 143.049950120201999, 43.565883439569198 ], [ 143.049883180064995, 43.565879270312202 ], [ 143.049744029762991, 43.565857049863197 ], [ 143.04962653963301, 43.5658656500798 ], [ 143.049536549871988, 43.565851480361701 ], [ 143.049404620226994, 43.565850090009803 ], [ 143.049164369940002, 43.565859239712303 ], [ 143.049034659822013, 43.5658781299719 ], [ 143.049011600304993, 43.565951170210496 ], [ 143.048454040422001, 43.5675298698078 ], [ 143.047811199627006, 43.569351319807701 ], [ 143.046690229770007, 43.572689829871898 ], [ 143.044092629771001, 43.580208469745202 ], [ 143.042434199879011, 43.579408229606301 ], [ 143.042257000160987, 43.579370170297302 ], [ 143.041720919684991, 43.5794673699234 ], [ 143.041676479686004, 43.579475980032598 ], [ 143.041512040448993, 43.579589860284003 ], [ 143.041389809992012, 43.579802059817403 ], [ 143.04024932035, 43.579969789674202 ], [ 143.039982969937995, 43.579781469839098 ], [ 143.038597309817987, 43.578851800170597 ], [ 143.037054729691988, 43.577808250250698 ], [ 143.03759448030101, 43.577031119990401 ], [ 143.037600330391001, 43.5768150200973 ], [ 143.037669890252999, 43.575386820245697 ], [ 143.037812969692993, 43.575040469742099 ], [ 143.038079949630003, 43.574349699579201 ], [ 143.038593029944991, 43.573680889961302 ], [ 143.038833889972011, 43.573156220083703 ], [ 143.038555879850009, 43.572903730023299 ], [ 143.03838255980699, 43.572829839925397 ], [ 143.037311770321992, 43.573356990133199 ], [ 143.035970429691986, 43.573973559932 ], [ 143.034949110114013, 43.574156019784702 ], [ 143.034309979922, 43.574234050361298 ], [ 143.033726120263992, 43.57442596029 ], [ 143.033108099858993, 43.574546769817701 ], [ 143.033060329671002, 43.574444560068599 ], [ 143.033024229983994, 43.574403450259197 ], [ 143.03297200995101, 43.574358180186003 ], [ 143.032902299900996, 43.574305679563601 ], [ 143.032845090428992, 43.574210409882703 ], [ 143.032822879871986, 43.574162080315901 ], [ 143.032788999713006, 43.574044869875003 ], [ 143.032780670192011, 43.573970430291297 ], [ 143.032781520051003, 43.573884320205401 ], [ 143.032718759962989, 43.573689060302101 ], [ 143.032667389788003, 43.5735549003385 ], [ 143.032614620268987, 43.5734832396599 ], [ 143.032503529714006, 43.573385190174598 ], [ 143.032406589992007, 43.5733104798949 ], [ 143.032302169709993, 43.5732215900046 ], [ 143.032223569861998, 43.5731516002663 ], [ 143.032074150201993, 43.5730110497203 ], [ 143.032012769673997, 43.572934670298899 ], [ 143.031946670402988, 43.572831619683697 ], [ 143.031890299997002, 43.5727091302223 ], [ 143.031845869890986, 43.572514419804797 ], [ 143.031828119972005, 43.572315829711997 ], [ 143.031825350059989, 43.572193059662098 ], [ 143.031841470408011, 43.572103620286001 ], [ 143.031670379784003, 43.571988069993601 ], [ 143.031540120181006, 43.571918629741198 ], [ 143.031364860299988, 43.571792249812603 ], [ 143.031237379602004, 43.571665309606502 ], [ 143.031132679629991, 43.571530319568801 ], [ 143.031011020243, 43.571539489955697 ], [ 143.030901029559004, 43.5715447599828 ], [ 143.030758819764003, 43.571531700028103 ], [ 143.030544950189011, 43.571505039626103 ], [ 143.030445229764013, 43.571497530286898 ], [ 143.030380519944998, 43.571497809976101 ], [ 143.030233020337988, 43.571517809999101 ], [ 143.029998870152014, 43.571561689720397 ], [ 143.029811660079986, 43.571584740243701 ], [ 143.029493350438003, 43.571594450223898 ], [ 143.02895476984699, 43.5715913898309 ], [ 143.028741459651002, 43.571587490370597 ], [ 143.027830369975987, 43.572004110301599 ], [ 143.027542569833997, 43.572422679962898 ], [ 143.026573710408996, 43.5728284495735 ], [ 143.026179300134999, 43.572760670368801 ], [ 143.025602969602005, 43.572661229632203 ], [ 143.024874970203996, 43.572548999636801 ], [ 143.022948740191993, 43.572308150401 ], [ 143.02191216001799, 43.572172859989699 ], [ 143.021679959562988, 43.572128419990698 ], [ 143.021620519771005, 43.572117030077003 ], [ 143.021318850285013, 43.572323949690698 ], [ 143.020483370211991, 43.572004800081601 ], [ 143.020337859904998, 43.5715587300515 ], [ 143.020659239832014, 43.571546230374402 ], [ 143.020384589576992, 43.570836839748502 ], [ 143.018281659871008, 43.570449919928002 ], [ 143.018294030046007, 43.568661469651303 ], [ 143.02178389960801, 43.5679729702765 ], [ 143.021823639748987, 43.567712999655399 ], [ 143.021987579863008, 43.566634789863798 ], [ 143.02178653012399, 43.565596289637199 ], [ 143.022490960090011, 43.565229119828203 ], [ 143.022510399834999, 43.565200790284401 ], [ 143.023503739706001, 43.564211459591398 ], [ 143.024147079623987, 43.563578200174 ], [ 143.024129030230995, 43.5635131998744 ], [ 143.023828830236994, 43.562434699601901 ], [ 143.023631109787999, 43.561666180350102 ], [ 143.023190899740001, 43.560905420448996 ], [ 143.022628229909003, 43.559917470215197 ], [ 143.022228590077987, 43.559217810253898 ], [ 143.022041380005987, 43.559087270061603 ], [ 143.021967540269998, 43.558664260447401 ], [ 143.021236469688006, 43.558560369865297 ], [ 143.020445159816006, 43.558235110262302 ], [ 143.020149100301012, 43.5578906995963 ], [ 143.01981327995901, 43.5579504100835 ], [ 143.017831429577001, 43.558217290195998 ], [ 143.017738099734004, 43.558247010091598 ], [ 143.01574268038101, 43.558148099954998 ], [ 143.015698789867002, 43.558164480206798 ], [ 143.014899110006013, 43.5582178001115 ], [ 143.012906449772998, 43.5583338603196 ], [ 143.012440400403989, 43.557875019916402 ], [ 143.011197399740013, 43.558149689956402 ], [ 143.010659640229989, 43.558403539791698 ], [ 143.009711600109995, 43.559057900002202 ], [ 143.008664940334995, 43.560030819866597 ], [ 143.008183540438012, 43.560566590076199 ], [ 143.007138270115007, 43.561195950033202 ], [ 143.006595510375007, 43.561324820184502 ], [ 143.005689750082013, 43.561032330078099 ], [ 143.005252309946002, 43.560616530328801 ], [ 143.005021239938003, 43.560093519700303 ], [ 143.004984910025996, 43.559227229752999 ], [ 143.004958319770992, 43.558082079824302 ], [ 143.004949510012011, 43.556923600144202 ], [ 143.005186500256997, 43.556017320043502 ], [ 143.005382369901014, 43.555269629989603 ], [ 143.005459059587992, 43.554841069759703 ], [ 143.005629390284014, 43.553903120033098 ], [ 143.005771359959994, 43.553424009810399 ], [ 143.006061379628989, 43.552863799624802 ], [ 143.006616940319986, 43.552259990306503 ], [ 143.006570400404001, 43.550501849880597 ], [ 143.006791800001992, 43.550176340265999 ], [ 143.006415709816991, 43.550127450421698 ], [ 143.004922460204, 43.550246570123299 ], [ 143.004847740031011, 43.550269619747297 ], [ 143.004016670233, 43.550278219964099 ], [ 143.000909079990009, 43.550298710117502 ], [ 143.00068687010301, 43.550175109993503 ], [ 143.000615240000997, 43.549662109718803 ], [ 143.000811130329993, 43.548621120168697 ], [ 143.000868919865013, 43.548386710078802 ], [ 143.001091459803007, 43.547630970193303 ], [ 143.001416210390005, 43.546855509974002 ], [ 143.001481500271012, 43.546595259663697 ], [ 142.998518639724011, 43.546146380151498 ], [ 142.997011259961994, 43.545488929870402 ], [ 142.995123850086003, 43.545841340006 ], [ 142.994579149608001, 43.546072689703003 ], [ 142.993770640202996, 43.545234160028699 ], [ 142.993948189756992, 43.544142070100598 ], [ 142.994072959899, 43.5433357802223 ], [ 142.993323849815994, 43.543279649935997 ], [ 142.99111206976599, 43.543104610389598 ], [ 142.988895560181987, 43.542920129760297 ], [ 142.986749609606989, 43.542738419942303 ], [ 142.984679200285001, 43.542568670208098 ], [ 142.982705739678011, 43.542404730094397 ], [ 142.981339190151999, 43.542294969637297 ], [ 142.981299729699003, 43.5425004997984 ], [ 142.981070229907004, 43.543532040171698 ], [ 142.980841279602004, 43.544585800094801 ], [ 142.980612889572996, 43.545622050217602 ], [ 142.980567900089, 43.545602329883799 ], [ 142.980146549723997, 43.545414560433798 ], [ 142.979784089664008, 43.545252900101403 ], [ 142.979261919902001, 43.545071790131203 ], [ 142.978933060313011, 43.5449429100874 ], [ 142.97890168026899, 43.544930680206903 ], [ 142.978618099746001, 43.544787359749002 ], [ 142.978192310326989, 43.544567649977203 ], [ 142.977774579732994, 43.544335990014098 ], [ 142.977432119696999, 43.544186000183899 ], [ 142.976914669577013, 43.5440371102246 ], [ 142.976057809920007, 43.543799330375002 ], [ 142.975682010217014, 43.5437109899704 ], [ 142.975092070242994, 43.5435829301083 ], [ 142.974733770446989, 43.543496540333301 ], [ 142.974797119592012, 43.543174910394001 ], [ 142.974825489604996, 43.542683029798098 ], [ 142.974824670322988, 43.5424516702086 ], [ 142.974794409933992, 43.542276129739797 ], [ 142.974730540082987, 43.542055320097099 ], [ 142.974646680099994, 43.541789520070402 ], [ 142.974550309649004, 43.541564540271501 ], [ 142.974436729771014, 43.541337060357201 ], [ 142.974402860404012, 43.541261139590098 ], [ 142.974370629600998, 43.541187909594498 ], [ 142.974362860358013, 43.5411259795804 ], [ 142.974006770196013, 43.541199289615697 ], [ 142.970775300139991, 43.541867979623703 ], [ 142.970135349766991, 43.541911280181601 ], [ 142.970098410113991, 43.541902670072297 ], [ 142.969199609674007, 43.541689879684398 ], [ 142.967732790235999, 43.541618149758001 ], [ 142.966221219634008, 43.541949710011302 ], [ 142.964512460082005, 43.542147110301102 ], [ 142.963054519650996, 43.542235369766701 ], [ 142.962347639932005, 43.542041750226801 ], [ 142.961573749928988, 43.5428935502973 ], [ 142.961210119850989, 43.543482070241502 ], [ 142.960720900349003, 43.544596629730798 ], [ 142.960295910427988, 43.544954350363099 ], [ 142.959833690372989, 43.545289009680197 ], [ 142.959414269952987, 43.5453825904344 ], [ 142.95823329013399, 43.545049799908497 ], [ 142.95674235987201, 43.544442860050097 ], [ 142.955334480201998, 43.543754550432297 ], [ 142.953295309731004, 43.5426021096998 ], [ 142.952053960222003, 43.543442769868101 ], [ 142.951743659941997, 43.544026849859399 ], [ 142.951553060326006, 43.544747300347801 ], [ 142.952081789743005, 43.5460485501007 ], [ 142.952066729696014, 43.546704289871201 ], [ 142.951963650301991, 43.5471170103419 ], [ 142.951243670158988, 43.547575529687101 ], [ 142.950696689901008, 43.548517600107303 ], [ 142.950255590423012, 43.548886979550602 ], [ 142.949732540225, 43.549260229676001 ], [ 142.949501429746988, 43.549496030117801 ], [ 142.949050880193994, 43.549913450445601 ], [ 142.948657630046, 43.552615850241502 ], [ 142.948545359581004, 43.553318239645201 ], [ 142.950752849863989, 43.554545139746601 ], [ 142.951274989949013, 43.555062050273598 ], [ 142.952567480304992, 43.557554280306 ], [ 142.953333090249998, 43.559676549933002 ], [ 142.953538829953004, 43.560750579675698 ], [ 142.953586520101993, 43.562056549970002 ], [ 142.953623699873987, 43.562569829933899 ], [ 142.95347200043301, 43.563204760291597 ], [ 142.953008940410001, 43.563853550101399 ], [ 142.951880909976012, 43.564780320355702 ], [ 142.950916539967011, 43.564933029735698 ], [ 142.946063880043994, 43.565023569882001 ], [ 142.945370070172999, 43.564986599652002 ], [ 142.943693830106014, 43.565315659790002 ], [ 142.941689609988003, 43.565180579820101 ], [ 142.940066189802991, 43.564944430441301 ], [ 142.939029089820991, 43.564850499850898 ], [ 142.939160169605998, 43.565031320239399 ], [ 142.939433729883007, 43.565383799622801 ], [ 142.939703959969989, 43.565657109887901 ], [ 142.939970840081997, 43.5660312503421 ], [ 142.940115260411005, 43.566230960090898 ], [ 142.940387159640011, 43.566451499936903 ], [ 142.940853209907999, 43.566655110045502 ], [ 142.941435629750998, 43.566807619776 ], [ 142.941669770044001, 43.566907899580102 ], [ 142.941775860368011, 43.567019560304601 ], [ 142.941990810027988, 43.567436750405903 ], [ 142.942155760079999, 43.567856160033898 ], [ 142.942291560407, 43.568131130447497 ], [ 142.942350160231996, 43.568221679586998 ], [ 142.94252872961701, 43.5684966598931 ], [ 142.942632030243999, 43.568837469673703 ], [ 142.94276448958999, 43.569249369962598 ], [ 142.942840010158989, 43.569575449747397 ], [ 142.942828329764012, 43.569788759943499 ], [ 142.942754169869005, 43.569876809866997 ], [ 142.942603619761002, 43.570006230403401 ], [ 142.94230587042, 43.570125930167698 ], [ 142.942176150409011, 43.570239799627203 ], [ 142.942144479884007, 43.570378389651097 ], [ 142.942106139987004, 43.570537539975597 ], [ 142.942026130002006, 43.5707069596587 ], [ 142.941896689680988, 43.570851110190702 ], [ 142.941739200403987, 43.570995529620198 ], [ 142.941506150088998, 43.571262430417001 ], [ 142.94134309041101, 43.571528789821997 ], [ 142.941158379555986, 43.571739590010203 ], [ 142.94101281978601, 43.572008439637997 ], [ 142.940945590067003, 43.572222030422601 ], [ 142.940838079714013, 43.572472829757402 ], [ 142.940639750423998, 43.572693910096099 ], [ 142.940384209863993, 43.572828880348702 ], [ 142.939934240372992, 43.573086890447797 ], [ 142.939449000371013, 43.573294060073003 ], [ 142.939152070311991, 43.573469860445897 ], [ 142.939028460294992, 43.573673719666601 ], [ 142.938943450079989, 43.573890360052197 ], [ 142.938720109744992, 43.574380579600202 ], [ 142.938517319818999, 43.574850520335403 ], [ 142.938301190248012, 43.575355729783297 ], [ 142.938071460229992, 43.575902049939799 ], [ 142.937858960323013, 43.576143400097997 ], [ 142.93879359964501, 43.576001800043201 ], [ 142.939208490179993, 43.577104199799102 ], [ 142.939358440440003, 43.577546380261403 ], [ 142.939905810104989, 43.5787815604209 ], [ 142.939658840084007, 43.579496749875297 ], [ 142.940274329797006, 43.579667040102002 ], [ 142.940583460059003, 43.579776769982097 ], [ 142.941125889748008, 43.580047320227798 ], [ 142.941581370284013, 43.580433140177398 ], [ 142.941619149904, 43.580374529561098 ], [ 142.94168137039901, 43.580292880112502 ], [ 142.941732760359002, 43.580216220102699 ], [ 142.941806369868004, 43.580137069869998 ], [ 142.941936650156009, 43.5800245898631 ], [ 142.942053589901008, 43.579878500392603 ], [ 142.942114970429998, 43.579836000231403 ], [ 142.942202190279005, 43.579797119841402 ], [ 142.942258020192014, 43.579750189619702 ], [ 142.942344130278002, 43.579677140387901 ], [ 142.942502460420002, 43.579529940254702 ], [ 142.942581060267997, 43.579477169835698 ], [ 142.942700779816988, 43.579396360353897 ], [ 142.942914330131998, 43.5800371300097 ], [ 142.943410129974012, 43.579822180349503 ], [ 142.943575939777986, 43.579958010354098 ], [ 142.943699530009013, 43.580122439698997 ], [ 142.943696180035005, 43.580305479614402 ], [ 142.943676090080004, 43.581772540070901 ], [ 142.943654949716006, 43.582203050030898 ], [ 142.943491849569, 43.583237940378801 ], [ 142.941798300252003, 43.5847574196194 ], [ 142.942211849897006, 43.585069350370397 ], [ 142.943305310391992, 43.5858704295769 ], [ 142.943827759843003, 43.5859637801045 ], [ 142.945098740215002, 43.586190490199201 ], [ 142.94498480960101, 43.586937909557001 ], [ 142.943566040040992, 43.587117259554098 ], [ 142.94359296034699, 43.587555830137603 ], [ 142.944563149869992, 43.587518379669604 ], [ 142.94463057024501, 43.588654649692501 ], [ 142.944462239641013, 43.5887912998788 ], [ 142.943878379983005, 43.589268720275399 ], [ 142.943325900370013, 43.589712809998296 ], [ 142.943000919556994, 43.589965550070197 ], [ 142.942483189748003, 43.589896920106902 ], [ 142.94112610018999, 43.589731030263003 ], [ 142.941072489803986, 43.589867960138399 ], [ 142.940891080358995, 43.590357899997201 ], [ 142.940706620414005, 43.590848949619499 ], [ 142.940697729716987, 43.590934770123702 ], [ 142.940912709954006, 43.590977280177498 ], [ 142.941127409601989, 43.591017290116 ], [ 142.941305999672011, 43.591044240099798 ], [ 142.941492650366001, 43.591089240376299 ], [ 142.941703740136006, 43.591111469818699 ], [ 142.941754010439013, 43.591119249853598 ], [ 142.941977050400993, 43.591153149798203 ], [ 142.942050089740007, 43.591160369555602 ], [ 142.942208970268013, 43.5911912100065 ], [ 142.942369510045012, 43.591233440371099 ], [ 142.942557259709986, 43.591299000048998 ], [ 142.942721959750997, 43.591377609788999 ], [ 142.942926659838008, 43.5914481696975 ], [ 142.941641730082011, 43.592273019784201 ], [ 142.941469789599012, 43.592369390235298 ], [ 142.940170969815, 43.593174789784896 ], [ 142.936831699822989, 43.595216910032498 ], [ 142.936860300062989, 43.595259129605303 ], [ 142.937937320050992, 43.596848749670201 ], [ 142.937966760258007, 43.5969356799379 ], [ 142.937715370067991, 43.597295360192902 ], [ 142.935696160049986, 43.600361620292702 ], [ 142.935519769721992, 43.600626580352603 ], [ 142.935426990264006, 43.6007796197838 ], [ 142.935290320292012, 43.600950980203699 ], [ 142.935467799699012, 43.601090140397801 ], [ 142.935659439831994, 43.601262359670301 ], [ 142.935923020330989, 43.601429299922401 ], [ 142.936130209742004, 43.6015887398286 ], [ 142.936344900396989, 43.601783729935299 ], [ 142.936596529805996, 43.6019973297132 ], [ 142.936828720368993, 43.602169549884998 ], [ 142.936925380401988, 43.602238710448297 ], [ 142.937035079704998, 43.6023231495939 ], [ 142.937163119782014, 43.602440090238098 ], [ 142.937216720276012, 43.602533699770603 ], [ 142.937308649874012, 43.602693690061898 ], [ 142.937412800360988, 43.602855059913203 ], [ 142.937598049910008, 43.603090880140201 ], [ 142.937743019724991, 43.603290029611301 ], [ 142.93791132964401, 43.603485859684803 ], [ 142.938021039738999, 43.6035958503684 ], [ 142.938221289980987, 43.603811950261402 ], [ 142.938306550206988, 43.603928329728802 ], [ 142.938477919619999, 43.604079709910899 ], [ 142.938590680216009, 43.604153879697897 ], [ 142.938734550160007, 43.604266650185899 ], [ 142.938906469957999, 43.604388309572997 ], [ 142.939059229700007, 43.604511360211298 ], [ 142.939191160244008, 43.604576359611499 ], [ 142.939378089727001, 43.604641920188598 ], [ 142.939561400338988, 43.604682199923701 ], [ 142.93974527032799, 43.604686100283502 ], [ 142.939907759834995, 43.604678890418597 ], [ 142.940128580269999, 43.604652790294203 ], [ 142.940324670247008, 43.604666969904898 ], [ 142.940533820180008, 43.604683920326799 ], [ 142.94075852028999, 43.604737260016698 ], [ 142.94092377970901, 43.6048111501146 ], [ 142.941098210413998, 43.604847540281902 ], [ 142.941221250261009, 43.604893930011002 ], [ 142.941351509864006, 43.604956709884398 ], [ 142.941478170381004, 43.605030869779 ], [ 142.94139761001199, 43.605090309570301 ], [ 142.941305389932012, 43.605213899801797 ], [ 142.941238719591013, 43.605413319968903 ], [ 142.941151780331012, 43.605481920254597 ], [ 142.940904289601008, 43.605693830206299 ], [ 142.940679579598992, 43.605827419999599 ], [ 142.940401260110008, 43.605960169826098 ], [ 142.940204320273011, 43.606090979815001 ], [ 142.940051270049992, 43.606214019661401 ], [ 142.939838500347008, 43.606334550399403 ], [ 142.939526850183995, 43.606611449858697 ], [ 142.939417689575009, 43.606643939666199 ], [ 142.939169099873993, 43.606644480158799 ], [ 142.939098270169012, 43.606640040205797 ], [ 142.939024389964004, 43.606624759825003 ], [ 142.938956900340997, 43.606586699616699 ], [ 142.938898289723994, 43.606529759940699 ], [ 142.93881441984999, 43.606430040414203 ], [ 142.938707489558993, 43.606335879597303 ], [ 142.938649160430998, 43.6062978301809 ], [ 142.938585560375003, 43.606270050122902 ], [ 142.938540280409995, 43.606254490052798 ], [ 142.938451129715986, 43.606235320104098 ], [ 142.938405849750012, 43.606233650063103 ], [ 142.938343909844008, 43.606246149740201 ], [ 142.938303079722999, 43.606263369958697 ], [ 142.938246419736998, 43.6063000299226 ], [ 142.938200580392987, 43.606342520191298 ], [ 142.938176420106004, 43.606383069723101 ], [ 142.93813003037701, 43.606493060406599 ], [ 142.938093359621007, 43.606544999851998 ], [ 142.938054599740013, 43.606588500059402 ], [ 142.937969469915004, 43.606668310394397 ], [ 142.937936140141005, 43.606691080329298 ], [ 142.937830869999004, 43.606734960050503 ], [ 142.937686709573995, 43.606775229893103 ], [ 142.937516719721003, 43.606818829925203 ], [ 142.937358119782004, 43.606870200099799 ], [ 142.937228960048998, 43.6069188003625 ], [ 142.937098140166995, 43.607001840163001 ], [ 142.937045920132988, 43.607058500149797 ], [ 142.937024529757991, 43.607099049681601 ], [ 142.93700841031, 43.607155429979301 ], [ 142.937002009834998, 43.607377629973797 ], [ 142.937001169868012, 43.607487619757997 ], [ 142.937006439894986, 43.6075931695893 ], [ 142.936977829763009, 43.607698990116504 ], [ 142.936910600044001, 43.607838969592898 ], [ 142.936875330432002, 43.6078925700862 ], [ 142.936856159584011, 43.607976730441898 ], [ 142.936823370301994, 43.608138100293303 ], [ 142.936769750024013, 43.608421400227598 ], [ 142.93673669004599, 43.608485279971902 ], [ 142.936647519567998, 43.608638320302397 ], [ 142.936579189978005, 43.608743030166899 ], [ 142.936499740270989, 43.608867179776702 ], [ 142.936411130070013, 43.608971879748601 ], [ 142.936318359604996, 43.609030209776499 ], [ 142.936118089578002, 43.609128520065298 ], [ 142.936008929867995, 43.609169619982097 ], [ 142.935816170079988, 43.609221550434398 ], [ 142.935640349922011, 43.609256540357201 ], [ 142.935481470294008, 43.609305139720597 ], [ 142.935338700220996, 43.609371229998402 ], [ 142.935059830347001, 43.609467600449598 ], [ 142.934896779663006, 43.6094975901418 ], [ 142.934757349671997, 43.609517299683802 ], [ 142.934707359957002, 43.609516459717 ], [ 142.934706230408011, 43.609811709842702 ], [ 142.934729520150995, 43.610421649839502 ], [ 142.934742509958994, 43.6115698700536 ], [ 142.934696079759988, 43.612307570438198 ], [ 142.934790489688993, 43.612658649577199 ], [ 142.934876290408994, 43.613123060381099 ], [ 142.934997000111991, 43.6136782901212 ], [ 142.935037619789995, 43.6138590997178 ], [ 142.935067589698008, 43.614242960044699 ], [ 142.935098410362997, 43.614461550160598 ], [ 142.935155850063012, 43.615233979664602 ], [ 142.93522806022699, 43.615376470048197 ], [ 142.935371920277987, 43.615655890307302 ], [ 142.935524959708999, 43.615657009963201 ], [ 142.935670509586998, 43.615666180350097 ], [ 142.93587966041801, 43.615650360376002 ], [ 142.936098809912011, 43.615631759698097 ], [ 142.936473499852013, 43.615566510286399 ], [ 142.937405020325997, 43.616676449958398 ], [ 142.938386829987991, 43.617593350153101 ], [ 142.938540140116004, 43.6177319599622 ], [ 142.938294299641996, 43.6182377296876 ], [ 142.93804011975601, 43.618749610306502 ], [ 142.937740960277011, 43.619089560335098 ], [ 142.937222639612997, 43.619711970331302 ], [ 142.937180400254988, 43.620269690294201 ], [ 142.937098960349005, 43.621541499840497 ], [ 142.937810559709988, 43.621809559863401 ], [ 142.938373570383987, 43.6219059698848 ], [ 142.939318770444999, 43.621924069640301 ], [ 142.941107819670009, 43.6211373004462 ], [ 142.943240450387009, 43.620616910442202 ], [ 142.943872350029011, 43.620466679593697 ], [ 142.944959759884995, 43.620293970190701 ], [ 142.945711100287014, 43.620176519630803 ], [ 142.947276829862005, 43.619913010177498 ], [ 142.947314870284998, 43.620093549977497 ], [ 142.947358199620993, 43.6203226999328 ], [ 142.947361529810991, 43.6204385200218 ], [ 142.947316800229999, 43.620608769779103 ], [ 142.947729279682989, 43.620517139654503 ], [ 142.947977589694005, 43.620436320280099 ], [ 142.948056480023013, 43.620346059823 ], [ 142.948175929775999, 43.620098589778301 ], [ 142.94826343021299, 43.6199786103248 ], [ 142.948368419767007, 43.6199302798587 ], [ 142.948467859603994, 43.619912229565898 ], [ 142.948600909803986, 43.619873910352901 ], [ 142.948651449904986, 43.619989180056798 ], [ 142.948672559691005, 43.620036950245201 ], [ 142.948761720276991, 43.620251380097301 ], [ 142.948813649829987, 43.6204319198973 ], [ 142.948843640422012, 43.620539409566298 ], [ 142.948899189745987, 43.620666339879797 ], [ 142.948923910309986, 43.620833549928498 ], [ 142.948910569767008, 43.620898540335503 ], [ 142.948881400256994, 43.621118789700603 ], [ 142.948898890272005, 43.621345159851401 ], [ 142.948788330317001, 43.621511799729902 ], [ 142.948660560037013, 43.621539009617798 ], [ 142.948088649672002, 43.621631479709201 ], [ 142.947560350130004, 43.6218739297382 ], [ 142.947259810192008, 43.622007229949901 ], [ 142.947077589559001, 43.622093599939802 ], [ 142.946775670060987, 43.622203579831499 ], [ 142.946649839618999, 43.622249400289803 ], [ 142.946598449659007, 43.622386330165199 ], [ 142.946547059698986, 43.622526869919298 ], [ 142.946384560299009, 43.622683510236001 ], [ 142.946112080109003, 43.622870699623299 ], [ 142.945824590233002, 43.623022890094497 ], [ 142.945694880115013, 43.623076209999297 ], [ 142.945459889961995, 43.623186189890902 ], [ 142.944896319908992, 43.623528899938897 ], [ 142.944604110391992, 43.623681370099298 ], [ 142.94439162037699, 43.623816340352001 ], [ 142.943835549770995, 43.624018239949997 ], [ 142.943633619596, 43.624040999992303 ], [ 142.943414190412994, 43.6240809901457 ], [ 142.943314200190002, 43.624163750256997 ], [ 142.94316141976401, 43.624315670032303 ], [ 142.943083089713014, 43.624508150131199 ], [ 142.942948089782988, 43.624899490119603 ], [ 142.942688909666003, 43.625625789798498 ], [ 142.942535020375004, 43.625930749904299 ], [ 142.942330859881992, 43.626255700140597 ], [ 142.942061149603006, 43.626583149592797 ], [ 142.941756989893008, 43.627007539666401 ], [ 142.941651990447014, 43.627193899878797 ], [ 142.941623650112007, 43.627303889662898 ], [ 142.942562730285999, 43.627816100333 ], [ 142.942730210131003, 43.627922769820103 ], [ 142.942946030335008, 43.628059709588101 ], [ 142.943098499596005, 43.628408290410398 ], [ 142.943180710222009, 43.628556889888699 ], [ 142.943329030011, 43.628745490312298 ], [ 142.943528450178007, 43.629033249984701 ], [ 142.943725649919003, 43.629261849554901 ], [ 142.943939790189006, 43.629627659588998 ], [ 142.944070319589997, 43.6299959598458 ], [ 142.944202240240998, 43.630337880289098 ], [ 142.944283619893014, 43.630566190277598 ], [ 142.94435443970599, 43.630902280416102 ], [ 142.945279360054997, 43.630967869771602 ], [ 142.945447400178011, 43.630903169845602 ], [ 142.945792100424995, 43.630719870026198 ], [ 142.945990150026006, 43.630630439643298 ], [ 142.946647879995993, 43.6304343901352 ], [ 142.946890640291002, 43.6305071695704 ], [ 142.947391710158996, 43.630644399819303 ], [ 142.947793899569007, 43.630735799717598 ], [ 142.948228870165991, 43.630832480434798 ], [ 142.948481620130991, 43.630893039881997 ], [ 142.948494680085986, 43.630937210084397 ], [ 142.948553279909987, 43.631000540342797 ], [ 142.948646330064008, 43.631086369840297 ], [ 142.948682990028004, 43.631162750161003 ], [ 142.948729369864992, 43.631311069950101 ], [ 142.948796030312991, 43.631418840207502 ], [ 142.948879630390991, 43.631467730051902 ], [ 142.948923520004996, 43.631474680012602 ], [ 142.94895656019699, 43.6316810501405 ], [ 142.949018760007988, 43.632122119940099 ], [ 142.949180950041011, 43.632774839787203 ], [ 142.949218440078994, 43.632930110436398 ], [ 142.949214820307986, 43.633132859893699 ], [ 142.949214810414986, 43.633391729744702 ], [ 142.949182860201006, 43.633706700204201 ], [ 142.949238670329009, 43.634159429714103 ], [ 142.949290879571009, 43.634375249918001 ], [ 142.949324489932991, 43.634451909927897 ], [ 142.949364759775989, 43.634608839826299 ], [ 142.94938641994699, 43.6346682796176 ], [ 142.949404749930011, 43.634706890211 ], [ 142.949440579818997, 43.634732439950298 ], [ 142.949521689673986, 43.634794660445401 ], [ 142.949551680266012, 43.634829109875703 ], [ 142.949567510132994, 43.634912989642899 ], [ 142.949574450200998, 43.634981869617803 ], [ 142.949589729682003, 43.635033809962501 ], [ 142.949623330153003, 43.635104639667503 ], [ 142.949642220411988, 43.635179910224799 ], [ 142.949644709735992, 43.635267399870798 ], [ 142.949628039901995, 43.635384059926601 ], [ 142.949615819913987, 43.635474600072897 ], [ 142.949604709689993, 43.635537370053697 ], [ 142.949619429792989, 43.635592649581298 ], [ 142.94966776025899, 43.635602650042401 ], [ 142.949766360130013, 43.635649590156603 ], [ 142.949862180195993, 43.635720150064998 ], [ 142.949951900159988, 43.635769309706099 ], [ 142.950028279582, 43.635789590317501 ], [ 142.950281040338012, 43.6358051602801 ], [ 142.950423250133014, 43.635774339614301 ], [ 142.950532960228003, 43.635749899638299 ], [ 142.950689060052014, 43.635741300320902 ], [ 142.95092682011699, 43.635757140080102 ], [ 142.951142640320995, 43.635757429661801 ], [ 142.950845429672995, 43.636333469714003 ], [ 142.950681549813993, 43.636541490097798 ], [ 142.950286019884004, 43.637035869909703 ], [ 142.950049089894009, 43.637349989610499 ], [ 142.949894369629988, 43.637583289936998 ], [ 142.949767719904997, 43.6376946601806 ], [ 142.949219410447995, 43.638347350350102 ], [ 142.949149970195009, 43.638511769802498 ], [ 142.948932759639007, 43.638737569783203 ], [ 142.948358350057987, 43.639441919709 ], [ 142.948117529600012, 43.639695770443602 ], [ 142.947836989684987, 43.640100989669101 ], [ 142.947698110080012, 43.640427619838903 ], [ 142.947589220167004, 43.640726749640002 ], [ 142.947577000178995, 43.640760629799402 ], [ 142.947550329883995, 43.641006720284103 ], [ 142.947579490401012, 43.641468059903197 ], [ 142.947609759783006, 43.6417785904098 ], [ 142.947665870283998, 43.642002460445397 ], [ 142.947686140103002, 43.642209380059001 ], [ 142.947651970361989, 43.642352140239304 ], [ 142.947588089719005, 43.642471019821897 ], [ 142.947352819877011, 43.642696819802602 ], [ 142.947229770137994, 43.642844299624898 ], [ 142.9471597804, 43.642978449695903 ], [ 142.947125330070008, 43.643073710383597 ], [ 142.947148389586999, 43.6432634196713 ], [ 142.947180329909003, 43.643452840276602 ], [ 142.947116989757006, 43.643634489839997 ], [ 142.947073660421012, 43.643738359737704 ], [ 142.947033940063989, 43.643906960138303 ], [ 142.947041440410004, 43.644036389667797 ], [ 142.947168650413005, 43.644255540061302 ], [ 142.947191420347991, 43.644412749648801 ], [ 142.947105589951008, 43.644693830056397 ], [ 142.947050869802013, 43.644855760185401 ], [ 142.94701780982399, 43.645084900248101 ], [ 142.947020589629005, 43.6453307101443 ], [ 142.947200009773013, 43.6456726296882 ], [ 142.947606079757009, 43.646325919705603 ], [ 142.947917159749011, 43.646742570213597 ], [ 142.94815158962399, 43.646952560112702 ], [ 142.948460170401006, 43.647166439579699 ], [ 142.948675710016005, 43.647307550403298 ], [ 142.949000400348012, 43.6476117101125 ], [ 142.949307040387993, 43.6478925297166 ], [ 142.949510910399994, 43.648055020123302 ], [ 142.94970256042501, 43.648187799627401 ], [ 142.949836990184991, 43.648245299581099 ], [ 142.950100020299999, 43.648360019799199 ], [ 142.950320009760986, 43.648396419859097 ], [ 142.950747739916011, 43.648948330201399 ], [ 142.950945220246012, 43.649182490279898 ], [ 142.950993549813006, 43.649239709645002 ], [ 142.951014649706991, 43.6495996695892 ], [ 142.951040200345005, 43.650108800081199 ], [ 142.951081839854993, 43.650876230253999 ], [ 142.951139599713002, 43.652025570124103 ], [ 142.951177079859008, 43.652776889841697 ], [ 142.951225129736002, 43.652944379579601 ], [ 142.951414550341013, 43.653194370424004 ], [ 142.951647859660994, 43.6533735297647 ], [ 142.952157539638989, 43.653673250420397 ], [ 142.952613879926986, 43.653799370444702 ], [ 142.953114949795008, 43.653944660417899 ], [ 142.953929329975011, 43.653996359744397 ], [ 142.955105059550988, 43.654093359720903 ], [ 142.956121090215987, 43.6542020104146 ], [ 142.956489389573989, 43.654249800388101 ], [ 142.956656599622988, 43.654261749680202 ], [ 142.956863520134988, 43.654325089831197 ], [ 142.956967399925986, 43.654401749841 ], [ 142.956996840132007, 43.654486469575097 ], [ 142.956969620351998, 43.654569229686402 ], [ 142.956875179846008, 43.654701439919698 ], [ 142.956672139906999, 43.654817250116103 ], [ 142.956374660362002, 43.6549144497423 ], [ 142.956045520185, 43.655027480134301 ], [ 142.955561669634989, 43.655132170213697 ], [ 142.955348630135006, 43.655154110074299 ], [ 142.954871170169014, 43.655350459955898 ], [ 142.954525360156993, 43.655564030056098 ], [ 142.954215100347, 43.655782610279402 ], [ 142.953940120041011, 43.655959530308202 ], [ 142.953589870076996, 43.656108660386501 ], [ 142.953264890163013, 43.656260019884201 ], [ 142.953115740299012, 43.6562841801709 ], [ 142.95271521013899, 43.656371659924297 ], [ 142.952402739794991, 43.656399420197303 ], [ 142.952147200132998, 43.656426899881701 ], [ 142.952023320319995, 43.656481620030902 ], [ 142.951924720449995, 43.656554379680998 ], [ 142.951838059978996, 43.656740749786003 ], [ 142.951740559978987, 43.657057109698002 ], [ 142.951707220311988, 43.657242920424601 ], [ 142.951587779552995, 43.657520669743299 ], [ 142.951485850392004, 43.657629830352597 ], [ 142.951238640251006, 43.657747299798203 ], [ 142.950839229747004, 43.657937830166901 ], [ 142.950646180376992, 43.658306400220297 ], [ 142.950236760417994, 43.658714960427197 ], [ 142.950009829989995, 43.658913539728204 ], [ 142.949515139911995, 43.659257929709803 ], [ 142.949542919970014, 43.659372089650397 ], [ 142.949565140418997, 43.659439310376101 ], [ 142.949614850444988, 43.6595201396429 ], [ 142.949669290006, 43.659587360368597 ], [ 142.949731509602003, 43.659659580425497 ], [ 142.949793720204013, 43.659725409899899 ], [ 142.949859269988991, 43.659824290358898 ], [ 142.94989927003499, 43.659890949907599 ], [ 142.949951199588014, 43.659954010369503 ], [ 142.950020360151996, 43.660012889883099 ], [ 142.950059799920012, 43.660058450437297 ], [ 142.950125909983001, 43.660099560246699 ], [ 142.950211459791007, 43.660134560062097 ], [ 142.950273670394012, 43.660165389721101 ], [ 142.950318110392999, 43.660198720394803 ], [ 142.950363660155006, 43.660255390274202 ], [ 142.950405600039005, 43.660322610100501 ], [ 142.950436989975003, 43.660374269856803 ], [ 142.950493370272994, 43.660416209740397 ], [ 142.950565870019005, 43.660450929866698 ], [ 142.950642530029, 43.660483159770202 ], [ 142.950739740447005, 43.660518709970603 ], [ 142.950782510404991, 43.660542599561502 ], [ 142.950847509804987, 43.660594819595403 ], [ 142.950928050388995, 43.660663990051297 ], [ 142.950996100290013, 43.660708990327798 ], [ 142.951042490019006, 43.660690100068202 ], [ 142.951175259630986, 43.660665660092299 ], [ 142.951254140066993, 43.660645390272698 ], [ 142.951298580066009, 43.6606237301012 ], [ 142.951349970025007, 43.660601790240598 ], [ 142.951414400154988, 43.660589289664102 ], [ 142.951496619772996, 43.660554850126402 ], [ 142.951553009963988, 43.660520969967003 ], [ 142.951599389800009, 43.660503749748401 ], [ 142.95168188011499, 43.660488199570899 ], [ 142.951738549993991, 43.660467370372999 ], [ 142.951796319745, 43.6604351602546 ], [ 142.951878259674004, 43.660373220347999 ], [ 142.951943810359012, 43.660342110100501 ], [ 142.952094349675008, 43.660297119716503 ], [ 142.952165180278996, 43.660287409736299 ], [ 142.952294060322998, 43.6602546402396 ], [ 142.952510160216008, 43.660220199802602 ], [ 142.952594319671988, 43.660208819781403 ], [ 142.952790129960988, 43.660168280142202 ], [ 142.952866239585006, 43.660164389675003 ], [ 142.952924569613003, 43.660166340304599 ], [ 142.953048720123007, 43.660171339635802 ], [ 142.953080660443987, 43.660166340304599 ], [ 142.953255930217011, 43.660129690233198 ], [ 142.953400919817, 43.660120529738798 ], [ 142.953470080379986, 43.660096640147998 ], [ 142.953533130050005, 43.660078320058602 ], [ 142.953584789806001, 43.660072479861199 ], [ 142.953692009679003, 43.660068879875098 ], [ 142.953770610426005, 43.660056380197901 ], [ 142.953873660140999, 43.660027500269102 ], [ 142.953970320173994, 43.660021390275098 ], [ 142.954094469783996, 43.6600261198097 ], [ 142.954161409920999, 43.660019179741496 ], [ 142.954228350058997, 43.660000019685299 ], [ 142.954302230264005, 43.659972520215803 ], [ 142.954375009698992, 43.659942810212698 ], [ 142.954462219655994, 43.659904759896897 ], [ 142.954518609845991, 43.659867820243903 ], [ 142.954656930074009, 43.6597581101489 ], [ 142.954793029874992, 43.659686179673599 ], [ 142.954857469897007, 43.659630079964401 ], [ 142.954888859833005, 43.6596059097851 ], [ 142.954951629813991, 43.6595520296027 ], [ 142.955124400371005, 43.659435660027803 ], [ 142.955254949556007, 43.659306229598997 ], [ 142.955335500032987, 43.659251520241597 ], [ 142.955396330176995, 43.659195970018203 ], [ 142.955433820215006, 43.659155139897997 ], [ 142.955543259613989, 43.659018489711698 ], [ 142.955592099996011, 43.658940200130303 ], [ 142.955618540063995, 43.6588962898321 ], [ 142.955685199612986, 43.658766579713998 ], [ 142.955720749812997, 43.658698529813499 ], [ 142.956448459629001, 43.659312669644201 ], [ 142.957439189667014, 43.660129030130797 ], [ 142.95746613965099, 43.660150979884001 ], [ 142.957442250060012, 43.660167080446598 ], [ 142.957279759653005, 43.660258459660298 ], [ 142.957030609675002, 43.660451209555802 ], [ 142.956854790416003, 43.660619800063898 ], [ 142.956668969796993, 43.660759780439697 ], [ 142.956333439936003, 43.661016410079398 ], [ 142.955987069647989, 43.661251089966001 ], [ 142.955713209896999, 43.661463560195301 ], [ 142.955369060034002, 43.661737130364401 ], [ 142.955206580419002, 43.661831009693501 ], [ 142.955054639959997, 43.661910439615298 ], [ 142.954959099582993, 43.661952369606396 ], [ 142.954708279563988, 43.662151789773397 ], [ 142.954528850425987, 43.662297329758097 ], [ 142.954463580330014, 43.662360929813197 ], [ 142.95426165015499, 43.662561740332201 ], [ 142.95415276024201, 43.6626797799481 ], [ 142.954071939968003, 43.662753650260903 ], [ 142.953935000200005, 43.662953629806303 ], [ 142.953781119902999, 43.663255820000202 ], [ 142.953746680364986, 43.6634074699789 ], [ 142.953693900053992, 43.663686890237997 ], [ 142.954283300434014, 43.663887449846101 ], [ 142.954674930003989, 43.6640341202786 ], [ 142.955599299967986, 43.664357629800897 ], [ 142.956008139863997, 43.664738269655601 ], [ 142.956805569621991, 43.665506010094497 ], [ 142.957152760091986, 43.665889040347103 ], [ 142.957617709590011, 43.666503729663503 ], [ 142.958147100009, 43.667234509765002 ], [ 142.958718430310995, 43.668000849959398 ], [ 142.959164490449012, 43.668599140138397 ], [ 142.959535840307012, 43.6691188295705 ], [ 142.959742480231995, 43.669538249990403 ], [ 142.960172170009997, 43.669361060165002 ], [ 142.960804889834009, 43.669094709753203 ], [ 142.960985440425986, 43.668968339717303 ], [ 142.961186250046012, 43.668783650445299 ], [ 142.961370129928014, 43.668691989743699 ], [ 142.961634830083995, 43.668565900296201 ], [ 142.96178815010299, 43.668498139977302 ], [ 142.962017850443999, 43.668423710286199 ], [ 142.962115339651007, 43.668414549791798 ], [ 142.962547800240998, 43.668415680239598 ], [ 142.962799450335012, 43.668449010013902 ], [ 142.963319119982003, 43.6685501396774 ], [ 142.963911560071011, 43.668724029890299 ], [ 142.964164589723993, 43.668814310132497 ], [ 142.964345130423993, 43.668942920379699 ], [ 142.964428180117011, 43.669041520250097 ], [ 142.964610659753987, 43.6691837399378 ], [ 142.964943120229009, 43.669342349769799 ], [ 142.965147820315991, 43.669439290391097 ], [ 142.965299189706002, 43.6695351203497 ], [ 142.965412239882994, 43.669594009755897 ], [ 142.965771640448992, 43.669783729835402 ], [ 142.965920790311998, 43.6698928904447 ], [ 142.966076050169988, 43.669972330259 ], [ 142.966214919882987, 43.670089000207398 ], [ 142.966458229663999, 43.670343709794601 ], [ 142.966566820102997, 43.6705267497099 ], [ 142.966609869749988, 43.670741729947103 ], [ 142.96662013011499, 43.671059199622498 ], [ 142.966612340187993, 43.671417780006699 ], [ 142.966598169570005, 43.6714738896085 ], [ 142.967340880078012, 43.671610850060901 ], [ 142.967703900414989, 43.671656409715702 ], [ 142.967887489816007, 43.671690029971003 ], [ 142.968098860173995, 43.6718277998133 ], [ 142.968313000444994, 43.6719141895883 ], [ 142.968474370296008, 43.672021410359903 ], [ 142.968855160337995, 43.672209740087602 ], [ 142.969022370386, 43.672298350288798 ], [ 142.969190959994989, 43.672419739879302 ], [ 142.969271229882992, 43.672498620315302 ], [ 142.969446759559986, 43.672635560083201 ], [ 142.969679510400994, 43.672849720138601 ], [ 142.969721720080997, 43.672956650429199 ], [ 142.969791440022988, 43.673054699914601 ], [ 142.969903640340988, 43.673302179851902 ], [ 142.969985289790003, 43.673443559572803 ], [ 142.970103879790003, 43.673766870344899 ], [ 142.970203030046008, 43.674109899652301 ], [ 142.970257459713991, 43.674258220340803 ], [ 142.970380219871004, 43.674510980197702 ], [ 142.970541300141008, 43.6748109598581 ], [ 142.97067766973899, 43.675134269730897 ], [ 142.970768209884994, 43.675355920239703 ], [ 142.970952349670995, 43.6756661800503 ], [ 142.971048440433009, 43.675896990154101 ], [ 142.971100369986004, 43.6760333696445 ], [ 142.971130089881996, 43.676061700087502 ], [ 142.971196469740988, 43.676125310035196 ], [ 142.971292850085007, 43.676287519853297 ], [ 142.971452549894991, 43.676530010351897 ], [ 142.971515319876005, 43.676634999905502 ], [ 142.97171223003599, 43.676841379925897 ], [ 142.971840830389993, 43.676976369963697 ], [ 142.971956369890989, 43.677118020380497 ], [ 142.972124960398986, 43.677311350338698 ], [ 142.972257720117994, 43.677486889908202 ], [ 142.972438529714992, 43.677734090156299 ], [ 142.972551290310008, 43.677892690095703 ], [ 142.972641559760007, 43.678007680110497 ], [ 142.972730160069005, 43.678121560361902 ], [ 142.972784319941013, 43.678174609570803 ], [ 142.972867650222014, 43.678253220210102 ], [ 142.972956249631011, 43.678355990236902 ], [ 142.973039570020006, 43.6784890404371 ], [ 142.973064840070009, 43.6785509695518 ], [ 142.973129840370007, 43.678544030382902 ], [ 142.973223160320998, 43.678544040275398 ], [ 142.973316209576012, 43.678545150038801 ], [ 142.973410640189002, 43.678552930073799 ], [ 142.97347675025199, 43.678564870372597 ], [ 142.973580350352989, 43.6785923698421 ], [ 142.973711170234992, 43.678617649784897 ], [ 142.973951149826007, 43.678651820425301 ], [ 142.974061699888011, 43.678682659977 ], [ 142.974278340273003, 43.678720159907598 ], [ 142.974459440351012, 43.678738499782099 ], [ 142.974566930019989, 43.678760439642801 ], [ 142.974728579561003, 43.678782949673597 ], [ 142.974846350278995, 43.678787670215002 ], [ 142.974977170160003, 43.678805170122601 ], [ 142.975118270192013, 43.678842400256698 ], [ 142.975252969748993, 43.6788835100661 ], [ 142.975430739637005, 43.678925729638898 ], [ 142.975871529746996, 43.679014620428603 ], [ 142.976027070192998, 43.679062959887901 ], [ 142.976389530252987, 43.679164339562803 ], [ 142.976593400264989, 43.679239069627599 ], [ 142.976700889933994, 43.679270179875097 ], [ 142.977016970156996, 43.679338229775603 ], [ 142.977141410248009, 43.679377960025001 ], [ 142.977214179790991, 43.6794085099949 ], [ 142.977296390416001, 43.679466009948598 ], [ 142.977409990078996, 43.679565719582499 ], [ 142.977474979586987, 43.679612110210897 ], [ 142.977549140381001, 43.6796548900613 ], [ 142.977798560156003, 43.679748770289699 ], [ 142.977877160003004, 43.679765719812302 ], [ 142.978070480068993, 43.679797109749003 ], [ 142.978206300181, 43.679817670049601 ], [ 142.978366839957999, 43.679861559663401 ], [ 142.978660420043013, 43.679974330151403 ], [ 142.978754859649001, 43.6800229403066 ], [ 142.979000670445004, 43.680129330104599 ], [ 142.979251479672001, 43.680237659740399 ], [ 142.97935397001001, 43.680271539899799 ], [ 142.979445070433997, 43.680310989560702 ], [ 142.979517560287007, 43.680350979714099 ], [ 142.979373130065994, 43.680360980175202 ], [ 142.979237309953987, 43.680364859850599 ], [ 142.979123429703009, 43.680381800379998 ], [ 142.978986489935011, 43.680394020367899 ], [ 142.978736240085993, 43.680380679824701 ], [ 142.978613749725014, 43.680385119777597 ], [ 142.978567359995992, 43.680390950082398 ], [ 142.97841654009099, 43.680432329688401 ], [ 142.97836265990901, 43.680459830057302 ], [ 142.978292109893005, 43.6805014902517 ], [ 142.978240170448004, 43.68052399039 ], [ 142.978068239858004, 43.680581750247804 ], [ 142.977943520077986, 43.6806317498555 ], [ 142.977889919583987, 43.680646739755403 ], [ 142.977776040231987, 43.680659240331899 ], [ 142.977690770113014, 43.680671179731299 ], [ 142.977568279753001, 43.680695619707301 ], [ 142.97743968029701, 43.680738660361001 ], [ 142.977238580196996, 43.680783100360003 ], [ 142.977168589559, 43.680812259977998 ], [ 142.977006379740999, 43.680920300032 ], [ 142.976956380133004, 43.680949740238503 ], [ 142.976776389819008, 43.6810194502876 ], [ 142.976672230339005, 43.681067779854303 ], [ 142.976602520289987, 43.6810797201532 ], [ 142.976501969790007, 43.681084990180302 ], [ 142.976394480121002, 43.681077210145297 ], [ 142.976120339782, 43.681045259930997 ], [ 142.976027009939003, 43.681026929948999 ], [ 142.975975069594, 43.681007480311102 ], [ 142.97595923972699, 43.6809999799653 ], [ 142.976108939976001, 43.681242469564502 ], [ 142.976304199878996, 43.681563270328802 ], [ 142.97665664958501, 43.682092679633598 ], [ 142.977039929849013, 43.682701509866902 ], [ 142.977425159842994, 43.683282020448999 ], [ 142.977710959892988, 43.683754210388699 ], [ 142.978012579916992, 43.684199730033697 ], [ 142.978424759895006, 43.684575259940502 ], [ 142.978966919788007, 43.685049949995303 ], [ 142.979369930278011, 43.685406040156799 ], [ 142.979784610372008, 43.685783230212103 ], [ 142.980463690247007, 43.686373469660097 ], [ 142.980878079859991, 43.6867390098976 ], [ 142.981177760045995, 43.6870128804403 ], [ 142.981636040170997, 43.687426180074297 ], [ 142.982043489715011, 43.687810599779503 ], [ 142.982040149633008, 43.687835879722201 ], [ 142.982015699764986, 43.688116690333203 ], [ 142.981975410137011, 43.6885116500927 ], [ 142.981924559770988, 43.688932989665901 ], [ 142.981887340429012, 43.689072149860003 ], [ 142.981838449685, 43.689112979980202 ], [ 142.981365149981997, 43.689292390231799 ], [ 142.98103323, 43.689424040187497 ], [ 142.980782689670008, 43.689508189751301 ], [ 142.980624089729986, 43.6895490198715 ], [ 142.980513259979006, 43.6895990095868 ], [ 142.980416320257007, 43.689643169896598 ], [ 142.980384379935003, 43.689658999763203 ], [ 142.980231889989994, 43.6896989899166 ], [ 142.980135790235011, 43.689737040232401 ], [ 142.979680260235995, 43.689879519824203 ], [ 142.979356669775001, 43.689995330020601 ], [ 142.979251680221012, 43.690022549801 ], [ 142.979155020187989, 43.690045040046797 ], [ 142.978937809631987, 43.690130029577297 ], [ 142.978798379642001, 43.690163630047699 ], [ 142.978680330132988, 43.690200299904099 ], [ 142.978586170216005, 43.690231959637401 ], [ 142.978468400396991, 43.690284169778799 ], [ 142.978226749865001, 43.690396379989103 ], [ 142.977973980114996, 43.690498030359997 ], [ 142.977770389791999, 43.690567740409101 ], [ 142.977599290174993, 43.690466080145697 ], [ 142.977421540071987, 43.690359419651699 ], [ 142.977232950439998, 43.690226650040003 ], [ 142.977015749776996, 43.690079709810902 ], [ 142.97684466005299, 43.6899855498934 ], [ 142.976680229809006, 43.689891659772499 ], [ 142.976564969998009, 43.689800279659302 ], [ 142.976448040144987, 43.689730840306197 ], [ 142.976196950329012, 43.689601399984802 ], [ 142.976027810335012, 43.689493350038198 ], [ 142.975856440022994, 43.6893789104086 ], [ 142.975722010263013, 43.689305020310599 ], [ 142.975596189713002, 43.689210589697097 ], [ 142.975373159643993, 43.6891058699401 ], [ 142.97508984981701, 43.688981429849299 ], [ 142.975007640091007, 43.688928930126202 ], [ 142.974823770101011, 43.6888381003982 ], [ 142.974693229909008, 43.688738940250097 ], [ 142.974567420150009, 43.688646169785102 ], [ 142.974417710008993, 43.688536449797503 ], [ 142.974324110369992, 43.6884372896494 ], [ 142.974052200349007, 43.688206469652997 ], [ 142.973886949923013, 43.688056200133701 ], [ 142.973747250136, 43.687885380206303 ], [ 142.973649480338992, 43.687811220311701 ], [ 142.973473119689004, 43.687637609788098 ], [ 142.973178720322011, 43.687312080388402 ], [ 142.972784599629989, 43.686904329571298 ], [ 142.972651849802986, 43.686772390033902 ], [ 142.972560469689995, 43.686698230139399 ], [ 142.972497150223006, 43.686619070014203 ], [ 142.972184130393003, 43.686347970282803 ], [ 142.971824450138001, 43.686178809604499 ], [ 142.971620590018006, 43.6860313198897 ], [ 142.971264239953001, 43.685787719627697 ], [ 142.970864840240012, 43.685552170096699 ], [ 142.970462659823994, 43.685330239898803 ], [ 142.970120189894999, 43.685170520303402 ], [ 142.969899939631006, 43.685106080281599 ], [ 142.969765509870996, 43.6850966302055 ], [ 142.969629679865989, 43.685104680037099 ], [ 142.969413029587997, 43.685162449787398 ], [ 142.969276380301011, 43.685210770360897 ], [ 142.969185830262006, 43.685254929771403 ], [ 142.969002230069009, 43.685400750344499 ], [ 142.968801129968, 43.685602390038397 ], [ 142.968630579837992, 43.685791530055198 ], [ 142.968612530444005, 43.6858062501585 ], [ 142.968575589891998, 43.685836530331798 ], [ 142.968540590076003, 43.685865139564697 ], [ 142.968430590400004, 43.685954569947597 ], [ 142.968225320143006, 43.6861814895843 ], [ 142.968052549585991, 43.6864034098896 ], [ 142.967809770405012, 43.686648660407499 ], [ 142.96763117044199, 43.6868511400682 ], [ 142.967532000402002, 43.686977510104199 ], [ 142.967493670397005, 43.687108060188997 ], [ 142.967451709828993, 43.6872985995509 ], [ 142.96744920971301, 43.687437749852499 ], [ 142.967443089826986, 43.6875630200175 ], [ 142.967397239690996, 43.6878371603568 ], [ 142.967321960140993, 43.688022700387499 ], [ 142.967213910194005, 43.688183240164598 ], [ 142.967177520027008, 43.688284889636101 ], [ 142.967098350008996, 43.688394329934603 ], [ 142.966954189583987, 43.688506809941501 ], [ 142.966773919580987, 43.688597629777 ], [ 142.966608099884013, 43.68865651019 ], [ 142.966424509583987, 43.688678450050602 ], [ 142.966316740226006, 43.688674000205097 ], [ 142.96621841015201, 43.6886492796407 ], [ 142.965975110263003, 43.688551499951899 ], [ 142.965881230034995, 43.688524840449197 ], [ 142.965857620132994, 43.688537060437199 ], [ 142.965846509908999, 43.688555390419097 ], [ 142.965863730127012, 43.688587610429998 ], [ 142.965962050309003, 43.688683989874399 ], [ 142.966243389721001, 43.688976749777297 ], [ 142.966380319595999, 43.689152020449598 ], [ 142.966510849895997, 43.689305339569998 ], [ 142.966662210293009, 43.689550879669497 ], [ 142.966796079775008, 43.689816140102899 ], [ 142.966839679808004, 43.689927520239102 ], [ 142.966932989865995, 43.690076400305799 ], [ 142.967053810185007, 43.690284159886197 ], [ 142.967178219699008, 43.690585250209303 ], [ 142.967188769645986, 43.6906971897237 ], [ 142.96714682976301, 43.690772179692502 ], [ 142.967056550420011, 43.690825499597302 ], [ 142.966755180407006, 43.6910713103928 ], [ 142.966593520075008, 43.691187410170997 ], [ 142.966574910404006, 43.691100470010802 ], [ 142.966543249771007, 43.691035469711302 ], [ 142.966467710317005, 43.690964089621197 ], [ 142.966351890227998, 43.690894369679597 ], [ 142.966267729871987, 43.690848259639701 ], [ 142.966176910037007, 43.690795759916597 ], [ 142.965973879990997, 43.690640769855797 ], [ 142.965747519731991, 43.690547160323398 ], [ 142.965468940340003, 43.690420780394803 ], [ 142.965350340446008, 43.6903868903429 ], [ 142.965236739884006, 43.690367160116502 ], [ 142.965085640289999, 43.690365769764597 ], [ 142.96494148975799, 43.690355489614298 ], [ 142.964804829678997, 43.690339380058496 ], [ 142.964629020312998, 43.690301040161003 ], [ 142.964415979914008, 43.690244370281597 ], [ 142.964296280149, 43.690189650132403 ], [ 142.964086579832014, 43.690067989846 ], [ 142.963798279667003, 43.689887440153399 ], [ 142.963729680281006, 43.689855220142498 ], [ 142.963667180095996, 43.689875220165398 ], [ 142.963493029979986, 43.689942150410097 ], [ 142.963316090165989, 43.690014369567699 ], [ 142.963074169837, 43.690076299581698 ], [ 142.962868910372009, 43.690103790057996 ], [ 142.962571429928005, 43.690095170056203 ], [ 142.962204250225994, 43.690036560339102 ], [ 142.961985660110003, 43.6899673898833 ], [ 142.961901220064988, 43.689917109687002 ], [ 142.961689579910001, 43.689824619810501 ], [ 142.961591259729005, 43.689806000246897 ], [ 142.961523199936011, 43.689854050124502 ], [ 142.961426539902988, 43.690001260150197 ], [ 142.961329869977988, 43.690176799719701 ], [ 142.961124870416995, 43.690465379573801 ], [ 142.960921819686007, 43.690742850102602 ], [ 142.960831820033007, 43.690888110398099 ], [ 142.960738490188987, 43.690974219584703 ], [ 142.960717650199996, 43.691050039627797 ], [ 142.960621259963006, 43.691240859578201 ], [ 142.960542929912009, 43.691415280390999 ], [ 142.960462370442002, 43.691532769621801 ], [ 142.960278209971989, 43.691754689927201 ], [ 142.960036550447001, 43.691966609771399 ], [ 142.95986350020101, 43.692171040061602 ], [ 142.959656559901987, 43.6923735098298 ], [ 142.959480180366, 43.692554879704097 ], [ 142.959340180205004, 43.692728750131899 ], [ 142.959228239791997, 43.692890959949999 ], [ 142.959137130373989, 43.693055390194303 ], [ 142.959035179630007, 43.693246200252098 ], [ 142.958869070351994, 43.693470900361902 ], [ 142.958785749962999, 43.693503950447102 ], [ 142.958596320363995, 43.693517829684303 ], [ 142.958178030391991, 43.693537260436401 ], [ 142.957833340037013, 43.693553360099699 ], [ 142.957556140203991, 43.693567519925303 ], [ 142.95738727000699, 43.6935713996006 ], [ 142.957002309809013, 43.693618060025599 ], [ 142.956656230000988, 43.693630819606803 ], [ 142.956470129693002, 43.693641099757102 ], [ 142.956200160408997, 43.693694970046998 ], [ 142.95560686956199, 43.693895769774102 ], [ 142.955012750437987, 43.694104909813902 ], [ 142.95453000965199, 43.694277930382299 ], [ 142.954076709971986, 43.694477900035203 ], [ 142.953983390021989, 43.694515950350997 ], [ 142.953481199598002, 43.694705360164399 ], [ 142.953011239977002, 43.694880059767101 ], [ 142.952638210185, 43.695019759554398 ], [ 142.952370449636987, 43.695139739907198 ], [ 142.952045479615009, 43.695284160236 ], [ 142.951724939654014, 43.695467190258803 ], [ 142.951385239637005, 43.695671609757099 ], [ 142.951243029842004, 43.695769369660901 ], [ 142.951069150421006, 43.6959129698079 ], [ 142.950796940027004, 43.696144330296796 ], [ 142.950492229932991, 43.696364850357703 ], [ 142.950140030238003, 43.696591490305202 ], [ 142.949784780044013, 43.696780910011199 ], [ 142.949465630434986, 43.696942549659099 ], [ 142.949033169844995, 43.697125299992798 ], [ 142.948795679576989, 43.697212509949601 ], [ 142.948390159978004, 43.697311930001703 ], [ 142.948027139640999, 43.697381919740003 ], [ 142.947709390276003, 43.697418010432997 ], [ 142.94713000024899, 43.697478829784401 ], [ 142.946514220055008, 43.697526580187699 ], [ 142.945710969885994, 43.6975868302682 ], [ 142.945259899625, 43.697612380007499 ], [ 142.944823550367005, 43.697620140257399 ], [ 142.944519139747001, 43.697611249559699 ], [ 142.943834209780988, 43.697617900046197 ], [ 142.943547290075998, 43.697624830221898 ], [ 142.943421189835988, 43.697610389807799 ], [ 142.943195659651991, 43.697642599926198 ], [ 142.942807360272013, 43.697763139657397 ], [ 142.942689870142004, 43.697805069648403 ], [ 142.942543769878995, 43.6978531204254 ], [ 142.942257959936995, 43.697999209895798 ], [ 142.941838540416001, 43.698197239711 ], [ 142.941398860069995, 43.6983666504008 ], [ 142.941127209953009, 43.698454419735903 ], [ 142.940886949772988, 43.698559959674597 ], [ 142.940597809640991, 43.698665770309198 ], [ 142.940336720264014, 43.6987351997698 ], [ 142.940130350136002, 43.698762969935302 ], [ 142.939865380182994, 43.6988012999402 ], [ 142.939727329752998, 43.698854900433503 ], [ 142.939268760044996, 43.698975149683598 ], [ 142.938998229584996, 43.6990784700955 ], [ 142.938821299663005, 43.699162619659297 ], [ 142.938581589868988, 43.699297599804503 ], [ 142.938299389804996, 43.699474800421903 ], [ 142.938074130317005, 43.699594500186201 ], [ 142.937861369606992, 43.699707539571499 ], [ 142.937545560079997, 43.699861689665397 ], [ 142.937288360270003, 43.699959169879897 ], [ 142.936910059551991, 43.700092759673304 ], [ 142.936708130276003, 43.700174130332002 ], [ 142.936518980366998, 43.700226339574101 ], [ 142.936253450137002, 43.700265499653298 ], [ 142.936086800366013, 43.700303549969 ], [ 142.935415749637002, 43.700411570237897 ], [ 142.935025790108, 43.700459610223 ], [ 142.934682210416014, 43.700460989782997 ], [ 142.934372799565011, 43.700436539914598 ], [ 142.934196970414007, 43.700847330440098 ], [ 142.934035849675013, 43.701287830069496 ], [ 142.933821689619009, 43.701820549778702 ], [ 142.933272020387989, 43.7016527695598 ], [ 142.932552099600002, 43.701407219567699 ], [ 142.931738019794011, 43.701137229599603 ], [ 142.930756159769004, 43.701309129612802 ], [ 142.929231829585007, 43.701940409622402 ], [ 142.928510770255997, 43.70221563994 ], [ 142.927180559634991, 43.703027459749599 ], [ 142.927092499818997, 43.703235769715199 ], [ 142.926966940071992, 43.703336310322598 ], [ 142.926616119937989, 43.703663769667401 ], [ 142.927134390240013, 43.703925699911302 ], [ 142.927107940279001, 43.704740890380002 ], [ 142.927135959557006, 43.705178899786603 ], [ 142.927164829593011, 43.705462209613501 ], [ 142.927266200275, 43.705574140134601 ], [ 142.927323960133009, 43.705729960269601 ], [ 142.92734756014201, 43.7059380004386 ], [ 142.927587250151987, 43.706033549808602 ], [ 142.927751680396, 43.706068000138302 ], [ 142.927831409791992, 43.7057591396728 ], [ 142.927980850136009, 43.705632210258401 ], [ 142.92814861956299, 43.705596390261299 ], [ 142.928290830257993, 43.705605840337498 ], [ 142.928411920374003, 43.705652779552302 ], [ 142.928510520244004, 43.705746110294903 ], [ 142.92856301007501, 43.705844710165401 ], [ 142.928538830002992, 43.705976639810302 ], [ 142.928463560344994, 43.706082460337399 ], [ 142.928371059677005, 43.706132450052699 ], [ 142.928304949613988, 43.706225500206799 ], [ 142.928328549622989, 43.706292159755499 ], [ 142.928709059975006, 43.706460209771002 ], [ 142.928969029696987, 43.706627700408198 ], [ 142.92944369007401, 43.706805470296402 ], [ 142.929983349851994, 43.706933809847598 ], [ 142.930281930167013, 43.707005480418701 ], [ 142.930395799627007, 43.707106860093702 ], [ 142.93034886041201, 43.707184350177798 ], [ 142.930164139662992, 43.707314050403298 ], [ 142.930114700333007, 43.7074087696992 ], [ 142.930098019707998, 43.707515420300602 ], [ 142.930143289781, 43.707598749682703 ], [ 142.930223840258009, 43.707652350175998 ], [ 142.930826279909013, 43.7076904301694 ], [ 142.931289849846991, 43.707666549571798 ], [ 142.931617870368996, 43.707677399892198 ], [ 142.931865620102002, 43.707706010024502 ], [ 142.932085040293003, 43.707814059971 ], [ 142.932193629832, 43.707896560178298 ], [ 142.932232789912007, 43.7079304502303 ], [ 142.93228584002, 43.7080043304356 ], [ 142.932323880442993, 43.708171810281002 ], [ 142.932279980037009, 43.708428449813297 ], [ 142.932319689601997, 43.7084887295714 ], [ 142.932403009990992, 43.708504840026499 ], [ 142.932624659600009, 43.708494569768703 ], [ 142.932691599738007, 43.708537339726597 ], [ 142.932713789610006, 43.708848979996603 ], [ 142.932670460274011, 43.7089417495623 ], [ 142.932547129945988, 43.709009240084498 ], [ 142.932004399882999, 43.709080050004403 ], [ 142.931748860222001, 43.709141140051699 ], [ 142.931373049727, 43.709315829761898 ], [ 142.930924750277001, 43.709426920316297 ], [ 142.930407280372009, 43.709696879707401 ], [ 142.930204229641987, 43.709843800151397 ], [ 142.930009789920007, 43.710137370343503 ], [ 142.929848959661996, 43.710271520414501 ], [ 142.929638969763005, 43.710362619939097 ], [ 142.929409530225996, 43.7107000698525 ], [ 142.929222859747, 43.7109775403814 ], [ 142.929019249638998, 43.7112480501576 ], [ 142.928748979982004, 43.711576889961698 ], [ 142.928894789763007, 43.711757159965103 ], [ 142.929123370447002, 43.711901039801297 ], [ 142.929242529719005, 43.711926040054898 ], [ 142.929352239813994, 43.711906040031899 ], [ 142.929722770389986, 43.711745799729002 ], [ 142.930091350335999, 43.711637489878399 ], [ 142.930360770134001, 43.711616669673703 ], [ 142.930511590038009, 43.711556120118999 ], [ 142.930954620360012, 43.711286729998697 ], [ 142.931194049565988, 43.711201190083003 ], [ 142.931746780090009, 43.7110853897791 ], [ 142.932207289634988, 43.711090960179803 ], [ 142.932788620399009, 43.711148470025996 ], [ 142.933110809715998, 43.711165149751999 ], [ 142.933503559841995, 43.711079330147101 ], [ 142.933821319998003, 43.710873809878599 ], [ 142.934175750011008, 43.710628009874902 ], [ 142.934432129638992, 43.710467759679503 ], [ 142.934679050198014, 43.710373609654503 ], [ 142.934857089882996, 43.710404719902002 ], [ 142.934937080081994, 43.710440270102502 ], [ 142.934988179561003, 43.7105516502386 ], [ 142.935034269815986, 43.710804130406501 ], [ 142.935108140128989, 43.710966330331999 ], [ 142.935156469694988, 43.711001890425102 ], [ 142.935241180436009, 43.710986059659099 ], [ 142.93530673022201, 43.710977999934897 ], [ 142.935374780122004, 43.711016060143201 ], [ 142.935401720213008, 43.711058279715999 ], [ 142.935433090364995, 43.711247700321302 ], [ 142.93547641970099, 43.711301579604402 ], [ 142.935591680411989, 43.711311029680402 ], [ 142.935712509724993, 43.711321870108399 ], [ 142.935872759919988, 43.711391580157503 ], [ 142.936075510276993, 43.7115132404439 ], [ 142.936124390228997, 43.711611840314298 ], [ 142.936077999600002, 43.711723779828702 ], [ 142.936092709810993, 43.711870979961901 ], [ 142.936179360388991, 43.711988749781099 ], [ 142.936321849873991, 43.712036799658698 ], [ 142.936499330179998, 43.712054859844002 ], [ 142.936700700077012, 43.712063479845902 ], [ 142.936859569813009, 43.7121395795781 ], [ 142.937098700445006, 43.712367619769999 ], [ 142.937197019726995, 43.712431229717701 ], [ 142.937369499802998, 43.712478999906097 ], [ 142.937492810344992, 43.712618990174398 ], [ 142.93776581034399, 43.713002290223699 ], [ 142.937794969961999, 43.713141720214402 ], [ 142.937792180265006, 43.713302820269099 ], [ 142.937672459816014, 43.713440570326199 ], [ 142.937678280228994, 43.713639719797399 ], [ 142.937509669934997, 43.713862470176998 ], [ 142.937499930277994, 43.714016059993398 ], [ 142.937545480040001, 43.714131610285698 ], [ 142.937560200142997, 43.714180209649101 ], [ 142.937614080326, 43.714227430351798 ], [ 142.937683239990008, 43.714221879736101 ], [ 142.938074890243996, 43.713898309959198 ], [ 142.938272379566996, 43.713726669850097 ], [ 142.938457919596999, 43.713674180019602 ], [ 142.938609289887012, 43.713714459754698 ], [ 142.938720390333998, 43.713826949654198 ], [ 142.938683990274001, 43.714051930352497 ], [ 142.938725359988013, 43.714170800042602 ], [ 142.938878390425998, 43.714301629816497 ], [ 142.938942549859007, 43.714398289849399 ], [ 142.938931710329996, 43.714538270225098 ], [ 142.938849759609013, 43.714732139776601 ], [ 142.938900029912986, 43.714792409642101 ], [ 142.938935849909996, 43.714817960280797 ], [ 142.939023899832989, 43.714776300086299 ], [ 142.939189740214005, 43.714524390088698 ], [ 142.939246119612989, 43.714508839911197 ], [ 142.939299729998993, 43.714532730401302 ], [ 142.939379720197991, 43.714564390134697 ], [ 142.93946552001799, 43.7148371401221 ], [ 142.939559400245997, 43.714920750092702 ], [ 142.939711040332014, 43.714995740061497 ], [ 142.939765200203993, 43.7150787897545 ], [ 142.939774619703002, 43.715349320215097 ], [ 142.939784329682993, 43.715641789637097 ], [ 142.939772929876995, 43.715822320443898 ], [ 142.93957348003201, 43.716147009876799 ], [ 142.939444590096002, 43.716275600338903 ], [ 142.939279880163014, 43.716299759726297 ], [ 142.939054900363999, 43.716322800357098 ], [ 142.938873249901008, 43.716416399997001 ], [ 142.938777410049994, 43.716636369672898 ], [ 142.938560480082003, 43.716740239570598 ], [ 142.938092460299004, 43.716827439634798 ], [ 142.937750539856012, 43.717093510357401 ], [ 142.937583599604011, 43.717142949687599 ], [ 142.937344459978988, 43.717185439956303 ], [ 142.937253069972996, 43.71725264989 ], [ 142.937039470195998, 43.7174217898839 ], [ 142.936902540320006, 43.717470669835699 ], [ 142.936684499689989, 43.717487599573197 ], [ 142.936537849941999, 43.717483159620301 ], [ 142.936439799557007, 43.717488989925101 ], [ 142.936328709902, 43.717378990248399 ], [ 142.936267609961988, 43.717339830169202 ], [ 142.936214559853994, 43.717305670320599 ], [ 142.936146509954, 43.717262060395903 ], [ 142.936065140193989, 43.7171467897927 ], [ 142.936034869912987, 43.717047349955401 ], [ 142.936079610285987, 43.716839600267498 ], [ 142.936120450299001, 43.716624069645299 ], [ 142.936063239926995, 43.716501580183902 ], [ 142.935806050009006, 43.716343810318698 ], [ 142.935676349783989, 43.716238540176697 ], [ 142.935578320084005, 43.716052730349404 ], [ 142.935426400307989, 43.715880799759198 ], [ 142.935088669805992, 43.7155736003415 ], [ 142.934812890003002, 43.715255850077597 ], [ 142.934590699901008, 43.714995589874697 ], [ 142.934391570215013, 43.7148497702009 ], [ 142.933925240257992, 43.714647279748299 ], [ 142.933752479593011, 43.714564780440398 ], [ 142.933446130035009, 43.714379789895503 ], [ 142.933250319747003, 43.7143295195918 ], [ 142.933032289907999, 43.714324510368002 ], [ 142.932826470165992, 43.714399490444301 ], [ 142.932664540036996, 43.714501969990103 ], [ 142.932555380326988, 43.7145708499649 ], [ 142.932501769941013, 43.714558350287803 ], [ 142.932452059914993, 43.714543069906902 ], [ 142.932353739733003, 43.714473080168702 ], [ 142.932240419760006, 43.714337529853303 ], [ 142.932105720202998, 43.714255310234499 ], [ 142.931963510407996, 43.714230589670102 ], [ 142.931848249696998, 43.7142403104422 ], [ 142.931706319591001, 43.714219189863897 ], [ 142.931629110095997, 43.714155310119601 ], [ 142.931504679896989, 43.714123920182899 ], [ 142.931386080003989, 43.714137519730897 ], [ 142.931236090173996, 43.7141250200538 ], [ 142.931003899610005, 43.713985029785498 ], [ 142.930956130320993, 43.713994190279799 ], [ 142.930890020258005, 43.714097509792403 ], [ 142.930841959589003, 43.7142558201501 ], [ 142.930766119760989, 43.7143724703134 ], [ 142.930646410104004, 43.714436350057703 ], [ 142.930523919742996, 43.714424130069702 ], [ 142.930385050029997, 43.714383850334599 ], [ 142.930048699987992, 43.7142130196153 ], [ 142.929756799837008, 43.7140341399638 ], [ 142.929593490147994, 43.713949699918899 ], [ 142.929469059949014, 43.7139155301778 ], [ 142.929336019641994, 43.713912750373296 ], [ 142.929202970341009, 43.7139196904415 ], [ 142.929061040235013, 43.713923300320197 ], [ 142.928995219754, 43.713901909945399 ], [ 142.928959669552995, 43.713880239881298 ], [ 142.928971340055, 43.713809420068898 ], [ 142.929005779593012, 43.713744980046997 ], [ 142.929080220076003, 43.713727759828402 ], [ 142.929236319900014, 43.713640000385901 ], [ 142.929226320339012, 43.713563069680099 ], [ 142.929204660166988, 43.713514179835698 ], [ 142.928701940042998, 43.713454169874197 ], [ 142.928565570444988, 43.713380009979602 ], [ 142.928418640107992, 43.713252239699301 ], [ 142.928314489622011, 43.713208629774599 ], [ 142.927915080016987, 43.7131916703595 ], [ 142.927828979824, 43.713163339916399 ], [ 142.927762879652988, 43.713128900378599 ], [ 142.927700390261009, 43.713084179791203 ], [ 142.927644289651994, 43.712988080035998 ], [ 142.927684010008988, 43.712904479957999 ], [ 142.927765399554005, 43.712797830255901 ], [ 142.927953439699991, 43.712648960081602 ], [ 142.928046220057013, 43.712452319718899 ], [ 142.928021510284992, 43.712313729694998 ], [ 142.928115670202004, 43.712291789834403 ], [ 142.928072060277003, 43.712272070399898 ], [ 142.927814589771998, 43.712250390443302 ], [ 142.927532949985988, 43.712220669648303 ], [ 142.927455739591011, 43.712204280403398 ], [ 142.927332140365991, 43.712166499884198 ], [ 142.927199930133014, 43.712151220402703 ], [ 142.927073829893999, 43.7121459395836 ], [ 142.926873299963006, 43.712137600170301 ], [ 142.926576379795989, 43.712158139786503 ], [ 142.926342520090998, 43.712150630447397 ], [ 142.925921169725996, 43.7121561702712 ], [ 142.92568786040701, 43.712142829728002 ], [ 142.925532040272003, 43.712159209979703 ], [ 142.925333440286011, 43.7121822596038 ], [ 142.925094860039991, 43.712171420075201 ], [ 142.924757390341, 43.712110300350297 ], [ 142.924310220439992, 43.712032800373599 ], [ 142.923919709627, 43.7119044698156 ], [ 142.923564470223994, 43.711790299982503 ], [ 142.923263950071004, 43.711635870199402 ], [ 142.922845660099, 43.7114930902341 ], [ 142.922524309848995, 43.7112945001412 ], [ 142.922251010375987, 43.711275599989101 ], [ 142.921848540377994, 43.7113152996615 ], [ 142.92141747014, 43.711446380346302 ], [ 142.921133879725005, 43.711455539941397 ], [ 142.920860299662991, 43.711423860422997 ], [ 142.920637540289988, 43.711489400315699 ], [ 142.919778179618987, 43.7115573998543 ], [ 142.919308229890987, 43.7116962497823 ], [ 142.918284140400999, 43.712184200340701 ], [ 142.918508280232999, 43.712344189732697 ], [ 142.91873546966599, 43.712464459667302 ], [ 142.918852959795998, 43.712555569983699 ], [ 142.918899620221993, 43.712630009567498 ], [ 142.918964050351008, 43.712780270093603 ], [ 142.919046529874009, 43.712953310447098 ], [ 142.919125400416988, 43.713103290384701 ], [ 142.91915372996101, 43.713197720098897 ], [ 142.919153450272006, 43.7132790997508 ], [ 142.919139560242996, 43.713364090180796 ], [ 142.91909678039201, 43.713499070326002 ], [ 142.919082330086013, 43.713635719612903 ], [ 142.919067879778993, 43.713743759666997 ], [ 142.919020659976013, 43.713895129956398 ], [ 142.918987039720008, 43.7140328899061 ], [ 142.918991479672997, 43.7141462098799 ], [ 142.919018970150006, 43.714260359927799 ], [ 142.919067580305011, 43.714350630277501 ], [ 142.919149229753003, 43.7144514595674 ], [ 142.919321430140002, 43.7146156101225 ], [ 142.919536949969995, 43.714805320309402 ], [ 142.919686380422007, 43.714978640352101 ], [ 142.919789690041995, 43.715080850101302 ], [ 142.919978830058994, 43.715225560011703 ], [ 142.920023549746986, 43.715292500148898 ], [ 142.920113810203986, 43.715528029894799 ], [ 142.920130189557, 43.715670239689999 ], [ 142.920142399652008, 43.715852159949399 ], [ 142.920184889920989, 43.715994090055403 ], [ 142.920263759564989, 43.716163790326803 ], [ 142.920323470052011, 43.716311559730897 ], [ 142.920355129786003, 43.716413489790902 ], [ 142.920355119893003, 43.716619019951999 ], [ 142.920366509806996, 43.716712619591902 ], [ 142.920425380327003, 43.716898430318501 ], [ 142.920460929628007, 43.717032030004397 ], [ 142.920466480243988, 43.717130069597196 ], [ 142.920439809948988, 43.717292270422099 ], [ 142.920413969728997, 43.717401699928701 ], [ 142.92043034998099, 43.7175480699876 ], [ 142.92050366990901, 43.717712779921001 ], [ 142.920601710401002, 43.717850539870703 ], [ 142.920731690314994, 43.717968860074997 ], [ 142.920873339833008, 43.718044969699697 ], [ 142.921096649590993, 43.718155249965001 ], [ 142.92123024028399, 43.718239959806503 ], [ 142.92140216008201, 43.718385509683699 ], [ 142.921389940094002, 43.718537149769801 ], [ 142.921411590372998, 43.718841000112199 ], [ 142.921506840268989, 43.719147640151597 ], [ 142.921567370037991, 43.719442880384797 ], [ 142.921555950446987, 43.719843389860699 ], [ 142.92153953961801, 43.720225570254101 ], [ 142.921497570056999, 43.7205880303135 ], [ 142.921145089774001, 43.720837430303298 ], [ 142.920632069714003, 43.721091270246099 ], [ 142.920001000145987, 43.721445640004397 ], [ 142.919769340182995, 43.7216511701656 ], [ 142.919454629628007, 43.721986950037902 ], [ 142.919194909916996, 43.722362169678497 ], [ 142.91908407027401, 43.7226818498876 ], [ 142.918984609751988, 43.723031249992303 ], [ 142.918850160207, 43.723294549903699 ], [ 142.918669050237014, 43.723521459647799 ], [ 142.918379619624005, 43.723866960292099 ], [ 142.918126009908008, 43.724150799819697 ], [ 142.917720180042011, 43.724779600398399 ], [ 142.91740018956699, 43.725271470202401 ], [ 142.917271029834012, 43.725413390415802 ], [ 142.916964940180009, 43.725529750098097 ], [ 142.916719130284008, 43.725586679881502 ], [ 142.91647804003, 43.725632490447303 ], [ 142.916430539637986, 43.725794139987698 ], [ 142.916287210186994, 43.725934390160099 ], [ 142.916072220057004, 43.726154080146799 ], [ 142.915905840083013, 43.726328490167901 ], [ 142.915811959854011, 43.726418200239898 ], [ 142.915792520108994, 43.726437089600203 ], [ 142.915777790112998, 43.726450969736597 ], [ 142.915515890445988, 43.726286810188299 ], [ 142.915333689597986, 43.7262106996643 ], [ 142.915143720407002, 43.7261604203673 ], [ 142.914961239869996, 43.726111810211997 ], [ 142.91474154988299, 43.726051249865499 ], [ 142.914599619776993, 43.726023190118298 ], [ 142.914566569691999, 43.726016519846702 ], [ 142.914400199609986, 43.725941519985298 ], [ 142.914303550368999, 43.725869860205997 ], [ 142.914167740148997, 43.725765699827399 ], [ 142.913996650424991, 43.725626820221699 ], [ 142.913778629580008, 43.725461270321503 ], [ 142.913708360153009, 43.725416549734199 ], [ 142.91364557038699, 43.725353779753299 ], [ 142.913588940078, 43.725270179675199 ], [ 142.913511739575, 43.724977149975601 ], [ 142.913481480086006, 43.724766619584003 ], [ 142.913468160228007, 43.724548310056598 ], [ 142.913427900278009, 43.7244005496458 ], [ 142.913307089850008, 43.724246399551902 ], [ 142.913104340393005, 43.724056409675697 ], [ 142.91299435960201, 43.723926699557701 ], [ 142.912809119944995, 43.723686719966302 ], [ 142.912574709854994, 43.723446180097298 ], [ 142.912518329557003, 43.723381740075403 ], [ 142.912290870328007, 43.7230476095597 ], [ 142.912102289688988, 43.722865680307102 ], [ 142.911974530201007, 43.722789569782996 ], [ 142.91188454043899, 43.722719849841397 ], [ 142.911725679697014, 43.722621240078396 ], [ 142.911615689911997, 43.722584019836802 ], [ 142.911250180252011, 43.722527900342499 ], [ 142.910822170406988, 43.722449840088203 ], [ 142.910555530414001, 43.722447599877 ], [ 142.910333330419007, 43.722480640069598 ], [ 142.910142520361006, 43.722534239663602 ], [ 142.909823100056002, 43.7226767102621 ], [ 142.909578120233988, 43.722771960157999 ], [ 142.909275369763009, 43.722827770285598 ], [ 142.908988450056995, 43.7228780297974 ], [ 142.90866654042901, 43.722911900064297 ], [ 142.90833574999499, 43.722958820393401 ], [ 142.908142150239996, 43.723014080135798 ], [ 142.907916620056, 43.723101839578398 ], [ 142.907642479716998, 43.7232440295884 ], [ 142.907329729683994, 43.723391219829097 ], [ 142.907103089736012, 43.723496470186099 ], [ 142.906750620244992, 43.723700039825097 ], [ 142.906408699802, 43.723916660425701 ], [ 142.906298989707011, 43.7239624799846 ], [ 142.906189279611993, 43.723985529608697 ], [ 142.906052070046997, 43.723976909606797 ], [ 142.905632399615996, 43.723937170364302 ], [ 142.905352709559992, 43.7239341000789 ], [ 142.905007750307988, 43.7239821301714 ], [ 142.904764999905012, 43.724054610132299 ], [ 142.904472529584012, 43.724163199672098 ], [ 142.903860920444998, 43.7244434104352 ], [ 142.903304019764988, 43.724654740324198 ], [ 142.903211260092007, 43.724692510051497 ], [ 142.903110429902995, 43.724715840263997 ], [ 142.90305487967899, 43.7247122303853 ], [ 142.902914349817991, 43.724660559837197 ], [ 142.90248717994001, 43.724516660215798 ], [ 142.901979189787994, 43.724363039822599 ], [ 142.901270950293991, 43.724209410436103 ], [ 142.901073200168014, 43.7241802400262 ], [ 142.900832129699012, 43.7239069297611 ], [ 142.900648290286995, 43.723556120418799 ], [ 142.900483039861001, 43.7233472501756 ], [ 142.900327789896011, 43.7232253102001 ], [ 142.900143089832, 43.723138920425001 ], [ 142.899606500340013, 43.722946970026797 ], [ 142.899295989617997, 43.722844739593199 ], [ 142.899260720005998, 43.722815019697599 ], [ 142.899197399640002, 43.722711139907297 ], [ 142.899009110381996, 43.722415889781601 ], [ 142.898938849947996, 43.722259789957498 ], [ 142.898848309801991, 43.7221459097061 ], [ 142.898611959873989, 43.721954249789 ], [ 142.898320059723005, 43.721772030055298 ], [ 142.898228690401993, 43.7217039801547 ], [ 142.898032329728011, 43.721620639980699 ], [ 142.89794401000799, 43.7215734201774 ], [ 142.897893190219008, 43.721529529664203 ], [ 142.897866250128004, 43.721450929816697 ], [ 142.897878759696994, 43.721271780368497 ], [ 142.897974600448009, 43.721047369840399 ], [ 142.898076269704006, 43.720761569790803 ], [ 142.898135990084, 43.720633810302303 ], [ 142.897653250198005, 43.720930969688702 ], [ 142.897374949593996, 43.721061779677498 ], [ 142.895998139703011, 43.721511650242597 ], [ 142.894076939598989, 43.721593789821704 ], [ 142.893172559765986, 43.722046200072299 ], [ 142.892781209884987, 43.722207550138499 ], [ 142.891662130403006, 43.7226591204222 ], [ 142.891520749783012, 43.722736890195499 ], [ 142.890869410394998, 43.723158200091 ], [ 142.890070580393001, 43.723788089748702 ], [ 142.889601979648006, 43.724396890304398 ], [ 142.889606100341013, 43.725316230359901 ], [ 142.889746640096007, 43.725354009979803 ], [ 142.890296570130999, 43.725486239998098 ], [ 142.890757069783007, 43.725591250236199 ], [ 142.892096619862997, 43.725907110125199 ], [ 142.892071330027989, 43.726122079570501 ], [ 142.891925499562007, 43.726361220094397 ], [ 142.892039369921008, 43.726522320149101 ], [ 142.892444599937988, 43.726532329603501 ], [ 142.893075639828993, 43.726454319711301 ], [ 142.893333100441993, 43.726755960419403 ], [ 142.893676090180008, 43.727120940379301 ], [ 142.89397964014799, 43.727429530148903 ], [ 142.894344299950006, 43.727817010247001 ], [ 142.894584800247998, 43.728074210056903 ], [ 142.894640899958006, 43.728135040200101 ], [ 142.894835009627997, 43.7285855600757 ], [ 142.894917749954004, 43.7290132902313 ], [ 142.894966889810007, 43.7292960397806 ], [ 142.895066010388007, 43.729789879999103 ], [ 142.89509128043801, 43.729895419937897 ], [ 142.895074589920995, 43.730226490060701 ], [ 142.895064569673991, 43.730453409697198 ], [ 142.895052069997007, 43.730523959713103 ], [ 142.895002889672014, 43.7308003096867 ], [ 142.894823949765993, 43.731728259851501 ], [ 142.894898359671998, 43.732134599632197 ], [ 142.894934919810993, 43.733522779652702 ], [ 142.895174560357987, 43.734249660293798 ], [ 142.895033740015009, 43.7342974196903 ], [ 142.89474682030999, 43.734440449667197 ], [ 142.894345739763992, 43.734766220085099 ], [ 142.894083250141989, 43.735013680237302 ], [ 142.894002160072006, 43.7349670099197 ], [ 142.893921339797998, 43.734868410049302 ], [ 142.893753869845, 43.734766749785798 ], [ 142.893605009563998, 43.7346364703969 ], [ 142.893525030156013, 43.734532040221701 ], [ 142.89345533, 43.734335389966397 ], [ 142.893391179558989, 43.734226789634803 ], [ 142.893387020195007, 43.734052080139598 ], [ 142.893360089996008, 43.733963200141702 ], [ 142.893266770046012, 43.733857660203 ], [ 142.893050980418991, 43.733692110302798 ], [ 142.892870740093002, 43.733543230236101 ], [ 142.892840469812, 43.733468510063901 ], [ 142.892852970388986, 43.733362409847501 ], [ 142.892943530319997, 43.733211320146502 ], [ 142.893003810078, 43.733088839678402 ], [ 142.892990480327001, 43.732987180314304 ], [ 142.893006869571991, 43.732920250069597 ], [ 142.893104380363013, 43.7327147199086 ], [ 142.893104660051989, 43.732613899611898 ], [ 142.893144380409012, 43.732530019844702 ], [ 142.893226879716991, 43.732421430305003 ], [ 142.893234940339994, 43.732371429797801 ], [ 142.893101919818008, 43.732139509930597 ], [ 142.893013320409011, 43.732018130232703 ], [ 142.892949449658005, 43.731933690187802 ], [ 142.892950570213003, 43.731799819806 ], [ 142.892911420025996, 43.731586229920801 ], [ 142.892881430334, 43.731544569726303 ], [ 142.892714509867005, 43.731468729898197 ], [ 142.892670909835005, 43.731426229736897 ], [ 142.892660639577002, 43.731368180297501 ], [ 142.892693140175993, 43.731310139851203 ], [ 142.892795910203006, 43.731251540026697 ], [ 142.892974500272999, 43.731163220306499 ], [ 142.893067000042009, 43.731073520126998 ], [ 142.893103660006005, 43.731022690445002 ], [ 142.893090900424994, 43.730862149768498 ], [ 142.893164779730995, 43.730778830279 ], [ 142.893195059904002, 43.730718840102597 ], [ 142.893177849577995, 43.730618300394397 ], [ 142.893097589581998, 43.730534970112998 ], [ 142.893034819601013, 43.730469969813399 ], [ 142.893013160328991, 43.730377200247702 ], [ 142.893019559905014, 43.730239440298099 ], [ 142.892999010396011, 43.730139180279103 ], [ 142.892898770161992, 43.729850870221597 ], [ 142.892851560252012, 43.729781709658397 ], [ 142.892780190053998, 43.7296406096266 ], [ 142.892726589560993, 43.729574229767103 ], [ 142.892601330187006, 43.729454229629098 ], [ 142.892536900057991, 43.729408400177697 ], [ 142.892372479706012, 43.729281739660699 ], [ 142.892165019599986, 43.729164799915701 ], [ 142.892047810059012, 43.729087860216701 ], [ 142.892020319582002, 43.729061469611302 ], [ 142.891957549600988, 43.7289906399063 ], [ 142.891929780335005, 43.728950649752797 ], [ 142.891908399853008, 43.728885930041798 ], [ 142.891896459554005, 43.728819550182301 ], [ 142.891910909860997, 43.728736780178501 ], [ 142.891842879745013, 43.728547909958301 ], [ 142.891775669812006, 43.728435699747898 ], [ 142.891752630079992, 43.728320430044 ], [ 142.89176429968299, 43.728222939936899 ], [ 142.891757630310991, 43.728188219810598 ], [ 142.891710420399988, 43.7280862897506 ], [ 142.891655429554987, 43.728041570062601 ], [ 142.891509619772989, 43.727954350213302 ], [ 142.891356309646, 43.727906290443102 ], [ 142.891181340246987, 43.727860460092302 ], [ 142.891039679936995, 43.727958210103502 ], [ 142.890765529705988, 43.728127629786499 ], [ 142.890501670416, 43.728259539646203 ], [ 142.890211419622005, 43.7283586800093 ], [ 142.889956719927, 43.7283900600534 ], [ 142.889734250136001, 43.728396990229101 ], [ 142.889455120358008, 43.728421690109101 ], [ 142.889267639590003, 43.728470849750103 ], [ 142.889067929840991, 43.728537490412997 ], [ 142.88873962963001, 43.728704400088098 ], [ 142.888309390366004, 43.728903519881698 ], [ 142.888031359559989, 43.729057939772197 ], [ 142.887710830391001, 43.729224010379902 ], [ 142.887580569888001, 43.729272330054101 ], [ 142.887376420186001, 43.729302600334897 ], [ 142.887213390185991, 43.729305370246799 ], [ 142.886902869571998, 43.729194529703904 ], [ 142.886566259624999, 43.7290756402288 ], [ 142.886304350066013, 43.729013130151998 ], [ 142.885816359936996, 43.728892010358202 ], [ 142.885452800006988, 43.728805060305397 ], [ 142.885094789792987, 43.728727269847802 ], [ 142.884957310431986, 43.728698940304 ], [ 142.884709840386989, 43.7286311503075 ], [ 142.884587080230006, 43.728508939636001 ], [ 142.884387669955004, 43.728365610184902 ], [ 142.884202979783993, 43.7282858897822 ], [ 142.883991059940001, 43.728217829988999 ], [ 142.883503339608012, 43.728112549954403 ], [ 142.882911750277003, 43.727991149572098 ], [ 142.882610669846997, 43.727924480130802 ], [ 142.88247957027599, 43.727884749881497 ], [ 142.882242660071, 43.727751980269801 ], [ 142.881881879945013, 43.727527270267501 ], [ 142.88154025987501, 43.727295620196898 ], [ 142.881315569658, 43.727103689583799 ], [ 142.881177250330012, 43.726986200353103 ], [ 142.880927290062999, 43.726860090221201 ], [ 142.880669819556999, 43.726747040044003 ], [ 142.88042151044499, 43.726634259663498 ], [ 142.880208770418989, 43.726480659954603 ], [ 142.879939359614013, 43.7262231795563 ], [ 142.879723839783992, 43.7260304197682 ], [ 142.879443319654001, 43.725807930191998 ], [ 142.87929973029901, 43.725695159704003 ], [ 142.879168080342993, 43.725609609895699 ], [ 142.879044759907998, 43.725580169689202 ], [ 142.878911170115003, 43.725554610057401 ], [ 142.878750630338004, 43.725542380176897 ], [ 142.878609540197999, 43.7255507096976 ], [ 142.878294010360008, 43.725586240113003 ], [ 142.878052090032014, 43.725599009586801 ], [ 142.877926550069986, 43.725594010255499 ], [ 142.877644359898994, 43.725578719982103 ], [ 142.877475489701993, 43.7255231598661 ], [ 142.877158029919002, 43.725384280260499 ], [ 142.876666150223002, 43.7252539900798 ], [ 142.876515889697004, 43.725228430447899 ], [ 142.876098999969003, 43.725109819762601 ], [ 142.875878190326006, 43.725022039635597 ], [ 142.875585180412003, 43.724843439673201 ], [ 142.875421029856994, 43.7247656600074 ], [ 142.875281609759014, 43.724695109991501 ], [ 142.875283539703986, 43.724843150091502 ], [ 142.875231039981003, 43.725017849694197 ], [ 142.874909089883005, 43.725684420000199 ], [ 142.874815199761997, 43.725873560017 ], [ 142.874708249685995, 43.726175189933301 ], [ 142.874643250285999, 43.726392940082299 ], [ 142.874589069730007, 43.7266509699664 ], [ 142.874499900149999, 43.726915099952102 ], [ 142.874379339734986, 43.727138960095097 ], [ 142.874308510030005, 43.727312819730997 ], [ 142.874237389844012, 43.727559740289998 ], [ 142.874232379721008, 43.727679719743399 ], [ 142.874250980399012, 43.727868039578503 ], [ 142.874285960429006, 43.728007189880103 ], [ 142.874118160425013, 43.728621280247999 ], [ 142.87395841025301, 43.729209540288203 ], [ 142.873810889960993, 43.729745029909402 ], [ 142.873755579856009, 43.730219690286603 ], [ 142.873890819905995, 43.730641320340901 ], [ 142.874828970180999, 43.731937589648197 ], [ 142.875144679882993, 43.7332266203125 ], [ 142.875041259646991, 43.7347211703459 ], [ 142.874739859957003, 43.735321090096399 ], [ 142.874710950349993, 43.735649939793099 ], [ 142.875359730268002, 43.736258500229802 ], [ 142.875617449885993, 43.736644300394303 ], [ 142.875041860393992, 43.7378930198471 ], [ 142.874922389956993, 43.738327690071003 ], [ 142.874848989989005, 43.7393236802438 ], [ 142.874975860048011, 43.740120820419698 ], [ 142.875169990403009, 43.740350519860797 ], [ 142.87529280991501, 43.7403509803137 ], [ 142.875021059973989, 43.740971279600998 ], [ 142.874687719961997, 43.741570919662401 ], [ 142.874359380181005, 43.741977239658098 ], [ 142.874118000345987, 43.742264980444602 ], [ 142.874027159825999, 43.742469399942998 ], [ 142.873998520015988, 43.742851850132901 ], [ 142.874026550085006, 43.7430843203853 ], [ 142.874108749919003, 43.743382069726898 ], [ 142.874209269841998, 43.743652600187502 ], [ 142.874208140294002, 43.743925340282402 ], [ 142.874221999745998, 43.744195039769401 ], [ 142.874175889706009, 43.744291129632103 ], [ 142.874031730180008, 43.744426949744103 ], [ 142.873764260113006, 43.744356110146597 ], [ 142.872970190221992, 43.744182489730299 ], [ 142.872452199609, 43.743978039654998 ], [ 142.872127340204997, 43.743885940084198 ], [ 142.871823390038003, 43.743754430422797 ], [ 142.871622309721999, 43.743626660142397 ], [ 142.871524270128987, 43.743523339730501 ], [ 142.871419300360998, 43.743305030203103 ], [ 142.871385439986, 43.742915899849002 ], [ 142.871439390315999, 43.7420962802193 ], [ 142.871399439733011, 43.7413885902114 ], [ 142.871138130020995, 43.740652829664498 ], [ 142.87099512972199, 43.740158719649301 ], [ 142.870985989911986, 43.739769600087101 ], [ 142.871056280022998, 43.739521020279 ], [ 142.87122519968301, 43.738892209807801 ], [ 142.871336060011004, 43.738393110353897 ], [ 142.871261120404995, 43.737664020078597 ], [ 142.871040100321011, 43.736650250308998 ], [ 142.871075969780009, 43.736196410136401 ], [ 142.871199040204004, 43.735828129664597 ], [ 142.871422939917011, 43.735296810199799 ], [ 142.871668239898014, 43.734749929765599 ], [ 142.871884370368008, 43.734234440167398 ], [ 142.871949140440989, 43.733443980155698 ], [ 142.871900850444007, 43.732957369587098 ], [ 142.871797549816989, 43.7326196201995 ], [ 142.871498439801002, 43.732167719864499 ], [ 142.871037410447997, 43.731677199943 ], [ 142.870380300111009, 43.731047240138203 ], [ 142.869873159819008, 43.730663100122101 ], [ 142.869825670219001, 43.730617539568001 ], [ 142.86951655974201, 43.730252570399998 ], [ 142.869234669944007, 43.7299081498414 ], [ 142.869228850431, 43.729729840360001 ], [ 142.869219150344009, 43.7294195904419 ], [ 142.86945025992199, 43.729096589935899 ], [ 142.869432779799013, 43.7289038301478 ], [ 142.869393629613, 43.728753010243402 ], [ 142.869305589580989, 43.728614690016101 ], [ 142.86919173001499, 43.7283808204187 ], [ 142.86918590960201, 43.728202789727099 ], [ 142.869198140381997, 43.728112520276703 ], [ 142.869297590112012, 43.727841999708701 ], [ 142.869445099611994, 43.727588979947697 ], [ 142.869646490193986, 43.727279579888901 ], [ 142.869766760127987, 43.7271587595692 ], [ 142.869987020285009, 43.727056280023497 ], [ 142.870624469644014, 43.726862440149702 ], [ 142.871183040364997, 43.726669159654101 ], [ 142.871532460254997, 43.726533079638102 ], [ 142.871617170097011, 43.726472809772503 ], [ 142.871732449693013, 43.726339770364298 ], [ 142.871818559779001, 43.7261742402492 ], [ 142.871845239966007, 43.726004539977701 ], [ 142.871831359829997, 43.725787889699497 ], [ 142.871785819959996, 43.725631520078799 ], [ 142.871683749605012, 43.725488890300198 ], [ 142.871556699682003, 43.725374869754603 ], [ 142.871265910194012, 43.725175990080103 ], [ 142.871037610098, 43.724999890232901 ], [ 142.870976789846992, 43.724881290339503 ], [ 142.870968189629991, 43.724781020427898 ], [ 142.870967919833987, 43.724644929619998 ], [ 142.871115149644993, 43.724246639670902 ], [ 142.871148209621992, 43.724172760364802 ], [ 142.869914159910991, 43.724291309896202 ], [ 142.868931479704003, 43.724397920028103 ], [ 142.867668550063996, 43.724488399919899 ], [ 142.867374969979011, 43.724479029883497 ], [ 142.867195819632002, 43.724473660031499 ], [ 142.864025880290001, 43.724399910227802 ], [ 142.862218590115987, 43.724056540077399 ], [ 142.861218980171998, 43.724044820112503 ], [ 142.860576539575987, 43.724047019854297 ], [ 142.860306010014, 43.724047840036 ], [ 142.860022710079988, 43.724028379606203 ], [ 142.858885359971993, 43.723678920146199 ], [ 142.858447349665994, 43.723538089911102 ], [ 142.858244020146003, 43.723673060163797 ], [ 142.857736809706012, 43.724027449707201 ], [ 142.857415150088997, 43.724281009960798 ], [ 142.856856830279014, 43.724612060298497 ], [ 142.856070730179994, 43.725138640336098 ], [ 142.85590712011799, 43.725257510026204 ], [ 142.855661019740012, 43.725387200359201 ], [ 142.854891879956, 43.725808789943898 ], [ 142.854507169769988, 43.726020690002997 ], [ 142.854349399905004, 43.726105399844499 ], [ 142.854025230280001, 43.726363130254398 ], [ 142.853675240220014, 43.726610309818099 ], [ 142.853318579888992, 43.726877209715603 ], [ 142.85309275022999, 43.727042460141597 ], [ 142.852776359741, 43.727378800291497 ], [ 142.852237469784001, 43.727931219650301 ], [ 142.851984969830994, 43.728215900043899 ], [ 142.851908579617003, 43.7282820002143 ], [ 142.851555260266991, 43.728525290210101 ], [ 142.851190800116001, 43.729057429856702 ], [ 142.851026629774992, 43.729295730413803 ], [ 142.850721350409998, 43.729563749967298 ], [ 142.850347750448009, 43.729785930176703 ], [ 142.850139150002008, 43.729873689619197 ], [ 142.849922220035012, 43.729908950237999 ], [ 142.849748069918007, 43.729891440437797 ], [ 142.849518650166004, 43.729861160264498 ], [ 142.849309779923004, 43.729799490154498 ], [ 142.849198680374997, 43.729744770005297 ], [ 142.849082589590012, 43.729627279875203 ], [ 142.848983159645002, 43.729465070057103 ], [ 142.848902350163002, 43.729276750221999 ], [ 142.848782100014006, 43.728936230023201 ], [ 142.848744609975995, 43.728882619637403 ], [ 142.848442429675003, 43.728654580344802 ], [ 142.848069419668008, 43.728407089615601 ], [ 142.847906109978993, 43.728279320234599 ], [ 142.847531160134992, 43.727996550001002 ], [ 142.847094819869994, 43.727752109772197 ], [ 142.846563239602006, 43.727036059666602 ], [ 142.846312989752988, 43.726676779609903 ], [ 142.845572259552, 43.7260266803872 ], [ 142.84515008001199, 43.725829459961801 ], [ 142.844568730362994, 43.725740550286297 ], [ 142.844449289603006, 43.725679720143098 ], [ 142.844234039568988, 43.7255208396152 ], [ 142.844065729649998, 43.725356129681799 ], [ 142.843940189687999, 43.725188919633098 ], [ 142.843899359568013, 43.725109200129602 ], [ 142.843884650256996, 43.724980609667597 ], [ 142.843870209843004, 43.724900609575599 ], [ 142.843825769843988, 43.7248195096129 ], [ 142.843418859893006, 43.724700889934297 ], [ 142.843039179615005, 43.724398410158599 ], [ 142.842854199861989, 43.724281189825199 ], [ 142.842518390311994, 43.724125640386099 ], [ 142.841090710267991, 43.723899489669897 ], [ 142.840955980134993, 43.724099470114602 ], [ 142.840894870302009, 43.724170840312198 ], [ 142.840720989982003, 43.724239720287002 ], [ 142.840576000381986, 43.724254989876002 ], [ 142.84042378023301, 43.724236099616498 ], [ 142.840287399843987, 43.724194710117999 ], [ 142.839998819990001, 43.724034989623199 ], [ 142.839703839661013, 43.723878879906501 ], [ 142.839364150434989, 43.723701110018403 ], [ 142.839020850432007, 43.723488889800599 ], [ 142.838698930011986, 43.723280569942503 ], [ 142.838297299981008, 43.723051689783802 ], [ 142.837857619634008, 43.722813919826699 ], [ 142.837434039849001, 43.722578649984897 ], [ 142.836987410440997, 43.722369480267403 ], [ 142.836511609723004, 43.722160879820898 ], [ 142.835512800175991, 43.721706720389001 ], [ 142.834149290357999, 43.721111450133499 ], [ 142.833689330298995, 43.7209117295928 ], [ 142.833092960171996, 43.720529030290699 ], [ 142.832897989850011, 43.720775869910703 ], [ 142.832749670060991, 43.720875580443902 ], [ 142.832531060159994, 43.721000280438801 ], [ 142.832401320364994, 43.721097169798703 ], [ 142.832158849650995, 43.721242180082697 ], [ 142.832062550247002, 43.721327200190302 ], [ 142.831983019601012, 43.7214493703923 ], [ 142.831755510009003, 43.721939859736899 ], [ 142.831638129596001, 43.722159539831097 ], [ 142.831336899878011, 43.722578380188303 ], [ 142.83126633997, 43.722685039782903 ], [ 142.831208840015989, 43.722828630037398 ], [ 142.831186609674006, 43.722971669906798 ], [ 142.831218270307005, 43.723079440164199 ], [ 142.831260030326007, 43.7231510999435 ], [ 142.831321589819993, 43.723222480033598 ], [ 142.831367139581999, 43.723262480079498 ], [ 142.831506020087005, 43.723333030095397 ], [ 142.83168017020401, 43.723404140388901 ], [ 142.831745950216003, 43.723446729583102 ], [ 142.831962089678996, 43.723564420261901 ], [ 142.83204968004901, 43.723631190427298 ], [ 142.832256720172012, 43.723788419799902 ], [ 142.832266779988004, 43.723819119956602 ], [ 142.832252520337988, 43.723913879721898 ], [ 142.832255755198986, 43.724029510054002 ], [ 142.831163390079013, 43.724055250449602 ], [ 142.829988969915007, 43.724082870428298 ], [ 142.826613620023011, 43.724156569869997 ], [ 142.826379959966999, 43.724430069892001 ], [ 142.826059209564988, 43.724724249824398 ], [ 142.826077460406992, 43.726791349641204 ], [ 142.824395770449001, 43.727556369630904 ], [ 142.823924350329008, 43.727568120172698 ], [ 142.82369501961, 43.727573839861002 ], [ 142.818920779670009, 43.727692740127999 ], [ 142.818245850165994, 43.727375560034297 ], [ 142.817068349825007, 43.7268221900922 ], [ 142.81282115037601, 43.728296599808402 ], [ 142.812307659970998, 43.7284776504234 ], [ 142.812102479646001, 43.7286750695989 ], [ 142.811773370044989, 43.728952550020303 ], [ 142.811240580189008, 43.729263659690297 ], [ 142.810660319617995, 43.729579749805801 ], [ 142.809983309981988, 43.7280559196452 ], [ 142.809792829975009, 43.727947560331799 ], [ 142.809828849621994, 43.727932629787198 ], [ 142.810495900165989, 43.727622760282301 ], [ 142.811165779976989, 43.726724180176902 ], [ 142.811323389763004, 43.723994119932897 ], [ 142.811894749743004, 43.723515870361297 ], [ 142.812959109974997, 43.723366779853201 ], [ 142.814517219593995, 43.722299579562097 ], [ 142.815647560386992, 43.722271580069602 ], [ 142.815636430376998, 43.720021639986797 ], [ 142.816388769925993, 43.720254839589401 ], [ 142.817239159859014, 43.7204489402665 ], [ 142.818097739919011, 43.720621469805202 ], [ 142.819711969932001, 43.7196381798583 ], [ 142.819243979826012, 43.719505109873097 ], [ 142.818810590237007, 43.7194395600878 ], [ 142.818428159831996, 43.7193799098551 ], [ 142.817841100387, 43.719216649628798 ], [ 142.817424330269006, 43.719114090043398 ], [ 142.816922590404999, 43.718999639621799 ], [ 142.816200459983008, 43.718910890025697 ], [ 142.815945090294008, 43.718825990427298 ], [ 142.816036629586989, 43.718634739701699 ], [ 142.81605685983601, 43.718080730341597 ], [ 142.815920400305998, 43.718007549808803 ], [ 142.815725299582994, 43.7180146697414 ], [ 142.815377809637994, 43.718059470368402 ], [ 142.815130520357002, 43.717931440184003 ], [ 142.814830869849004, 43.717649810290702 ], [ 142.814643389981001, 43.717564569849202 ], [ 142.814184849951005, 43.717529900084998 ], [ 142.814016239658002, 43.717647669904203 ], [ 142.813881870151988, 43.717796040055397 ], [ 142.813671239936014, 43.717957089747998 ], [ 142.813330250290988, 43.718096660032998 ], [ 142.812866069714005, 43.7181714098828 ], [ 142.812429510013999, 43.7181599399295 ], [ 142.812330550414998, 43.718112319927798 ], [ 142.812203710033003, 43.717996640133002 ], [ 142.812098619756, 43.717872670387599 ], [ 142.81197689022099, 43.7174006000578 ], [ 142.811874399884005, 43.717126949849003 ], [ 142.811677440262002, 43.716812220407803 ], [ 142.811623220135999, 43.716675060305903 ], [ 142.811624579911012, 43.716654500005298 ], [ 142.812818080091006, 43.716616570198703 ], [ 142.813378810084004, 43.716826929719197 ], [ 142.815146870032009, 43.717149440094801 ], [ 142.815446319991992, 43.717335460363401 ], [ 142.815742939784997, 43.716947890333003 ], [ 142.817316319892001, 43.7163150796774 ], [ 142.817871639564999, 43.7163070604227 ], [ 142.818353650100988, 43.716373299988 ], [ 142.818405710055998, 43.715672169635098 ], [ 142.818033799919988, 43.715513430300703 ], [ 142.817786349660992, 43.715075160090699 ], [ 142.817265500102991, 43.714791329556398 ], [ 142.817082540227005, 43.7149340303814 ], [ 142.815167879993993, 43.715145159721501 ], [ 142.815585910061998, 43.714556719816898 ], [ 142.817270170282001, 43.712150140316901 ], [ 142.817672339907006, 43.711584839968602 ], [ 142.817831679987989, 43.711360960040501 ], [ 142.809997369982995, 43.709353499664402 ], [ 142.809530200058987, 43.709049990165099 ], [ 142.809494010440005, 43.7090270799359 ], [ 142.806841680399003, 43.708428080191901 ], [ 142.799825179688014, 43.708260079639103 ], [ 142.799276940379002, 43.708030259688897 ], [ 142.79924075975299, 43.708007350359097 ], [ 142.798074660118004, 43.708021830343299 ], [ 142.793428849662007, 43.707945450022699 ], [ 142.793432070134003, 43.707835130187298 ], [ 142.793405040110997, 43.707648359883997 ], [ 142.793257470355996, 43.7072793095927 ], [ 142.793297789661011, 43.706999300277602 ], [ 142.793383100249997, 43.706783060090302 ], [ 142.793510019771986, 43.706474730224798 ], [ 142.793638299967995, 43.706289809826998 ], [ 142.793852579633011, 43.705985130309699 ], [ 142.794078209642009, 43.705649470047099 ], [ 142.793199410124998, 43.704022770035003 ], [ 142.791992320290007, 43.702009199665 ], [ 142.790111390029011, 43.698974389756501 ], [ 142.792207629679012, 43.693968479961498 ], [ 142.799741960023994, 43.6926703904264 ], [ 142.79973475015899, 43.692544329757197 ], [ 142.799727980061988, 43.692425350349801 ], [ 142.799852250181004, 43.692243529915103 ], [ 142.799909929998989, 43.692182209641402 ], [ 142.800028469637994, 43.692041240011399 ], [ 142.800472050345007, 43.691468399747002 ], [ 142.800721079813997, 43.691347969733201 ], [ 142.801061820347002, 43.691241740014398 ], [ 142.801256689944012, 43.691150379686498 ], [ 142.801376270099013, 43.691097379940302 ], [ 142.801378100219011, 43.690996109982699 ], [ 142.801224069735014, 43.690944950249403 ], [ 142.801094060142987, 43.690908230030999 ], [ 142.801074730115005, 43.690782240408197 ], [ 142.801198699860009, 43.690442509814098 ], [ 142.801264909747999, 43.690171900213201 ], [ 142.801235230321993, 43.689958470407198 ], [ 142.801236129643996, 43.689715050009703 ], [ 142.801239580343008, 43.689395310445398 ], [ 142.801236510057009, 43.689067719799603 ], [ 142.801209030373002, 43.688820140037599 ], [ 142.80118186994801, 43.688586200293102 ], [ 142.801019150213989, 43.688284910320498 ], [ 142.800915739869993, 43.6880214197529 ], [ 142.800807060398, 43.687795539732498 ], [ 142.800666210376988, 43.6875439696786 ], [ 142.800524210123996, 43.687361810199498 ], [ 142.800366520299008, 43.687127550296402 ], [ 142.800200890359008, 43.6868888603328 ], [ 142.800055339582002, 43.686636220085603 ], [ 142.799827990070014, 43.686330220363601 ], [ 142.799559539741011, 43.686069200233597 ], [ 142.799236749675998, 43.685779409892 ], [ 142.798844309817014, 43.685417859946398 ], [ 142.79852570969399, 43.685108670329001 ], [ 142.798343550215009, 43.684841780324099 ], [ 142.798426830133991, 43.684508329695802 ], [ 142.798451869958001, 43.684338449560002 ], [ 142.798420290264005, 43.684112549754602 ], [ 142.79835355966901, 43.683979329582499 ], [ 142.798122030108004, 43.683690419677298 ], [ 142.798021190025992, 43.683572479886202 ], [ 142.796934489735008, 43.682132679679597 ], [ 142.796486829704008, 43.681004269731403 ], [ 142.796200839897011, 43.681002359571401 ], [ 142.795881880044988, 43.6805098701346 ], [ 142.795844350436994, 43.680283189717599 ], [ 142.796087000114994, 43.6794648300381 ], [ 142.795989990245999, 43.678937869587202 ], [ 142.795954809666995, 43.678852180383998 ], [ 142.795607079603002, 43.677962589901803 ], [ 142.795563180096991, 43.677732599979699 ], [ 142.795222319954007, 43.677180529558001 ], [ 142.794966110297992, 43.676714449612298 ], [ 142.794843780017004, 43.676490420396803 ], [ 142.79449361009199, 43.676127210302703 ], [ 142.794184960068009, 43.675949780358202 ], [ 142.793564819961006, 43.675708459877697 ], [ 142.792273569770003, 43.675446269729697 ], [ 142.791133349923996, 43.675096080020197 ], [ 142.789688380414987, 43.674375019791498 ], [ 142.789207039872991, 43.674383690155402 ], [ 142.789193190313995, 43.674388989860198 ], [ 142.787728510362996, 43.674369130131403 ], [ 142.787588279975012, 43.674219300380599 ], [ 142.787619980177993, 43.673807189650198 ], [ 142.788008980130002, 43.673179520418699 ], [ 142.788224810227007, 43.6729619402415 ], [ 142.787909060055, 43.672685649623197 ], [ 142.788290699956008, 43.6714680997732 ], [ 142.788546440165987, 43.671175900147801 ], [ 142.788695220407988, 43.670974280239001 ], [ 142.78891777023901, 43.670401639624103 ], [ 142.788677269939996, 43.669772750012598 ], [ 142.788917579583, 43.6688929900196 ], [ 142.78913922019899, 43.668735339764297 ], [ 142.789255259723006, 43.6683799402822 ], [ 142.790213869575012, 43.667526609565499 ], [ 142.790286999745007, 43.663920249919798 ], [ 142.792711570183002, 43.662005220064998 ], [ 142.793563239852006, 43.661765619987499 ], [ 142.794212210425002, 43.661269290445503 ], [ 142.795031619614008, 43.6610627800234 ], [ 142.795613030417002, 43.660743380402799 ], [ 142.795682580386995, 43.660159500061098 ], [ 142.796012799750997, 43.660045580239498 ], [ 142.796146859890001, 43.659669800321197 ], [ 142.795987109717998, 43.6596895997953 ], [ 142.795801559794, 43.659697229643598 ], [ 142.795638939885009, 43.6596744201386 ], [ 142.795522500163003, 43.659627810075598 ], [ 142.795387080250009, 43.659534119604103 ], [ 142.795246550387986, 43.659389919609303 ], [ 142.794989570013001, 43.659195739791699 ], [ 142.794709899742003, 43.659058940317998 ], [ 142.794635200253992, 43.659008759946502 ], [ 142.794462099646012, 43.658854599960002 ], [ 142.794308550300002, 43.6588081697614 ], [ 142.794150849682012, 43.6588156602147 ], [ 142.793932999708005, 43.658843649814699 ], [ 142.793724290444004, 43.658854750146801 ], [ 142.793445909800994, 43.6588594401113 ], [ 142.793170079636013, 43.658869810193799 ], [ 142.793247110165993, 43.655499470424402 ], [ 142.796297029583997, 43.656105850005098 ], [ 142.796380639554997, 43.6560188100202 ], [ 142.796519609992004, 43.655939960161199 ], [ 142.796606440434999, 43.655886720296103 ], [ 142.796765380317993, 43.6557633998612 ], [ 142.796904580082014, 43.655709900091999 ], [ 142.797012159683987, 43.6556988204444 ], [ 142.797123020012009, 43.655727870345103 ], [ 142.797196429872002, 43.655799370045003 ], [ 142.797243959941, 43.655904800266498 ], [ 142.797268309984986, 43.656020900044702 ], [ 142.797306470017986, 43.656056640002099 ], [ 142.79736154989601, 43.656033139817701 ], [ 142.797424360346014, 43.655899710103697 ], [ 142.797507210389995, 43.6557302598438 ], [ 142.797687469600987, 43.655504160388801 ], [ 142.797775409807997, 43.655335929609599 ], [ 142.797780419931001, 43.6551098904093 ], [ 142.797880560339991, 43.655234770268599 ], [ 142.797965059739994, 43.655336669751598 ], [ 142.798143460053012, 43.655295909778602 ], [ 142.798368799580999, 43.655234770268599 ], [ 142.798612919650992, 43.655119290123302 ], [ 142.798781920250008, 43.655051359832598 ], [ 142.799044819963001, 43.654990220322603 ], [ 142.799345269968001, 43.654935869794699 ], [ 142.799570610395989, 43.654888319940198 ], [ 142.799664499616995, 43.654786419557801 ], [ 142.799908619686988, 43.654704910403403 ], [ 142.799993129878999, 43.6546301803387 ], [ 142.799983740057996, 43.654528279956303 ], [ 142.799946179871995, 43.654453559784102 ], [ 142.799974350235999, 43.654344859627699 ], [ 142.80015273975701, 43.654270140354903 ], [ 142.800312360427, 43.654202210064099 ], [ 142.800644839787992, 43.653975019731497 ], [ 142.81506643017201, 43.658974600097899 ], [ 142.815787229596992, 43.6584932002012 ], [ 142.816103540045987, 43.658350260156602 ], [ 142.816115560384986, 43.658042639856099 ], [ 142.816054089923995, 43.657738779621099 ], [ 142.816040420229001, 43.657328870431201 ], [ 142.816149460329001, 43.656924709707802 ], [ 142.816197369912999, 43.656310559984497 ], [ 142.816402280440997, 43.655978280273601 ], [ 142.816700820286997, 43.655683819752703 ], [ 142.816926579798007, 43.655472040202703 ], [ 142.817070420063999, 43.6551549095716 ], [ 142.817220960279002, 43.654653249747902 ], [ 142.817349580419005, 43.654077180018 ], [ 142.817445389693006, 43.653827869960402 ], [ 142.817547309860998, 43.653701140195601 ], [ 142.817765040224998, 43.6535628199683 ], [ 142.818045929975995, 43.653479460009201 ], [ 142.818482040014004, 43.653435400423596 ], [ 142.818571449713005, 43.653390839915502 ], [ 142.818605569991007, 43.6532942095603 ], [ 142.818585149985012, 43.653183119905201 ], [ 142.818516920219992, 43.653084010119102 ], [ 142.818366540084014, 43.652984209653702 ], [ 142.818065969569005, 43.652842429734498 ], [ 142.81785798965501, 43.652752779917002 ], [ 142.817546940238998, 43.652618660423002 ], [ 142.817403769967996, 43.6524854996063 ], [ 142.817342800429998, 43.652286420282202 ], [ 142.817364709714013, 43.652162890305299 ], [ 142.817260749884014, 43.652051680141099 ], [ 142.81703881968599, 43.651868910022401 ], [ 142.81818633033501, 43.650213009922702 ], [ 142.818414939798004, 43.649917769689502 ], [ 142.818632719623992, 43.649635590310403 ], [ 142.819222159574991, 43.648827349802502 ], [ 142.820278260434009, 43.647373090296099 ], [ 142.820693529582996, 43.646752620137498 ], [ 142.821152969834003, 43.646149079716402 ], [ 142.821632130419005, 43.6454491697435 ], [ 142.821606040186992, 43.644495650054402 ], [ 142.826400860212004, 43.642828199961599 ], [ 142.827768579755997, 43.642340240409901 ], [ 142.827808300112991, 43.642352740087098 ], [ 142.827899129841001, 43.642387739902503 ], [ 142.828048560293013, 43.6424596802702 ], [ 142.828110779888988, 43.642500790079602 ], [ 142.828222990098993, 43.642602460235501 ], [ 142.828380750072, 43.642781609683702 ], [ 142.82845156988401, 43.642847160368298 ], [ 142.828511009674997, 43.642879380379298 ], [ 142.82860351034401, 43.642916329924802 ], [ 142.828705720093012, 43.642931050028103 ], [ 142.828837100252002, 43.642931610305801 ], [ 142.828907929957012, 43.6429393903408 ], [ 142.829002369563995, 43.642968840439799 ], [ 142.829150969940997, 43.642993009719802 ], [ 142.829249579704992, 43.643018279769997 ], [ 142.829347069812002, 43.643066059850902 ], [ 142.829428450362997, 43.6430938399089 ], [ 142.829499000379002, 43.643105229822702 ], [ 142.829540940262007, 43.643117170121499 ], [ 142.829590379592986, 43.643144950179497 ], [ 142.829742589848991, 43.643274670190102 ], [ 142.829837579841012, 43.6433368897858 ], [ 142.829896189558013, 43.643404099719604 ], [ 142.829947020139002, 43.643451600111398 ], [ 142.830033950407, 43.643512709943799 ], [ 142.830085840388989, 43.643440569926597 ], [ 142.831379519649005, 43.6416987602897 ], [ 142.832039800096993, 43.6407811001678 ], [ 142.831601269982997, 43.639509260044498 ], [ 142.830918350002008, 43.637366660343297 ], [ 142.830902520134998, 43.6373338899472 ], [ 142.830893349749005, 43.6373147199985 ], [ 142.830895580066993, 43.6372994504095 ], [ 142.830903909587988, 43.637261949579504 ], [ 142.830924190198999, 43.637204179829197 ], [ 142.830946139952999, 43.6371611301822 ], [ 142.830984749647001, 43.637101409802398 ], [ 142.831014750131004, 43.637043640052099 ], [ 142.831035299640007, 43.637001700168497 ], [ 142.831039469795996, 43.636958090243802 ], [ 142.831032529727992, 43.636902819709498 ], [ 142.831040030074007, 43.636808940380398 ], [ 142.831057260184991, 43.636745059736903 ], [ 142.831085310038986, 43.636700060359701 ], [ 142.831174760207006, 43.636590629953801 ], [ 142.831227810314999, 43.636514249633102 ], [ 142.831278370201005, 43.636434260332997 ], [ 142.83130532018501, 43.636385660070303 ], [ 142.831321150050996, 43.636302610377399 ], [ 142.831310049719008, 43.636073470314599 ], [ 142.831312280037992, 43.635871540139597 ], [ 142.83132367984399, 43.635687119765002 ], [ 142.831335350345995, 43.635582679697102 ], [ 142.831362849816003, 43.635483249752298 ], [ 142.83139312998901, 43.6354249197244 ], [ 142.831440349793013, 43.635355209675403 ], [ 142.831571739844009, 43.635206340400401 ], [ 142.831616460432002, 43.635164959895199 ], [ 142.831707569848987, 43.635096909994601 ], [ 142.831758959808013, 43.6350669203023 ], [ 142.831973119863989, 43.634952209976703 ], [ 142.832002009684999, 43.634933329609602 ], [ 142.83201117018001, 43.634925830163098 ], [ 142.832068670132998, 43.634931110082803 ], [ 142.832134499608003, 43.6349241700146 ], [ 142.832195050062012, 43.634910840263203 ], [ 142.832247830373007, 43.634886119698798 ], [ 142.832356429805998, 43.634806679884498 ], [ 142.832424209909988, 43.634745029559603 ], [ 142.832504210002014, 43.634707529628898 ], [ 142.832665310056001, 43.634656990427899 ], [ 142.832715309663996, 43.634638100168303 ], [ 142.832769470435011, 43.634603940319799 ], [ 142.832835030112989, 43.634555890442101 ], [ 142.833025859955995, 43.634413689640198 ], [ 142.833054739884005, 43.634409249687302 ], [ 142.833105850154993, 43.634407030160503 ], [ 142.833205010303004, 43.634409530275803 ], [ 142.833344719982989, 43.634427589561803 ], [ 142.833432500110007, 43.634447870173197 ], [ 142.833614149672997, 43.634508700316402 ], [ 142.833674700128, 43.634525370149902 ], [ 142.833727750235994, 43.6345306500696 ], [ 142.83377940999199, 43.634530370380403 ], [ 142.833894400007011, 43.634508989898102 ], [ 142.833994679811013, 43.6344734396977 ], [ 142.834149109593994, 43.634455119608297 ], [ 142.834206880244011, 43.634462340265003 ], [ 142.834263540230012, 43.634482619977099 ], [ 142.838122700203002, 43.634370290156902 ], [ 142.84176043, 43.635335900331697 ], [ 142.842591780387011, 43.634947369825397 ], [ 142.843242010011011, 43.634757690215402 ], [ 142.843530890239009, 43.634599940135303 ], [ 142.843591720381994, 43.634571060206397 ], [ 142.843906980422986, 43.634366090322999 ], [ 142.844334459668005, 43.633971430037597 ], [ 142.844315299611992, 43.633946429784103 ], [ 142.844363639969998, 43.633648680442398 ], [ 142.844379760317992, 43.633587299914197 ], [ 142.844479200155007, 43.633377329800098 ], [ 142.844488380434996, 43.633162349563001 ], [ 142.844496170361992, 43.632787389826298 ], [ 142.844508119653995, 43.632620460366098 ], [ 142.844545070099002, 43.632430480382503 ], [ 142.844587570259989, 43.632305220109998 ], [ 142.844675909766011, 43.6321382897505 ], [ 142.844716190399993, 43.632085799919899 ], [ 142.844822019920002, 43.631887209826999 ], [ 142.844847299863005, 43.631825549609601 ], [ 142.844911190398989, 43.631716120103 ], [ 142.845009519574006, 43.631600300014 ], [ 142.845110070074014, 43.631505599603898 ], [ 142.845190900239999, 43.631443659697297 ], [ 142.845290340077014, 43.631337570272798 ], [ 142.845435889955013, 43.631166199960298 ], [ 142.845530059764997, 43.6310701002051 ], [ 142.845710880153007, 43.630929570343497 ], [ 142.845835879622001, 43.630784589737203 ], [ 142.845957819597999, 43.630639889719298 ], [ 142.84611864985601, 43.630412140008403 ], [ 142.846287260149012, 43.6302243903435 ], [ 142.846410030198996, 43.630071350012898 ], [ 142.846565860226008, 43.629858049709398 ], [ 142.846744470081006, 43.629634739951399 ], [ 142.84694891026399, 43.629366439809502 ], [ 142.847022509880986, 43.629287289576901 ], [ 142.847138339862994, 43.629176750307003 ], [ 142.847339170167004, 43.629052599797802 ], [ 142.847404440263006, 43.628993169898997 ], [ 142.847448329877011, 43.628907059813102 ], [ 142.847464720021009, 43.628857630375499 ], [ 142.847447499802001, 43.628812909788103 ], [ 142.847399170236002, 43.628743750124201 ], [ 142.847246139797988, 43.628584589907099 ], [ 142.847154200305994, 43.628496260294398 ], [ 142.847008109937008, 43.62831489042 ], [ 142.846900630160007, 43.628222110062502 ], [ 142.846762309933013, 43.627999630378802 ], [ 142.846727880288, 43.627909360029101 ], [ 142.846691779702013, 43.627736600264001 ], [ 142.846632900188013, 43.627589109649897 ], [ 142.846610960328007, 43.6274602296061 ], [ 142.846565960051009, 43.6274691203038 ], [ 142.846528739809997, 43.627484669582003 ], [ 142.846485690163007, 43.627504389915799 ], [ 142.846455140193001, 43.627509950423999 ], [ 142.84641764026199, 43.627508280382997 ], [ 142.846345699893988, 43.627494939839799 ], [ 142.846297929705997, 43.627488550156599 ], [ 142.846247100023987, 43.627486050041298 ], [ 142.846216829743014, 43.6274902201977 ], [ 142.846154610147011, 43.627498549718403 ], [ 142.846115170378994, 43.627509650050499 ], [ 142.846079339590005, 43.627514379585101 ], [ 142.84594223974301, 43.627527169743203 ], [ 142.845886569908998, 43.6275363095532 ], [ 142.845837959753993, 43.627561579603402 ], [ 142.845803799906008, 43.627583800052498 ], [ 142.845773800321012, 43.627616850137699 ], [ 142.845746860230008, 43.627636569572203 ], [ 142.845713529556008, 43.627639350275999 ], [ 142.845596040325006, 43.627639340383404 ], [ 142.845527979633005, 43.627644339714699 ], [ 142.845433270228995, 43.627675719758798 ], [ 142.845361880246998, 43.627690160172897 ], [ 142.845305779638011, 43.627687380368499 ], [ 142.84508190960301, 43.627649599849299 ], [ 142.844975250007991, 43.627625429669997 ], [ 142.844731389841996, 43.627483489671498 ], [ 142.844576960058987, 43.627410989925401 ], [ 142.84446169035499, 43.627374040379799 ], [ 142.844380309803995, 43.627357650235503 ], [ 142.844156720357006, 43.627335419893903 ], [ 142.84411532995901, 43.627319590027199 ], [ 142.844047559746997, 43.6272879204014 ], [ 142.843841470207991, 43.627184310407799 ], [ 142.843752320412989, 43.627155700275502 ], [ 142.843674549740996, 43.627138200367803 ], [ 142.843520950032001, 43.627119310108199 ], [ 142.843445120095993, 43.627114860262701 ], [ 142.843405399739993, 43.627105689875897 ], [ 142.843387350346006, 43.627041259746498 ], [ 142.843377640365986, 43.626923210238097 ], [ 142.843358199720996, 43.6268262804087 ], [ 142.843282930062998, 43.6267412800862 ], [ 142.843181830078009, 43.626612400042397 ], [ 142.84304962973701, 43.626482689924401 ], [ 142.842924089775011, 43.626397689601802 ], [ 142.842751050320999, 43.626283810249802 ], [ 142.842665499612991, 43.626224369559203 ], [ 142.842538289611014, 43.626187140324397 ], [ 142.842423859873008, 43.626102429583597 ], [ 142.842373309880003, 43.626036320419999 ], [ 142.842312209941014, 43.626008259773499 ], [ 142.842238610323989, 43.625967429653301 ], [ 142.842226390336009, 43.625931880352098 ], [ 142.842223890220993, 43.625889380190898 ], [ 142.842261109562997, 43.625830229981297 ], [ 142.842273610138989, 43.625778840021603 ], [ 142.842272500375998, 43.625721629649703 ], [ 142.842225289565988, 43.625643299598799 ], [ 142.842196129948007, 43.625554979878601 ], [ 142.84221169001799, 43.625441929701502 ], [ 142.842205310227001, 43.625324439571401 ], [ 142.842214750410989, 43.625251679921199 ], [ 142.842207810341989, 43.6251877902845 ], [ 142.842221149985988, 43.625129470149098 ], [ 142.842243370435, 43.625020029850603 ], [ 142.842254760348993, 43.624954759754502 ], [ 142.842238940375012, 43.624881439826801 ], [ 142.842251719741, 43.6248194999201 ], [ 142.842266720433003, 43.624785619760701 ], [ 142.842275610231013, 43.624704240108798 ], [ 142.842287000145006, 43.624644519729003 ], [ 142.842287560422989, 43.624547859696101 ], [ 142.842306730371007, 43.624486210270597 ], [ 142.842375620239011, 43.624383159655302 ], [ 142.842587270286003, 43.624229579731498 ], [ 142.842671159946008, 43.624144869890003 ], [ 142.842716719600986, 43.624042099863203 ], [ 142.842742840410011, 43.623872959869303 ], [ 142.842707569899005, 43.623758520239697 ], [ 142.842687290187001, 43.623671859768699 ], [ 142.842667860333989, 43.623555490193901 ], [ 142.84266870030001, 43.623348840376799 ], [ 142.842657039691005, 43.623251350269797 ], [ 142.842655380442011, 43.623141359586299 ], [ 142.842684819748996, 43.6230458201087 ], [ 142.842704549974997, 43.622900280124 ], [ 142.842682620006997, 43.622790009751299 ], [ 142.84263707024499, 43.622683080359998 ], [ 142.842650960274, 43.622633640130601 ], [ 142.842713179870003, 43.622494489829002 ], [ 142.84273180033199, 43.622357559953599 ], [ 142.842744860287013, 43.622295350250397 ], [ 142.842760690153995, 43.622239800026897 ], [ 142.842778190062006, 43.622184530391898 ], [ 142.842792640368003, 43.622135369851598 ], [ 142.842798199977011, 43.622087589770601 ], [ 142.842797639699, 43.622043149771699 ], [ 142.842811810316988, 43.6219692695663 ], [ 142.842846810131988, 43.621871509662597 ], [ 142.842891539713008, 43.621701250012798 ], [ 142.842904319978999, 43.621637370268601 ], [ 142.842918210008008, 43.621562929785597 ], [ 142.842917379932999, 43.6215270998959 ], [ 142.842896280039014, 43.621462110388201 ], [ 142.842844890079988, 43.621414059611297 ], [ 142.842812119683998, 43.621344899947402 ], [ 142.842811570197995, 43.6212860096418 ], [ 142.842868509873995, 43.621247130151097 ], [ 142.842908789608998, 43.621216019903599 ], [ 142.842934899625988, 43.6210688197704 ], [ 142.842965740077005, 43.620950499566099 ], [ 142.842982960296013, 43.620888559659498 ], [ 142.842970469611998, 43.620840790370302 ], [ 142.842937139837005, 43.620785519835998 ], [ 142.842896309716991, 43.620718020320602 ], [ 142.842876319586992, 43.620668300401903 ], [ 142.842872990296001, 43.620593310433101 ], [ 142.842884380209995, 43.620555820394898 ], [ 142.842928539620999, 43.620470269687402 ], [ 142.842985210399007, 43.620307790072602 ], [ 142.84301049034201, 43.620258910120803 ], [ 142.843081880325002, 43.620164480406601 ], [ 142.843104660151994, 43.620120589893503 ], [ 142.843113270261, 43.620081990091897 ], [ 142.843109940071997, 43.620015329643898 ], [ 142.843088559590001, 43.619947000054196 ], [ 142.843076899879009, 43.619883390106502 ], [ 142.843074120074988, 43.619785909892002 ], [ 142.843051629829006, 43.6197120197941 ], [ 142.843025240123012, 43.619669800221303 ], [ 142.84300718982999, 43.619651189650803 ], [ 142.842946079998001, 43.619617859876499 ], [ 142.842894420241009, 43.619600080279703 ], [ 142.842769150076009, 43.619597019886697 ], [ 142.842718049697993, 43.619587300014103 ], [ 142.842658049628994, 43.6195645201866 ], [ 142.842595279649004, 43.619529530263797 ], [ 142.84253723020899, 43.6195081398889 ], [ 142.842320030444995, 43.619487850284202 ], [ 142.842221700370999, 43.619468680335501 ], [ 142.842166150147989, 43.619448129927399 ], [ 142.842125040338004, 43.619425070410799 ], [ 142.842100600363011, 43.619387020095097 ], [ 142.842094219672987, 43.619334800061203 ], [ 142.842108660087007, 43.619287029872702 ], [ 142.842149769895997, 43.619221489979999 ], [ 142.84215978025, 43.619187599927997 ], [ 142.842153940053009, 43.619135110097403 ], [ 142.842130340043013, 43.619101499734597 ], [ 142.842105620377993, 43.619078170421403 ], [ 142.842065620331994, 43.619056780046499 ], [ 142.842017569554997, 43.619043999780999 ], [ 142.841945360289998, 43.619034830293302 ], [ 142.841863420360994, 43.619001499619699 ], [ 142.841815650172009, 43.618994269969697 ], [ 142.841796480223991, 43.618996219700001 ], [ 142.841774820051995, 43.618990939780197 ], [ 142.841768710058005, 43.618976770061998 ], [ 142.841785100202003, 43.618912890317802 ], [ 142.841785100202003, 43.618899000288799 ], [ 142.841769270335988, 43.618880119921798 ], [ 142.841731770405005, 43.618857900371999 ], [ 142.841700660156988, 43.618849560059303 ], [ 142.841578169797003, 43.618854830086498 ], [ 142.841550950016995, 43.618846499666397 ], [ 142.841527619803998, 43.618827059921003 ], [ 142.841501790375986, 43.618799840140703 ], [ 142.841479020441, 43.618769559967397 ], [ 142.841442640166008, 43.618730120199103 ], [ 142.841406529687987, 43.6187170602443 ], [ 142.841354869930996, 43.618716509859198 ], [ 142.841267650081988, 43.618733720185197 ], [ 142.841251259937991, 43.6187314997591 ], [ 142.841232929955993, 43.618715390203199 ], [ 142.841190439687011, 43.618661230331703 ], [ 142.841175160206006, 43.618626510205402 ], [ 142.841129620336005, 43.618564849987997 ], [ 142.841090179667987, 43.618500960351199 ], [ 142.841065739691999, 43.6184520803994 ], [ 142.84106519020699, 43.6184109696907 ], [ 142.841079639614009, 43.618350980413602 ], [ 142.841091300224008, 43.618311820334398 ], [ 142.841099920224991, 43.618281259572697 ], [ 142.841099639637008, 43.618252930028902 ], [ 142.841084090359004, 43.618203210110202 ], [ 142.841059930071992, 43.61816100043 ], [ 142.841026600297994, 43.618125159748502 ], [ 142.841014380310014, 43.6181023898136 ], [ 142.841005219815003, 43.618074060269798 ], [ 142.840998550443004, 43.618025170425398 ], [ 142.840983279954997, 43.6179873997988 ], [ 142.840954400025993, 43.617952679672598 ], [ 142.840922730399996, 43.6179376798802 ], [ 142.840877740015998, 43.6179248996146 ], [ 142.840786629699011, 43.617903510139101 ], [ 142.840739970174013, 43.617882119764197 ], [ 142.840676370119013, 43.617838509839501 ], [ 142.840570830180013, 43.617736849576097 ], [ 142.840530560336987, 43.617710739559101 ], [ 142.840495559623008, 43.617695739766802 ], [ 142.840328909850996, 43.617662960377501 ], [ 142.840241969690993, 43.617633520170997 ], [ 142.840142260057007, 43.617588789691098 ], [ 142.840086440036998, 43.6175724004461 ], [ 142.839921169825999, 43.617550730382099 ], [ 142.839862839798002, 43.6175379501165 ], [ 142.839790349944991, 43.617511840099503 ], [ 142.839734529925011, 43.617482399892999 ], [ 142.83968787039899, 43.617447679766798 ], [ 142.839623989756006, 43.6173749102241 ], [ 142.839588710251007, 43.617347130166102 ], [ 142.839557609895991, 43.617334910178101 ], [ 142.839513720282014, 43.6173371297049 ], [ 142.839482889723996, 43.617344899847403 ], [ 142.839455949632992, 43.617362680343597 ], [ 142.839420390438988, 43.6174323903927 ], [ 142.839392610380997, 43.617471830161001 ], [ 142.839359279706997, 43.617502100441797 ], [ 142.839316780444989, 43.617525710343401 ], [ 142.839177899940012, 43.617575139781003 ], [ 142.83912623029201, 43.617606529717797 ], [ 142.839140390116995, 43.617650690027503 ], [ 142.839121499856986, 43.617697630141699 ], [ 142.839085390278996, 43.617744009978303 ], [ 142.838968169944991, 43.617791780166698 ], [ 142.83890483968699, 43.617789559740601 ], [ 142.838870400149005, 43.617785939969302 ], [ 142.838812630398991, 43.617825109941101 ], [ 142.838754849856997, 43.617846490423297 ], [ 142.838637910111999, 43.617898980253898 ], [ 142.838559310264003, 43.617906479700402 ], [ 142.838480140245991, 43.617935079940104 ], [ 142.838380429712998, 43.617950350428501 ], [ 142.838201829751, 43.617985059762901 ], [ 142.837818519808991, 43.618018379644703 ], [ 142.837659089795011, 43.618017820266303 ], [ 142.837559929647, 43.617982539862503 ], [ 142.837423839738989, 43.617933370328998 ], [ 142.837272740145011, 43.617859210434403 ], [ 142.837203860170007, 43.617845590202002 ], [ 142.837146360215996, 43.617897249958297 ], [ 142.837121629759991, 43.617997240180699 ], [ 142.837033009665987, 43.618180280095999 ], [ 142.836869389711012, 43.6184844101276 ], [ 142.836782429766004, 43.618707159607901 ], [ 142.83655436978799, 43.619005460234 ], [ 142.836545200301003, 43.61906239991 ], [ 142.836532970419995, 43.619114059666302 ], [ 142.836520469844004, 43.619156270245902 ], [ 142.836467700323993, 43.619257929609901 ], [ 142.836435189832002, 43.619341529688 ], [ 142.836422969843994, 43.619419580049701 ], [ 142.836408800126009, 43.6195040102021 ], [ 142.836401010199012, 43.619699539902001 ], [ 142.836388790211004, 43.6197573096523 ], [ 142.83630906980801, 43.619872580255603 ], [ 142.836286569669994, 43.619958399860401 ], [ 142.836293509737999, 43.620028670187097 ], [ 142.836282949897992, 43.620166709826002 ], [ 142.836316269780013, 43.620264760210702 ], [ 142.836325709964001, 43.6203441901324 ], [ 142.836314599739012, 43.620427790210499 ], [ 142.83631487043499, 43.620466960182199 ], [ 142.836312919806005, 43.620586109561501 ], [ 142.836307090399998, 43.620643880210999 ], [ 142.836288200141013, 43.620684429742802 ], [ 142.83631681027299, 43.620751369879997 ], [ 142.836300140438993, 43.6208030296362 ], [ 142.83623624990301, 43.620862460434402 ], [ 142.836201529776986, 43.620952450195603 ], [ 142.836184859944012, 43.620997730161299 ], [ 142.836183189903011, 43.621050780269499 ], [ 142.836205129762988, 43.621092720153101 ], [ 142.836167350143, 43.6211771503054 ], [ 142.836130409590993, 43.621274920101698 ], [ 142.836024300381013, 43.621392400339197 ], [ 142.835944579979014, 43.621482659896998 ], [ 142.835891799666996, 43.621573209935796 ], [ 142.83581097039999, 43.621675139995901 ], [ 142.835710689697009, 43.621852610409803 ], [ 142.835650130250002, 43.622040090278098 ], [ 142.83553762955799, 43.622289500160498 ], [ 142.835432630111995, 43.622420320041897 ], [ 142.835377079889014, 43.622475309987699 ], [ 142.835326520003008, 43.6225769603586 ], [ 142.835337069949986, 43.6226539000576 ], [ 142.835370399724013, 43.622766110267897 ], [ 142.835388170328002, 43.622827769586102 ], [ 142.835398730166986, 43.622889990081099 ], [ 142.835374839677002, 43.622954979588798 ], [ 142.835352610234992, 43.623038020288597 ], [ 142.835283449672005, 43.6231291198132 ], [ 142.835223720299012, 43.623225779846102 ], [ 142.835169560427005, 43.623298269699497 ], [ 142.835063450317989, 43.6233721400124 ], [ 142.835001510412013, 43.623447409670398 ], [ 142.834934840071014, 43.623564059833697 ], [ 142.834869290286008, 43.623670429846598 ], [ 142.834828729961998, 43.6237076500881 ], [ 142.834813449580992, 43.623779030178198 ], [ 142.834773730123999, 43.623860960215303 ], [ 142.834773169845988, 43.623932350197897 ], [ 142.834783719792995, 43.623983449676601 ], [ 142.834822610076003, 43.624053999692499 ], [ 142.834865380032994, 43.624152599562997 ], [ 142.83488508957501, 43.624239260034003 ], [ 142.834872589897998, 43.624379240409802 ], [ 142.834788970034992, 43.624605609661302 ], [ 142.834719250093002, 43.6246980896453 ], [ 142.834584260056005, 43.624784740223703 ], [ 142.834467879688987, 43.624839730169597 ], [ 142.834332330273014, 43.624948049912703 ], [ 142.834255109986003, 43.625046649783201 ], [ 142.83419704975401, 43.625138859970598 ], [ 142.83415537966701, 43.625271340000502 ], [ 142.834083440199009, 43.625399929563301 ], [ 142.834038719610987, 43.625468810437397 ], [ 142.833976779705011, 43.625519079841801 ], [ 142.833805670196, 43.6256412797214 ], [ 142.833669570394989, 43.625723490346999 ], [ 142.833595409601003, 43.625781260097298 ], [ 142.83346734973901, 43.625879299690098 ], [ 142.833372080058012, 43.625967899998699 ], [ 142.833304030156995, 43.625984559939603 ], [ 142.833103760130996, 43.6260898201892 ], [ 142.833033479910995, 43.626149259980501 ], [ 142.833002650252013, 43.626182030376597 ], [ 142.832918759693001, 43.626317569900102 ], [ 142.832893200060994, 43.626339230071601 ], [ 142.832872649653012, 43.626343119639401 ], [ 142.832810709747008, 43.626346170139797 ], [ 142.832634889589002, 43.626317280318403 ], [ 142.832576840148988, 43.626314780203103 ], [ 142.832547120253992, 43.6263222796496 ], [ 142.832501010214003, 43.626342269780103 ], [ 142.832471280425011, 43.626367549722801 ], [ 142.832444620023011, 43.626414759633597 ], [ 142.832432390142998, 43.626465590214998 ], [ 142.832429610338011, 43.626578080114498 ], [ 142.832402940044005, 43.626638070290902 ], [ 142.832342670178008, 43.626687229931903 ], [ 142.83231182972699, 43.626704169561897 ], [ 142.832263219572013, 43.626719449942797 ], [ 142.83213933975901, 43.626740549836697 ], [ 142.832092959921994, 43.6267577700552 ], [ 142.831989070240013, 43.626810820163399 ], [ 142.831886019623994, 43.6268349795508 ], [ 142.831762139810991, 43.626852199769402 ], [ 142.831679639604005, 43.626856639722298 ], [ 142.831568260366993, 43.626876080366998 ], [ 142.831416880185003, 43.6269085701745 ], [ 142.831347439933012, 43.6269360597515 ], [ 142.831285769823012, 43.626970219600103 ], [ 142.831238270330005, 43.627006890355901 ], [ 142.831173000234003, 43.627070209822499 ], [ 142.831125499841988, 43.627095759561797 ], [ 142.831096049742996, 43.627101589866598 ], [ 142.830975779808995, 43.627089930156302 ], [ 142.830884120006004, 43.6270929797574 ], [ 142.830821070335986, 43.627107420171498 ], [ 142.830759410118986, 43.6271340796742 ], [ 142.830723570337, 43.627161300353897 ], [ 142.830686350094993, 43.627211290069198 ], [ 142.830665240309003, 43.627257949594899 ], [ 142.830662740192992, 43.627275169813402 ], [ 142.830849950264991, 43.627297119566599 ], [ 142.831088820092987, 43.6273379595793 ], [ 142.831122429557013, 43.627364350184799 ], [ 142.831137700044991, 43.627408790183701 ], [ 142.831126589820002, 43.627457949824702 ], [ 142.831067980103001, 43.6275198798388 ], [ 142.831041309808995, 43.627540159550897 ], [ 142.831031869625008, 43.627565989878697 ], [ 142.831004089566989, 43.627584319860702 ], [ 142.83099269965399, 43.627614590141398 ], [ 142.830938529889011, 43.6276804196158 ], [ 142.830907979919999, 43.627751520016801 ], [ 142.830876589983006, 43.627832899668803 ], [ 142.830867399811012, 43.628231470206302 ], [ 142.830869059959014, 43.628401450166997 ], [ 142.830911550227995, 43.628556440227698 ], [ 142.830950989996012, 43.6286531002605 ], [ 142.83099014018299, 43.628808080428698 ], [ 142.831047630244001, 43.628962789901003 ], [ 142.831113180029007, 43.629072499995999 ], [ 142.831154559634996, 43.629144720052999 ], [ 142.831275379955002, 43.629195830323503 ], [ 142.831552309990997, 43.629266939717603 ], [ 142.831819510261994, 43.629326939786601 ], [ 142.831978950169002, 43.6293691701512 ], [ 142.832075879998001, 43.629400560088001 ], [ 142.832153379975011, 43.629411110034901 ], [ 142.832600010281993, 43.629571110218698 ], [ 142.832976370263992, 43.629712769628803 ], [ 142.833166350247012, 43.6298038799453 ], [ 142.833441329653994, 43.629908320013101 ], [ 142.833934070001987, 43.630075270157803 ], [ 142.834237369958998, 43.6302069398985 ], [ 142.834477899934996, 43.6302960995855 ], [ 142.83488897014999, 43.630448610215403 ], [ 142.835060620152007, 43.630527219955397 ], [ 142.835347809653996, 43.630675549637097 ], [ 142.835501410261998, 43.630769990143101 ], [ 142.835704999685987, 43.630936649806699 ], [ 142.835836649642005, 43.6310902504149 ], [ 142.835866359644996, 43.631164129721 ], [ 142.835909969569997, 43.631236630366303 ], [ 142.835927459585008, 43.631383000425302 ], [ 142.83594993993799, 43.631609089987698 ], [ 142.835951600085991, 43.631776020347203 ], [ 142.835913819566997, 43.631930170441201 ], [ 142.83591020968899, 43.631943779881702 ], [ 142.835881599555989, 43.631982379683201 ], [ 142.835861600432992, 43.632015990046099 ], [ 142.835850209619991, 43.632061260119201 ], [ 142.835802430438008, 43.6321262496269 ], [ 142.835732709597011, 43.632227069923502 ], [ 142.835581320421994, 43.6323659396366 ], [ 142.835507989701995, 43.632439819841998 ], [ 142.835332999618004, 43.632567019952099 ], [ 142.835219669752007, 43.632641730231903 ], [ 142.835122179644998, 43.632677839810597 ], [ 142.83491746966601, 43.632736710331102 ], [ 142.834659150199997, 43.632786420357199 ], [ 142.83444639038899, 43.632799189830898 ], [ 142.834200299904012, 43.632813620352501 ], [ 142.833992820013009, 43.632798330078998 ], [ 142.83380450017799, 43.632775829940798 ], [ 142.833715059902005, 43.632759160107298 ], [ 142.833532580265, 43.632678329941101 ], [ 142.833410369592997, 43.632600829964503 ], [ 142.833216500041999, 43.632425560191599 ], [ 142.833033739814994, 43.632319739664403 ], [ 142.832866529766989, 43.632251959560399 ], [ 142.832702929596991, 43.6322114001362 ], [ 142.832393780448996, 43.632157510061198 ], [ 142.832046310289002, 43.6321072298649 ], [ 142.83186854040099, 43.6320761097248 ], [ 142.83165967015799, 43.632025830427899 ], [ 142.831394409723998, 43.631929440191698 ], [ 142.831170820277009, 43.631833889922198 ], [ 142.830880840178992, 43.631726119664798 ], [ 142.830658359595986, 43.631627509901797 ], [ 142.830475879957987, 43.631535570410399 ], [ 142.830309499983997, 43.631431960416798 ], [ 142.830172290419, 43.6313711302736 ], [ 142.830077300427007, 43.631310020441298 ], [ 142.829923430022006, 43.631181969572403 ], [ 142.829766500124009, 43.631085310438898 ], [ 142.829643450384992, 43.631034479857497 ], [ 142.829510130388002, 43.631006980388001 ], [ 142.829402629928012, 43.630998370278697 ], [ 142.829184309607996, 43.630995579682398 ], [ 142.829105979557994, 43.631010850170803 ], [ 142.82898015990699, 43.631012790008398 ], [ 142.82878378034701, 43.631030289916097 ], [ 142.828447409619997, 43.631032780138902 ], [ 142.828128260010999, 43.6310327702463 ], [ 142.827751900029995, 43.631033030150398 ], [ 142.827664129796005, 43.6310444200641 ], [ 142.827539410015987, 43.631043580097298 ], [ 142.827306369593003, 43.631064959680302 ], [ 142.827149710391012, 43.631105500218801 ], [ 142.827024159637006, 43.631120220322103 ], [ 142.826747510189989, 43.6311699303482 ], [ 142.826455580360999, 43.631237689767701 ], [ 142.826172540330987, 43.631285180267 ], [ 142.826088930359987, 43.631305170397503 ], [ 142.825757280174997, 43.631349599604498 ], [ 142.825602850390993, 43.631384040041603 ], [ 142.825293409863008, 43.631520680335299 ], [ 142.825053430271993, 43.631610660203997 ], [ 142.824847040359003, 43.631701480039503 ], [ 142.824692880371998, 43.631773969892897 ], [ 142.824609550090997, 43.631822570155599 ], [ 142.824365400342998, 43.631920609748498 ], [ 142.824160130086, 43.632012259658197 ], [ 142.824103460206999, 43.632043639702403 ], [ 142.823987909913996, 43.632101959837797 ], [ 142.823837920084003, 43.632155009945897 ], [ 142.823637380261005, 43.632191939706402 ], [ 142.823341839654006, 43.632219149594199 ], [ 142.823009079705002, 43.632238580346403 ], [ 142.822759929726999, 43.632272740194999 ], [ 142.822396060430009, 43.632327439659797 ], [ 142.82207967983399, 43.632378260348602 ], [ 142.821693039702012, 43.632423800218398 ], [ 142.821535550425011, 43.632454350188297 ], [ 142.821320560295987, 43.632471000236599 ], [ 142.821073629843994, 43.632505709570999 ], [ 142.820801149653988, 43.632534309810701 ], [ 142.820532559930001, 43.632555130015398 ], [ 142.820277299958008, 43.632597899973298 ], [ 142.820137590277994, 43.632600120399402 ], [ 142.819989269589001, 43.632611780109798 ], [ 142.819728180211996, 43.632621490089903 ], [ 142.819485419915992, 43.632628979643897 ], [ 142.819355430108999, 43.632628139677102 ], [ 142.819075169883007, 43.632659240032098 ], [ 142.818816309925012, 43.632663670092498 ], [ 142.818531330056999, 43.632653389942199 ], [ 142.81827634977401, 43.6326272700326 ], [ 142.818131090377989, 43.632588930135199 ], [ 142.817728069995013, 43.632486429905001 ], [ 142.81737338007801, 43.632365040314497 ], [ 142.817178399862996, 43.6323036498937 ], [ 142.81671428044001, 43.632117269896199 ], [ 142.816310160185992, 43.631978660087299 ], [ 142.816029909853, 43.631898099717702 ], [ 142.81574159979499, 43.631855870252402 ], [ 142.815481069795993, 43.6318189198075 ], [ 142.815309419794005, 43.631758360360202 ], [ 142.815179990263999, 43.631698089595297 ], [ 142.815130270346003, 43.631656149711702 ], [ 142.814940009774006, 43.631558930300599 ], [ 142.814856130007001, 43.631532820283603 ], [ 142.814660319718001, 43.631498649643099 ], [ 142.813845659848994, 43.631501950154998 ], [ 142.813387920216996, 43.6315049898636 ], [ 142.813206269754005, 43.631513590080303 ], [ 142.812936570266999, 43.631514139566001 ], [ 142.812786030051001, 43.6315055195643 ], [ 142.81260326982499, 43.631511900254203 ], [ 142.811980820259009, 43.631479110073002 ], [ 142.811849729681995, 43.631250509603497 ], [ 142.811669209666007, 43.630963869587099 ], [ 142.81149314039601, 43.630571960327899 ], [ 142.811466200305006, 43.630463080307102 ], [ 142.811415379615994, 43.630317540322402 ], [ 142.811277359761988, 43.630020889952299 ], [ 142.811215990026, 43.6297895303627 ], [ 142.811196560172988, 43.6296609300081 ], [ 142.811202670167006, 43.629612319852903 ], [ 142.810882149990988, 43.629520369569498 ], [ 142.810420810371994, 43.629381759760598 ], [ 142.809764209950004, 43.629223140036103 ], [ 142.809450629843013, 43.629133969557202 ], [ 142.809329810423009, 43.629100909579499 ], [ 142.809013460403008, 43.629038129706103 ], [ 142.808783480372995, 43.6290025696131 ], [ 142.808673489689994, 43.628998400356103 ], [ 142.808493510168006, 43.6289806099674 ], [ 142.808225200132995, 43.628975609736798 ], [ 142.808050489738008, 43.628984209953501 ], [ 142.807783570055989, 43.629013650159997 ], [ 142.807600530141002, 43.629043639852298 ], [ 142.807481369968997, 43.629068349624802 ], [ 142.80734026993801, 43.629087790269502 ], [ 142.807166949894992, 43.629115279846502 ], [ 142.806980849587006, 43.629143610289503 ], [ 142.806715039668006, 43.629168320062099 ], [ 142.806549219971004, 43.629179430286598 ], [ 142.80649312026199, 43.629190539611898 ], [ 142.806264810273007, 43.629195529949897 ], [ 142.805940670326009, 43.629213570350103 ], [ 142.805703740336014, 43.629229400216801 ], [ 142.805600140233992, 43.629226890208997 ], [ 142.805520700420004, 43.629242999764799 ], [ 142.805447379593005, 43.629242440386498 ], [ 142.805328500010006, 43.629222720052702 ], [ 142.80501825998499, 43.629103829678201 ], [ 142.804926330385996, 43.629058279915903 ], [ 142.804670799717996, 43.628947450164802 ], [ 142.804393890365986, 43.628816070005797 ], [ 142.804101699733991, 43.628699960334998 ], [ 142.803958939554008, 43.628638020428497 ], [ 142.803840620248991, 43.628592739563402 ], [ 142.803712299582998, 43.628543570029898 ], [ 142.803643419607994, 43.628531350042003 ], [ 142.803561760267002, 43.628544400104097 ], [ 142.803381769953006, 43.628604390280501 ], [ 142.802995410410006, 43.628767979658697 ], [ 142.802678209632006, 43.628878509935497 ], [ 142.80251988038799, 43.628947940295298 ], [ 142.802243800210988, 43.628849329632999 ], [ 142.80205299015401, 43.628784060436203 ], [ 142.801652200088995, 43.628670449981399 ], [ 142.801547490225005, 43.628620450373703 ], [ 142.80146112023499, 43.628558509567704 ], [ 142.801296420194006, 43.628412680001396 ], [ 142.801109220015007, 43.628272410043799 ], [ 142.800783160014987, 43.628011040077602 ], [ 142.800445700208996, 43.627766330052303 ], [ 142.800193790211011, 43.627585790252198 ], [ 142.800107420220996, 43.627545509617697 ], [ 142.799989379706005, 43.627458019971797 ], [ 142.799651089826, 43.6272280300497 ], [ 142.799500000124993, 43.627160259838298 ], [ 142.799267240290988, 43.627089430133303 ], [ 142.79911975956901, 43.627067480380099 ], [ 142.798753960326991, 43.627022470211003 ], [ 142.798326509860999, 43.626930250131103 ], [ 142.797805729550987, 43.6268296897385 ], [ 142.797472709698013, 43.626730800286403 ], [ 142.79705441972601, 43.626611079837602 ], [ 142.796983590021, 43.626602740424303 ], [ 142.796852219753987, 43.6265869096583 ], [ 142.796696399619009, 43.626577740170703 ], [ 142.795995909584008, 43.626587159669803 ], [ 142.795650940439003, 43.626591319933702 ], [ 142.795187089911991, 43.626624629922901 ], [ 142.794894900179997, 43.626657119730503 ], [ 142.794692409726991, 43.626701280040201 ], [ 142.794430490275005, 43.626742930342097 ], [ 142.794211619571001, 43.6267906996313 ], [ 142.794134400182998, 43.626794310409302 ], [ 142.79380221040401, 43.626776250223898 ], [ 142.79343642015499, 43.626737629738003 ], [ 142.793009520074008, 43.626701229678197 ], [ 142.792463180131989, 43.626650939589403 ], [ 142.792381519890995, 43.626654550367398 ], [ 142.792093219726013, 43.626618429996697 ], [ 142.791898789897004, 43.626618429996697 ], [ 142.791602430007998, 43.626638699816297 ], [ 142.791399669758988, 43.626701180215399 ], [ 142.791031359610002, 43.626830880440899 ], [ 142.790593059721999, 43.626985019743003 ], [ 142.790404739887009, 43.627060839786097 ], [ 142.789907830282004, 43.6272408103153 ], [ 142.789850889706997, 43.627256079904299 ], [ 142.789413980170991, 43.627426610249998 ], [ 142.789285379816988, 43.6274616001729 ], [ 142.789107889618009, 43.627516310429499 ], [ 142.788949849955998, 43.627565190381397 ], [ 142.788392120100013, 43.6276865502942 ], [ 142.788013539692997, 43.627780980008403 ], [ 142.78751329989899, 43.627892340359402 ], [ 142.78740969979799, 43.627917329821102 ], [ 142.786902299601991, 43.628040619678998 ], [ 142.786691709855006, 43.627920089840401 ], [ 142.78656950997501, 43.627834260343 ], [ 142.78631870974101, 43.627679549971397 ], [ 142.78608984037399, 43.627577610018903 ], [ 142.785847099863986, 43.627465669605201 ], [ 142.785693390438013, 43.627388259560703 ], [ 142.785338269746006, 43.627212620166503 ], [ 142.785193010348991, 43.627134569804703 ], [ 142.785104970318002, 43.627087350001403 ], [ 142.784914709746005, 43.627005130382599 ], [ 142.784737519921009, 43.626904579882599 ], [ 142.784637250009013, 43.626855969727401 ], [ 142.78448864963201, 43.626833189899997 ], [ 142.784353110107986, 43.626819860148601 ], [ 142.784076480445009, 43.626776520020499 ], [ 142.783951769659012, 43.6267648504177 ], [ 142.783813450330996, 43.626734300447801 ], [ 142.783726789859998, 43.626715129599702 ], [ 142.783498479871014, 43.6266709602967 ], [ 142.783300170366999, 43.626644850279803 ], [ 142.782968530073987, 43.626580959743599 ], [ 142.782791049767013, 43.626559289679598 ], [ 142.782512740171001, 43.626507059753202 ], [ 142.782443860195997, 43.626494839765201 ], [ 142.78235942015101, 43.626485670277603 ], [ 142.782088059616001, 43.626427619938902 ], [ 142.781864470169012, 43.626400390265999 ], [ 142.781579490300999, 43.626401220340199 ], [ 142.781214530126988, 43.6264184297669 ], [ 142.781003429565004, 43.626445369858097 ], [ 142.780943440288013, 43.626452030237097 ], [ 142.780788999712996, 43.626496470236098 ], [ 142.780570399704004, 43.626607839580302 ], [ 142.780448199825003, 43.626523400434699 ], [ 142.780361259665, 43.626430069692098 ], [ 142.780243790219004, 43.626252869974103 ], [ 142.78018102023799, 43.626112049631601 ], [ 142.780096320289005, 43.625868179572997 ], [ 142.780000230425998, 43.625687639772899 ], [ 142.779844969669995, 43.625641810321397 ], [ 142.779524730081988, 43.625520700420203 ], [ 142.779334750098997, 43.625427929955201 ], [ 142.779213659982986, 43.625341270383501 ], [ 142.779127000410995, 43.625244880147299 ], [ 142.778999800300994, 43.625076289639203 ], [ 142.778815940203998, 43.624832969965802 ], [ 142.778577369850012, 43.624587720347201 ], [ 142.778442110015988, 43.624481329649797 ], [ 142.778247690079013, 43.6243638404191 ], [ 142.778056329636001, 43.6242360701387 ], [ 142.777839969838993, 43.624068299812301 ], [ 142.777675550386988, 43.623931920322001 ], [ 142.777565840291004, 43.623816100233 ], [ 142.777531120165008, 43.623763329813997 ], [ 142.77740448033299, 43.623666390091998 ], [ 142.777196729744986, 43.6234989003542 ], [ 142.776964540081991, 43.623341689867303 ], [ 142.776827889895003, 43.623226969649103 ], [ 142.776754290278006, 43.623163369594003 ], [ 142.77673957017501, 43.6231397596923 ], [ 142.776652079629997, 43.6231133699862 ], [ 142.776571530051996, 43.623089199806898 ], [ 142.776479880143, 43.623033369894202 ], [ 142.776453770126011, 43.623023929710797 ], [ 142.776398219902006, 43.623012260107899 ], [ 142.776277119892995, 43.622960870148198 ], [ 142.776100750250009, 43.622897819578903 ], [ 142.776010479900009, 43.622871990150401 ], [ 142.775809389692, 43.622814490196703 ], [ 142.775730240358001, 43.6227819895973 ], [ 142.775678020324989, 43.622758650391603 ], [ 142.775609140350014, 43.6227186602381 ], [ 142.775511099857994, 43.6226600496217 ], [ 142.775441379916003, 43.622601719593803 ], [ 142.775379170213, 43.622540330072397 ], [ 142.775353619573991, 43.6225108898659 ], [ 142.775324459956011, 43.6224739502128 ], [ 142.775226979742001, 43.6223003495816 ], [ 142.775056460188011, 43.621925389845003 ], [ 142.774969529920014, 43.6217892900439 ], [ 142.774824560105998, 43.621600689620301 ], [ 142.774224920043991, 43.621113220199099 ], [ 142.773683330322001, 43.620673529959603 ], [ 142.773666670381004, 43.620669640391803 ], [ 142.773636120410998, 43.620651029821303 ], [ 142.773547520101999, 43.620589919989001 ], [ 142.773348099934992, 43.620517699932101 ], [ 142.773047020403993, 43.6204293703194 ], [ 142.772773710139006, 43.620369640047002 ], [ 142.772577899850006, 43.620327700163401 ], [ 142.772433469628993, 43.620295199563998 ], [ 142.772165440182988, 43.620220750087697 ], [ 142.771738549994012, 43.620077700325801 ], [ 142.771679110202996, 43.620052420382997 ], [ 142.77156689999299, 43.619996589571102 ], [ 142.771260830122998, 43.619847980200298 ], [ 142.771165279853989, 43.6198110396479 ], [ 142.771093340385988, 43.619787710334698 ], [ 142.771051129806011, 43.619778260258698 ], [ 142.771008629644996, 43.619776320421003 ], [ 142.770963079881994, 43.619776309629202 ], [ 142.770904470164993, 43.619779090332898 ], [ 142.770828919919012, 43.619786859576102 ], [ 142.770627270332, 43.619825470169502 ], [ 142.769950650102999, 43.619970709780603 ], [ 142.76955567955099, 43.6200406896263 ], [ 142.769445959563996, 43.6200606896493 ], [ 142.769258750391003, 43.620093450152801 ], [ 142.768731840301996, 43.620195370320197 ], [ 142.768372980229003, 43.620263969706599 ], [ 142.768054389998014, 43.620355339927201 ], [ 142.76780050958601, 43.6204133803734 ], [ 142.767533869592995, 43.620461700047599 ], [ 142.767291940271008, 43.620491970328303 ], [ 142.766796420118993, 43.6205394500358 ], [ 142.766421449590013, 43.6205630500449 ], [ 142.766199799980996, 43.620568599761199 ], [ 142.765987589655992, 43.620574699862701 ], [ 142.76589315994201, 43.620587200439097 ], [ 142.765805389706998, 43.620599139838603 ], [ 142.765685109879996, 43.620639960066299 ], [ 142.76561956009499, 43.620671350003001 ], [ 142.765522339784013, 43.620726339948803 ], [ 142.765412070310987, 43.6207999395657 ], [ 142.765130690429004, 43.620980750061698 ], [ 142.764930979781013, 43.6210751797759 ], [ 142.764628490113012, 43.6211951601287 ], [ 142.764359060423004, 43.621316809623202 ], [ 142.764177120378008, 43.621384019556999 ], [ 142.763783530285991, 43.621516219897799 ], [ 142.763340499963988, 43.621675079741301 ], [ 142.762898580305006, 43.621814220150299 ], [ 142.762318889905004, 43.621968919730001 ], [ 142.762058359906007, 43.622008069916703 ], [ 142.761856429731012, 43.622018340174399 ], [ 142.761706439899996, 43.622023889890798 ], [ 142.761537280122013, 43.622038889683203 ], [ 142.761288970110002, 43.622097490407 ], [ 142.761126479702995, 43.622131369667201 ], [ 142.760768439812011, 43.6222038496281 ], [ 142.760572619631006, 43.622266900197502 ], [ 142.760319300395992, 43.622376880089099 ], [ 142.760182640316998, 43.622415479890698 ], [ 142.760091530000011, 43.6224204801212 ], [ 142.760000149886991, 43.622421029606997 ], [ 142.759726010446997, 43.6223749195671 ], [ 142.759542420147, 43.622357690355301 ], [ 142.759229109836014, 43.622321019599603 ], [ 142.758990800285005, 43.622315459990702 ], [ 142.75894830012399, 43.622311010145197 ], [ 142.758834140184007, 43.622292399574697 ], [ 142.758664439911996, 43.622267119632099 ], [ 142.758436120031007, 43.622244620393097 ], [ 142.758148089662996, 43.622227669971203 ], [ 142.757162869771008, 43.622204589770099 ], [ 142.756908719562006, 43.622210420075 ], [ 142.756752070251991, 43.622211250149199 ], [ 142.756569860410991, 43.622202349558997 ], [ 142.756393479975003, 43.622184290272997 ], [ 142.75591602000901, 43.622097350112803 ], [ 142.754994980233988, 43.621974560277899 ], [ 142.75458277957199, 43.621929829797999 ], [ 142.753598129849991, 43.621853700388101 ], [ 142.753192610251006, 43.621804250266102 ], [ 142.752846519651001, 43.6217584100228 ], [ 142.752481269894986, 43.621689239566898 ], [ 142.751244700282996, 43.621467289583897 ], [ 142.750621140053994, 43.621378110111799 ], [ 142.750438369935011, 43.6213503300539 ], [ 142.75037309983901, 43.621338940140198 ], [ 142.750297830181012, 43.621317830353703 ], [ 142.748846769562988, 43.621833860444497 ], [ 142.748023190217992, 43.622133810427201 ], [ 142.747928470022998, 43.622168249964901 ], [ 142.743008750353994, 43.623263810376699 ], [ 142.741903810013014, 43.623644569841197 ], [ 142.740678880325987, 43.624066139640803 ], [ 142.739729490324009, 43.624401899728099 ], [ 142.738157069793004, 43.6249573399095 ], [ 142.736548549576014, 43.625532219836302 ], [ 142.735997460314991, 43.625935490230901 ], [ 142.735125570289, 43.626215700094598 ], [ 142.734442289680004, 43.626262890220303 ], [ 142.733717900160997, 43.6262175796777 ], [ 142.73312239967899, 43.626048679802899 ], [ 142.731921140149012, 43.625617560102498 ], [ 142.730769579851994, 43.625255309585 ], [ 142.730048810104989, 43.6251380703658 ], [ 142.729045289907987, 43.6249183201246 ], [ 142.728444790095011, 43.624828299786401 ], [ 142.727677350030007, 43.624847979650703 ], [ 142.726857410240996, 43.624957929864799 ], [ 142.726319389927994, 43.625074839932097 ], [ 142.725592219704993, 43.6253736603663 ], [ 142.725053360325006, 43.625645549702497 ], [ 142.724386180278003, 43.6257810604478 ], [ 142.723356809969005, 43.625927659833799 ], [ 142.722506320211011, 43.626051220387701 ], [ 142.722318280064997, 43.626097590331703 ], [ 142.721874690365013, 43.626353930389797 ], [ 142.720966689861001, 43.626907720315202 ], [ 142.719812880359996, 43.627219300330601 ], [ 142.719203759646007, 43.627380920193502 ], [ 142.719196539888998, 43.627376759929703 ], [ 142.718254689801995, 43.626916760300396 ], [ 142.717971659665011, 43.626932299686104 ], [ 142.717121460387006, 43.626884769616602 ], [ 142.717111180236998, 43.626871160176101 ], [ 142.716673439727998, 43.626818639768601 ], [ 142.715158000242013, 43.627261580157899 ], [ 142.713559229574997, 43.6275214797327 ], [ 142.712982339663, 43.627617830398698 ], [ 142.712529600261007, 43.6276858596149 ], [ 142.710101759889, 43.6273055102413 ], [ 142.709160989888005, 43.6278212399585 ], [ 142.705919889890993, 43.628111349559298 ], [ 142.704592510335999, 43.628823709746598 ], [ 142.704216430043999, 43.629025620136403 ], [ 142.703766189857987, 43.628923949980397 ], [ 142.702246060407987, 43.628581140107698 ], [ 142.701646110079992, 43.628928579690403 ], [ 142.701119760268995, 43.629227410017101 ], [ 142.70018318020999, 43.629759539771101 ], [ 142.699885140387011, 43.629935619833098 ], [ 142.699230489695992, 43.629763389768797 ], [ 142.698466670301002, 43.629558660004299 ], [ 142.697682859876011, 43.629348650320097 ], [ 142.69712652037299, 43.629544439924103 ], [ 142.696424909781996, 43.629786319783001 ], [ 142.696394910197, 43.629811320036502 ], [ 142.695948279888995, 43.630182370420201 ], [ 142.695244439878991, 43.630763669707697 ], [ 142.695208889679009, 43.6308003296717 ], [ 142.695041690421988, 43.6307642200928 ], [ 142.694715880433989, 43.6306905997915 ], [ 142.694542570284, 43.630647819941103 ], [ 142.694033169995009, 43.630535039560598 ], [ 142.693729309759988, 43.630467530152501 ], [ 142.69332740993201, 43.630378919951298 ], [ 142.693099369739997, 43.6303272503025 ], [ 142.692716629968999, 43.630241689702402 ], [ 142.692196409936997, 43.630118899867497 ], [ 142.691913100110014, 43.6300511197636 ], [ 142.691587300013992, 43.629915850036603 ], [ 142.691497320145004, 43.6292587001291 ], [ 142.692015059846995, 43.628962080335903 ], [ 142.692717499612996, 43.628541599615303 ], [ 142.694508459898003, 43.627458459740303 ], [ 142.694738170130989, 43.627319590027199 ], [ 142.694839549806005, 43.627259050365097 ], [ 142.695427850315014, 43.626906890240903 ], [ 142.695449520378986, 43.626646360241502 ], [ 142.695960030430996, 43.626564160407803 ], [ 142.699437230343989, 43.625961309766801 ], [ 142.702294489798987, 43.625462870415298 ], [ 142.702309770179994, 43.625444259844897 ], [ 142.703362450017011, 43.6252890395577 ], [ 142.705296450171005, 43.624938869633297 ], [ 142.706221650208988, 43.6247792003999 ], [ 142.707942609963993, 43.624469859696397 ], [ 142.709815510178004, 43.624148309796901 ], [ 142.710857380163986, 43.623966709695999 ], [ 142.713585229875008, 43.623500219659597 ], [ 142.713696889700003, 43.6234843897929 ], [ 142.714177410059989, 43.623384149559001 ], [ 142.714789580374998, 43.6232564098556 ], [ 142.717960740096004, 43.622674949589403 ], [ 142.720538039698994, 43.622196239565 ], [ 142.722001269943007, 43.621927169603303 ], [ 142.724052240419013, 43.621549799683699 ], [ 142.72479302997499, 43.621412070311003 ], [ 142.72814444980699, 43.621192540403598 ], [ 142.728276660039995, 43.621185880024498 ], [ 142.730820360071988, 43.621017960410697 ], [ 142.732852430396008, 43.620878620352201 ], [ 142.735862790435988, 43.6204754596749 ], [ 142.737879879853011, 43.620200289611802 ], [ 142.738243750049008, 43.620150579585797 ], [ 142.739128129860006, 43.620038409844902 ], [ 142.741246050364992, 43.619757680173002 ], [ 142.741492149842998, 43.619726310021299 ], [ 142.742595689939009, 43.619585249559798 ], [ 142.743446749868014, 43.619470290122003 ], [ 142.744016150225008, 43.619393380100597 ], [ 142.744371690001998, 43.619341449648303 ], [ 142.746340730441005, 43.6190740497278 ], [ 142.746884039667009, 43.619000180314202 ], [ 142.747996209657998, 43.618852439688503 ], [ 142.750495260148, 43.618553909735297 ], [ 142.751455209990013, 43.618434489660203 ], [ 142.751494379961997, 43.618429770018103 ], [ 142.752004630110008, 43.618368119693102 ], [ 142.752591269572008, 43.618273420182398 ], [ 142.754605070167997, 43.618020709788098 ], [ 142.756011670102993, 43.617832139941498 ], [ 142.757495490324999, 43.6176380203785 ], [ 142.75997145971499, 43.617302559765498 ], [ 142.760651679930987, 43.617219810446002 ], [ 142.76205213030201, 43.6170340500815 ], [ 142.763438580027014, 43.615147310200399 ], [ 142.765221389755993, 43.612744819917701 ], [ 142.766618339964992, 43.610905330416799 ], [ 142.767901380245007, 43.6091255900741 ], [ 142.768168319712004, 43.608785640045397 ], [ 142.769983559894001, 43.6102425201763 ], [ 142.771129750337991, 43.6111877598074 ], [ 142.77129333971601, 43.611299700221103 ], [ 142.771614959763014, 43.611569129911601 ], [ 142.771956019555006, 43.611854660164603 ], [ 142.772344860326996, 43.612177419652397 ], [ 142.77232123963401, 43.612259079892802 ], [ 142.772275959668008, 43.612414890135298 ], [ 142.772215949706009, 43.612620699985499 ], [ 142.772180389612998, 43.6127429097576 ], [ 142.772171499814988, 43.612774020005197 ], [ 142.772212329935002, 43.612767349733602 ], [ 142.771726769775, 43.613419770106503 ], [ 142.770896489581986, 43.6145460198831 ], [ 142.770383439844011, 43.615239809969403 ], [ 142.76993260970201, 43.615852509985501 ], [ 142.770848079974996, 43.615728110364202 ], [ 142.770908359732999, 43.615672570033297 ], [ 142.771043910049002, 43.615525090210902 ], [ 142.771249459995005, 43.615307890446999 ], [ 142.771454459555997, 43.615135139675097 ], [ 142.771509730090003, 43.615109310246602 ], [ 142.771625280383006, 43.615075709776399 ], [ 142.771927760158007, 43.615007950356798 ], [ 142.772254679909992, 43.6149662901623 ], [ 142.772511600031009, 43.614950470188198 ], [ 142.772587980351005, 43.614956859871398 ], [ 142.77307710002799, 43.615012980265 ], [ 142.773329019918009, 43.615033820254801 ], [ 142.773692040256009, 43.6150429897423 ], [ 142.774266709740999, 43.615099120028603 ], [ 142.774363369773994, 43.615112730368402 ], [ 142.774428919559, 43.615130509965198 ], [ 142.774515019753011, 43.615163009665302 ], [ 142.774611120407002, 43.6152174501254 ], [ 142.774681940220006, 43.615250219622098 ], [ 142.77478277040899, 43.6152824504249 ], [ 142.774899139984001, 43.615311340246301 ], [ 142.774999960280013, 43.6153327297218 ], [ 142.775045240245987, 43.615339669790103 ], [ 142.775080509857986, 43.6153360599114 ], [ 142.775150790076992, 43.615321060119001 ], [ 142.776035449576995, 43.6149872398694 ], [ 142.776598470143, 43.614779220384897 ], [ 142.776654020367005, 43.614768110160298 ], [ 142.776709299894009, 43.614760609814503 ], [ 142.776774569991005, 43.614760340017803 ], [ 142.77690678022401, 43.614780890425898 ], [ 142.777037879794989, 43.614805899672703 ], [ 142.777240630150999, 43.614859230369298 ], [ 142.777908890282987, 43.615140610251103 ], [ 142.77851158983799, 43.615514480009402 ], [ 142.77860879036399, 43.615597529702399 ], [ 142.77885957980601, 43.615954160356402 ], [ 142.778885959619998, 43.615993600124703 ], [ 142.778906240231009, 43.616015549877901 ], [ 142.779048160444006, 43.616113600262601 ], [ 142.779635860207009, 43.616487460128297 ], [ 142.779959990262, 43.616705509751597 ], [ 142.780432979697991, 43.6170199298261 ], [ 142.780488799718, 43.617063820339197 ], [ 142.780524349919006, 43.617081869732701 ], [ 142.780579900141987, 43.617110759554102 ], [ 142.780650729846997, 43.617136040396097 ], [ 142.780842649669012, 43.617211870331701 ], [ 142.781308160343997, 43.6173407602681 ], [ 142.781489800013986, 43.617372980279001 ], [ 142.781697559594988, 43.617404100419101 ], [ 142.781829490138989, 43.617413820291702 ], [ 142.781884769666988, 43.617421040049102 ], [ 142.781940309996997, 43.6174391002344 ], [ 142.782021140164005, 43.6174679900558 ], [ 142.782214169747988, 43.617539649835102 ], [ 142.78242664986999, 43.617648260059298 ], [ 142.782550800378999, 43.617726310421098 ], [ 142.782874919642012, 43.617933239927297 ], [ 142.782992399879987, 43.6180160198236 ], [ 142.783068499612, 43.618092679833502 ], [ 142.783105159575996, 43.618146560015902 ], [ 142.783155990157013, 43.618182950183197 ], [ 142.783368460385987, 43.618313770064603 ], [ 142.783515110134005, 43.618375159586101 ], [ 142.784015609833006, 43.618552100299397 ], [ 142.784794410133998, 43.618810980042802 ], [ 142.785578479562986, 43.619084589782197 ], [ 142.786362829581009, 43.619394860384702 ], [ 142.786990540180994, 43.619639850099198 ], [ 142.787754339791007, 43.619917059824601 ], [ 142.788192090193007, 43.619753480339 ], [ 142.788338470143998, 43.619690159973104 ], [ 142.788719559659995, 43.619487139819803 ], [ 142.789096749714986, 43.619316610373502 ], [ 142.78917703039599, 43.619283279699701 ], [ 142.789257300283992, 43.619261060150002 ], [ 142.789373120373, 43.619242179782901 ], [ 142.789488950355008, 43.619230799761802 ], [ 142.789575330237, 43.619222470240999 ], [ 142.789766699674004, 43.619232469802803 ], [ 142.789867519969988, 43.619239140074399 ], [ 142.790523290317992, 43.619331090357697 ], [ 142.790922690029987, 43.619398320076598 ], [ 142.791134619767007, 43.619422769945103 ], [ 142.791356819762001, 43.619428329553998 ], [ 142.79154346955599, 43.619438609704197 ], [ 142.791669559902004, 43.619463609957798 ], [ 142.791896760127997, 43.619509999686898 ], [ 142.792645009560005, 43.619703340436999 ], [ 142.79306496957301, 43.619828609702701 ], [ 142.793196070042995, 43.619850000077598 ], [ 142.793261609935001, 43.619864169795797 ], [ 142.793312159928007, 43.619871389553197 ], [ 142.793342719791013, 43.619870840067399 ], [ 142.793382989632988, 43.619867230188703 ], [ 142.793448259730013, 43.619853900437299 ], [ 142.793639360268003, 43.619796410376203 ], [ 142.793989059847007, 43.619655320237001 ], [ 142.794064330405007, 43.619625610233904 ], [ 142.794114609702007, 43.619614500009298 ], [ 142.794154880444012, 43.619610610441498 ], [ 142.79423015010201, 43.619602840299002 ], [ 142.794367359666012, 43.619595900230799 ], [ 142.794674559983008, 43.619579519978998 ], [ 142.794756499913007, 43.619572849707403 ], [ 142.794816769778009, 43.619565360153402 ], [ 142.79490231958701, 43.619546469893898 ], [ 142.795028140136992, 43.619513140119501 ], [ 142.795163689552993, 43.619472040202702 ], [ 142.795389510218001, 43.6193870596653 ], [ 142.795837250288997, 43.619241529573102 ], [ 142.796118349582002, 43.619123220160603 ], [ 142.796284729556987, 43.619026839817003 ], [ 142.796565819856994, 43.6189232496084 ], [ 142.796721639992001, 43.618889370348299 ], [ 142.796802749846989, 43.618876320286098 ], [ 142.796978009728008, 43.618847989842997 ], [ 142.797089669553003, 43.618836050443498 ], [ 142.797210489871986, 43.6188279997126 ], [ 142.797316320291998, 43.618831060105499 ], [ 142.797586570163986, 43.618858840163497 ], [ 142.798022910429012, 43.618928009720001 ], [ 142.798167339750989, 43.618970789570398 ], [ 142.798260669593986, 43.618998010250202 ], [ 142.79865062012999, 43.619185779700203 ], [ 142.798884200146006, 43.619297440424702 ], [ 142.799016129790999, 43.619380769806902 ], [ 142.799157780207992, 43.619460760006199 ], [ 142.799401640373986, 43.619597980362698 ], [ 142.799747150011001, 43.619836850190701 ], [ 142.799858799943991, 43.61992407004 ], [ 142.799939899907002, 43.619978509600699 ], [ 142.800047379683008, 43.620046840089699 ], [ 142.80009265964901, 43.620065170071697 ], [ 142.800144039716002, 43.620075169633502 ], [ 142.800829260162004, 43.620075470007102 ], [ 142.801101180075989, 43.620066859897896 ], [ 142.801242000418, 43.620066029823597 ], [ 142.801332820254004, 43.620076589663 ], [ 142.801565859777014, 43.6201152002565 ], [ 142.801666959762997, 43.6201513098353 ], [ 142.801833880229992, 43.620227139770897 ], [ 142.801924979754006, 43.620281590123497 ], [ 142.802001080385992, 43.620325190155498 ], [ 142.802036910275007, 43.620341029914798 ], [ 142.802087179680001, 43.620353810180298 ], [ 142.802165509730997, 43.620366030168299 ], [ 142.802251330235009, 43.620372970236502 ], [ 142.802339380158003, 43.620376310318598 ], [ 142.802407430058992, 43.620374089892501 ], [ 142.802472700154993, 43.620366309857502 ], [ 142.802548250401998, 43.620353259795301 ], [ 142.802608799956005, 43.620345760348798 ], [ 142.802684909580989, 43.620319099946698 ], [ 142.802719910295991, 43.620300490275604 ], [ 142.802765180368993, 43.620280219556697 ], [ 142.802875730430998, 43.620256060169197 ], [ 142.803106820224002, 43.620214679663903 ], [ 142.803431800137986, 43.620167190063903 ], [ 142.803547899915998, 43.620138870412703 ], [ 142.803600680226992, 43.620129420336603 ], [ 142.803673730359009, 43.620119980153099 ], [ 142.803762880152988, 43.620123599924298 ], [ 142.803952309750997, 43.620131930344499 ], [ 142.804107860089999, 43.620109440098801 ], [ 142.804393939828998, 43.620073620101699 ], [ 142.804743919996014, 43.619978919691597 ], [ 142.804935290331997, 43.619941700349401 ], [ 142.805132499964998, 43.6198761595573 ], [ 142.805584420085012, 43.619723409707802 ], [ 142.805836070178998, 43.619636199751 ], [ 142.806118000445991, 43.619560109911298 ], [ 142.806258819888996, 43.619531220089897 ], [ 142.806390750432996, 43.619520670142997 ], [ 142.806459630408, 43.619531509671603 ], [ 142.80658239955801, 43.619554009809903 ], [ 142.806732660084009, 43.619549850445402 ], [ 142.806835160314989, 43.619545959978197 ], [ 142.807021249830996, 43.619542080302899 ], [ 142.807209569666014, 43.619552640142402 ], [ 142.807293999818, 43.619583469801498 ], [ 142.807405930339996, 43.619612359622899 ], [ 142.807702290229003, 43.619686800105903 ], [ 142.807857550085998, 43.619752080094599 ], [ 142.808003920145012, 43.619827349752498 ], [ 142.808090860304986, 43.6198515199318 ], [ 142.808163629847996, 43.619845960322998 ], [ 142.808460550015013, 43.619741540040202 ], [ 142.808714430426988, 43.619669609565001 ], [ 142.808934409995004, 43.619608509625202 ], [ 142.809127460263994, 43.6195713001756 ], [ 142.809209119604986, 43.619567409708303 ], [ 142.80945771020501, 43.619534359623202 ], [ 142.809624090179994, 43.619493819984001 ], [ 142.809793810235988, 43.619417159974098 ], [ 142.80991602990099, 43.619360499987202 ], [ 142.810152129816998, 43.6192249703562 ], [ 142.810364900420012, 43.619116649713803 ], [ 142.810473509745009, 43.619073320377602 ], [ 142.810589060036989, 43.619029720345502 ], [ 142.810657109938006, 43.618989730192098 ], [ 142.810786269671013, 43.618941399725998 ], [ 142.810924589898008, 43.618910849756098 ], [ 142.811032090358992, 43.618903360202097 ], [ 142.811136519634999, 43.618912800385601 ], [ 142.811245680244014, 43.618931140260102 ], [ 142.811452330061002, 43.618992799578201 ], [ 142.81173035996801, 43.619054189998998 ], [ 142.811903400321995, 43.619076410448102 ], [ 142.812082549769997, 43.619087810254399 ], [ 142.812337530052986, 43.619116139798201 ], [ 142.812478630084996, 43.6191383701399 ], [ 142.81267222983999, 43.619175309792901 ], [ 142.812816109675992, 43.6190664396646 ], [ 142.812976939934003, 43.618997840278297 ], [ 142.813209980356987, 43.618897859948397 ], [ 142.813409420309, 43.6188289799736 ], [ 142.813629960154998, 43.618765930303603 ], [ 142.813663850207007, 43.618750380126102 ], [ 142.813829390214011, 43.618708450135003 ], [ 142.81408853975401, 43.618673179623698 ], [ 142.814412970183014, 43.618645969735901 ], [ 142.814693779893986, 43.618632089599402 ], [ 142.814821269585991, 43.618606809656697 ], [ 142.814969600166989, 43.6185595997459 ], [ 142.815300139690009, 43.618419069884297 ], [ 142.81569595020801, 43.618280200171299 ], [ 142.815857060154997, 43.618233269949599 ], [ 142.816018430007006, 43.618198270134201 ], [ 142.816287580008009, 43.618162170448002 ], [ 142.816470070437987, 43.618121069631798 ], [ 142.816788389972004, 43.618026919606798 ], [ 142.817069490165011, 43.617917220303603 ], [ 142.817268369840008, 43.6178266801574 ], [ 142.817445860038987, 43.6177052995601 ], [ 142.817606419600992, 43.6175750399563 ], [ 142.817700580418006, 43.617480889931301 ], [ 142.817898360220994, 43.617248139989798 ], [ 142.817975030123989, 43.617098710437297 ], [ 142.818012549840006, 43.6168842895785 ], [ 142.818077839721013, 43.616577100053298 ], [ 142.818176749857003, 43.616236019576803 ], [ 142.81824786015099, 43.616098810012303 ], [ 142.818468710263005, 43.615621090141403 ], [ 142.818640110253, 43.615282519672697 ], [ 142.818772910441993, 43.614941160406403 ], [ 142.818838470119005, 43.614680359711002 ], [ 142.818903220407009, 43.6143434502902 ], [ 142.818892669560995, 43.614267339766101 ], [ 142.818746859779992, 43.6139923702519 ], [ 142.818519389757995, 43.613783490116099 ], [ 142.818361080300008, 43.613688500124297 ], [ 142.817981120333002, 43.613520460001403 ], [ 142.817803079749012, 43.613456570364598 ], [ 142.817159239807012, 43.613308520372101 ], [ 142.81675676980899, 43.613319619804798 ], [ 142.816054029669999, 43.613520969916998 ], [ 142.815738210250004, 43.613714000401004 ], [ 142.81537849042499, 43.613930919576397 ], [ 142.815035450326008, 43.6140931204014 ], [ 142.814759909742008, 43.614193099831901 ], [ 142.814484090369007, 43.614259479691398 ], [ 142.814314099616013, 43.614278920336098 ], [ 142.814152170385995, 43.614248640162799 ], [ 142.814015789997001, 43.6142061400015 ], [ 142.813622500278001, 43.614001160225499 ], [ 142.813260599596987, 43.613806449808003 ], [ 142.812706760209011, 43.6135920100634 ], [ 142.812403460252, 43.613438969732798 ], [ 142.81228958, 43.6133934199705 ], [ 142.812170419828988, 43.613384530172098 ], [ 142.812047100293995, 43.613400629835397 ], [ 142.811890440192002, 43.613483680427699 ], [ 142.811788770036003, 43.613530609750001 ], [ 142.811682669819987, 43.613552830199097 ], [ 142.811586570064009, 43.613550330083903 ], [ 142.81151212958099, 43.613530890338502 ], [ 142.811431300314013, 43.613483389946701 ], [ 142.811400760237007, 43.613358959748403 ], [ 142.811371880308002, 43.613240080165703 ], [ 142.81140411021201, 43.6130301001592 ], [ 142.81154662038, 43.612809019820602 ], [ 142.811998560284991, 43.612308530014801 ], [ 142.812493830426007, 43.611894410199099 ], [ 142.812758279670987, 43.611631940361903 ], [ 142.812889940419012, 43.611501400169601 ], [ 142.813678010031992, 43.610554569637799 ], [ 142.814116620186013, 43.610146850296999 ], [ 142.814240230203012, 43.610037140202103 ], [ 142.814340510007014, 43.609909379814198 ], [ 142.814390800095993, 43.609813559748098 ], [ 142.814317470275, 43.609732449892803 ], [ 142.814158890121007, 43.609585239867101 ], [ 142.814030289766009, 43.609472480171 ], [ 142.813769210281009, 43.6093069401633 ], [ 142.813670890100013, 43.6092644400021 ], [ 142.813504789814004, 43.609237220221701 ], [ 142.813287859847009, 43.609241660174597 ], [ 142.812901500304008, 43.609306090304003 ], [ 142.812672339556997, 43.609381350069398 ], [ 142.812562070083999, 43.609403569619197 ], [ 142.81245124033299, 43.609382459832801 ], [ 142.812372920173999, 43.609349960132697 ], [ 142.812295709778994, 43.609279410116898 ], [ 142.812256830288987, 43.609226920286297 ], [ 142.812209060100002, 43.609094430363797 ], [ 142.812186020369012, 43.608921669699399 ], [ 142.812176310388992, 43.608795019974401 ], [ 142.812131609586004, 43.608540049583802 ], [ 142.812089149895002, 43.608107869582703 ], [ 142.812085010315002, 43.607729579656599 ], [ 142.812072810111999, 43.607565430000797 ], [ 142.812105889874999, 43.6071454699876 ], [ 142.812145069738989, 43.6069516103287 ], [ 142.812187870273988, 43.606674690184903 ], [ 142.812200969798994, 43.606094479976399 ], [ 142.812246800150007, 43.6060608696136 ], [ 142.812218199910006, 43.6060392103415 ], [ 142.812157099969994, 43.605891449930702 ], [ 142.812132120401003, 43.605627030363301 ], [ 142.812155199703, 43.605374839777198 ], [ 142.812254930020998, 43.605115979818798 ], [ 142.812344950359005, 43.604897110013802 ], [ 142.812352730393997, 43.604793240116102 ], [ 142.812313019930002, 43.604642139623202 ], [ 142.812280809811995, 43.604558820133597 ], [ 142.812121119893987, 43.604303290364697 ], [ 142.812032810066, 43.604106079831901 ], [ 142.811954499801004, 43.603927489762 ], [ 142.811932290143005, 43.6038111102947 ], [ 142.811917579933009, 43.603595020294101 ], [ 142.811860660041987, 43.6034172602985 ], [ 142.811679860336994, 43.603195890378203 ], [ 142.811538209920997, 43.603054519650499 ], [ 142.811302690067009, 43.602873419572802 ], [ 142.811070219815008, 43.602718149822898 ], [ 142.810578330226008, 43.602428169724398 ], [ 142.809197280030986, 43.603031960156997 ], [ 142.808635919611987, 43.603189149959498 ], [ 142.80812956982399, 43.603306069919398 ], [ 142.80787875969699, 43.603322450171099 ], [ 142.807516850023006, 43.603278000279701 ], [ 142.80723966008199, 43.603199109951099 ], [ 142.80689610017501, 43.602979400179301 ], [ 142.806895819586998, 43.602957740007902 ], [ 142.806127890290014, 43.602252509645801 ], [ 142.805777959584987, 43.60177671972 ], [ 142.805736579978998, 43.601789220296403 ], [ 142.805619359645988, 43.601816709873397 ], [ 142.805542419946988, 43.601850869722 ], [ 142.805490479602014, 43.601909470445896 ], [ 142.805438540157013, 43.601968080162898 ], [ 142.805365759821996, 43.602026119709798 ], [ 142.805254930070987, 43.602078339743699 ], [ 142.805153550396, 43.602132489722798 ], [ 142.805095220368003, 43.602182209641498 ], [ 142.805044100205009, 43.602243029892101 ], [ 142.804989380056014, 43.602333019653301 ], [ 142.804949930394997, 43.602426899881699 ], [ 142.804888539974002, 43.602494670093101 ], [ 142.804842429934013, 43.602526890104102 ], [ 142.804801320124994, 43.602544940396903 ], [ 142.804750219747007, 43.602554939958701 ], [ 142.804648279794009, 43.602562149823498 ], [ 142.804540239740987, 43.602574090122303 ], [ 142.804455799696001, 43.602601309902703 ], [ 142.804391349781014, 43.602635190062102 ], [ 142.804318859928003, 43.602702130199297 ], [ 142.804276080076988, 43.602758509597699 ], [ 142.804214960351999, 43.602853219900297 ], [ 142.804153849621002, 43.602918489996497 ], [ 142.804101629586995, 43.602959320116703 ], [ 142.803949139640991, 43.603064029981198 ], [ 142.803823310098011, 43.603180680144398 ], [ 142.803753029879005, 43.6032415003951 ], [ 142.803723030294009, 43.603297330307697 ], [ 142.80370551959399, 43.603357600173297 ], [ 142.803682739766998, 43.6033950902114 ], [ 142.803650800344002, 43.6034261995596 ], [ 142.803609970223988, 43.6034486996979 ], [ 142.803473859630998, 43.603524519741001 ], [ 142.803435529626, 43.603550070379598 ], [ 142.803404979655994, 43.603573959970397 ], [ 142.803351370169992, 43.603616169650699 ], [ 142.803328309753994, 43.603631729720703 ], [ 142.803288039910996, 43.603654219966501 ], [ 142.803247479588009, 43.6036750500637 ], [ 142.803203599866009, 43.603708940115702 ], [ 142.803070820361995, 43.603782260043403 ], [ 142.802926659938009, 43.603858080086503 ], [ 142.802767499721, 43.6039358399672 ], [ 142.802678900311008, 43.603971120371099 ], [ 142.802555849673013, 43.604013609740498 ], [ 142.802371139716001, 43.604075820342999 ], [ 142.80229031044999, 43.604106919798703 ], [ 142.802244480099006, 43.604126919821702 ], [ 142.802190590023997, 43.604149419959903 ], [ 142.802154760133988, 43.604167470252698 ], [ 142.802117270096005, 43.6041752403952 ], [ 142.802123929575998, 43.604145249803601 ], [ 142.802105890075012, 43.604061649725502 ], [ 142.802099500391989, 43.604007479961403 ], [ 142.802116170224991, 43.603948600447701 ], [ 142.802150070170001, 43.603868889937502 ], [ 142.802207570122988, 43.603755009686097 ], [ 142.802235909560011, 43.603683629595999 ], [ 142.802247019784005, 43.6036355797184 ], [ 142.802252299704008, 43.603574760367103 ], [ 142.802258139900999, 43.603549199835903 ], [ 142.802255090300008, 43.603524210374196 ], [ 142.802240370197012, 43.603496989694499 ], [ 142.802214260179994, 43.6034700397107 ], [ 142.802179540053999, 43.603457540033602 ], [ 142.802156490430008, 43.603511699905198 ], [ 142.802100930313998, 43.603575309852801 ], [ 142.80205175988101, 43.603627519994198 ], [ 142.801996209658, 43.603675020386 ], [ 142.801915099801988, 43.603730010331901 ], [ 142.801822330237002, 43.603782500162403 ], [ 142.801738720266002, 43.603823600079203 ], [ 142.801615110249003, 43.603882760181399 ], [ 142.801568449824003, 43.603898869737201 ], [ 142.801507900269996, 43.603913859637103 ], [ 142.80142401960299, 43.603932189619002 ], [ 142.801334019948996, 43.603953019716201 ], [ 142.801240420309, 43.603981069570899 ], [ 142.801082369856005, 43.6040471697413 ], [ 142.800923769916011, 43.604104940390897 ], [ 142.800672400411003, 43.604171590047002 ], [ 142.800470189647996, 43.604217969883599 ], [ 142.800429919804998, 43.604222690424997 ], [ 142.800389640069994, 43.604232129709203 ], [ 142.800355199633003, 43.604241300096099 ], [ 142.800259099877991, 43.604252959806402 ], [ 142.800209379959, 43.604262399989899 ], [ 142.800162709641995, 43.604271570376902 ], [ 142.80011299961501, 43.604278510445099 ], [ 142.800046889552988, 43.604288510006903 ], [ 142.799817180219009, 43.604348490290803 ], [ 142.799717189997011, 43.604378759672201 ], [ 142.799692470330996, 43.604391539937801 ], [ 142.799666079725995, 43.6043995897694 ], [ 142.799633310229012, 43.6044051502776 ], [ 142.799580529917989, 43.604424590023001 ], [ 142.799537480270999, 43.604440419889599 ], [ 142.799491089642004, 43.604452079600001 ], [ 142.799447489610003, 43.6044590295608 ], [ 142.799413319868989, 43.604465969628997 ], [ 142.799372489749004, 43.604484580199397 ], [ 142.799347770084012, 43.6044937397944 ], [ 142.799307490349008, 43.604502910181303 ], [ 142.799273329600993, 43.604507629823402 ], [ 142.799232780068991, 43.604512350364899 ], [ 142.799198610328006, 43.604519290433103 ], [ 142.799173889763011, 43.604530680346798 ], [ 142.799148900301986, 43.604537620415002 ], [ 142.799111680060008, 43.604537900104198 ], [ 142.799146119597992, 43.6045670597222 ], [ 142.799187220414012, 43.604616499951703 ], [ 142.799231100134989, 43.604665940181199 ], [ 142.799268869862999, 43.604719830256101 ], [ 142.799312190205995, 43.604790380272 ], [ 142.799371899794011, 43.604867040281903 ], [ 142.799415780413995, 43.6049598098475 ], [ 142.799456599742001, 43.605061739907498 ], [ 142.79949157977299, 43.605201730175899 ], [ 142.799504629835013, 43.605278390185703 ], [ 142.799511290214014, 43.6053828203611 ], [ 142.799514060126, 43.605446700105297 ], [ 142.799514339815005, 43.605471419770403 ], [ 142.79950516043499, 43.605555580126101 ], [ 142.799490430438993, 43.605709449631497 ], [ 142.799485139728006, 43.605818049963197 ], [ 142.799504850169001, 43.6059741497874 ], [ 142.799514290351993, 43.606010260265499 ], [ 142.799552060080003, 43.606116640171003 ], [ 142.799620930162007, 43.606261619877998 ], [ 142.799636750135988, 43.606304399728501 ], [ 142.799646470009009, 43.6063382798879 ], [ 142.799646749698013, 43.606362999552999 ], [ 142.79964951961, 43.606394939874697 ], [ 142.799659520071003, 43.606438000313602 ], [ 142.799681729728007, 43.606560210085803 ], [ 142.799685329714009, 43.606614369957398 ], [ 142.799685889991991, 43.606675190208001 ], [ 142.799692269783009, 43.606754630022401 ], [ 142.799692820167991, 43.6068179602808 ], [ 142.799692810274991, 43.606856560082299 ], [ 142.799692810274991, 43.606874620267703 ], [ 142.799702530148011, 43.606922109867597 ], [ 142.799712519817007, 43.606974050212401 ], [ 142.799718629810997, 43.607037660160103 ], [ 142.799716670187991, 43.607193750091703 ], [ 142.799708050187007, 43.607350129605003 ], [ 142.799708870367994, 43.607482890223402 ], [ 142.799693589986987, 43.607575100410699 ], [ 142.799666079725995, 43.607685649573199 ], [ 142.79965384984601, 43.607728420430398 ], [ 142.799638299668004, 43.607766750435403 ], [ 142.799592179734987, 43.607830069902001 ], [ 142.799520799644995, 43.607900059640201 ], [ 142.79937551956499, 43.608004770404001 ], [ 142.799238860385003, 43.608081700210398 ], [ 142.799155250414998, 43.608118360174302 ], [ 142.799104980110997, 43.608140860312602 ], [ 142.799036930210008, 43.608163630247503 ], [ 142.798981100297993, 43.608177520276499 ], [ 142.798918879803011, 43.608189179986802 ], [ 142.798878609960013, 43.608198350373797 ], [ 142.79882582964899, 43.608218899882502 ], [ 142.798735839887001, 43.608259999799301 ], [ 142.798685840280001, 43.608279999822301 ], [ 142.798614450297009, 43.608303050345697 ], [ 142.798536960212999, 43.608321380327602 ], [ 142.798344200424992, 43.608360820095903 ], [ 142.798173099909008, 43.608406359965699 ], [ 142.797800339914005, 43.608502730416802 ], [ 142.797694799975005, 43.608530219993803 ], [ 142.797610910315001, 43.608557720362697 ], [ 142.79751480966101, 43.6085965998533 ], [ 142.797443139989014, 43.608632710331499 ], [ 142.797269819945996, 43.608737410303398 ], [ 142.797098990127012, 43.608821569759797 ], [ 142.796944269861996, 43.608912660291203 ], [ 142.796863999973993, 43.608962659898999 ], [ 142.796789000112, 43.609003210330101 ], [ 142.796717899711012, 43.609030699907102 ], [ 142.796646790316998, 43.609074030142601 ], [ 142.796581790017996, 43.609124019857802 ], [ 142.796501510236993, 43.609187619912902 ], [ 142.796441789856999, 43.609230120074102 ], [ 142.796339849904001, 43.609318720382802 ], [ 142.796299570168998, 43.609347319723199 ], [ 142.796208190056007, 43.609399260068002 ], [ 142.796196800142013, 43.609379539734199 ], [ 142.796137640040001, 43.6094150899346 ], [ 142.796109580293006, 43.609422030002897 ], [ 142.796060700341002, 43.609423700043898 ], [ 142.796029590094008, 43.6094192501984 ], [ 142.795991260089011, 43.609408970048101 ], [ 142.795938209980989, 43.609393419870599 ], [ 142.795890160102999, 43.609374249921899 ], [ 142.795821559817, 43.6093292604372 ], [ 142.795711300236007, 43.609248979756799 ], [ 142.795689360376002, 43.6092242600917 ], [ 142.795673529610013, 43.609197040311301 ], [ 142.795635490085999, 43.609125099943597 ], [ 142.795618549556991, 43.609081499911397 ], [ 142.795615220266001, 43.609061220199301 ], [ 142.79562437986101, 43.609049830285599 ], [ 142.795630770444006, 43.6090362199458 ], [ 142.795624110065006, 43.609011500280701 ], [ 142.795611339691987, 43.608973170275803 ], [ 142.795613560117999, 43.6089298499328 ], [ 142.795625229720997, 43.608857350186703 ], [ 142.795639129642012, 43.608725979920202 ], [ 142.795649979963002, 43.608587940281403 ], [ 142.795657769889999, 43.608416290279798 ], [ 142.795649169673993, 43.608275469937197 ], [ 142.795622240374001, 43.608089929906498 ], [ 142.795605860123004, 43.608020219857501 ], [ 142.795570319814999, 43.607924950176503 ], [ 142.795545049764002, 43.607875509947 ], [ 142.795485340175986, 43.607799119733798 ], [ 142.795424789722006, 43.607726629880197 ], [ 142.795371750405991, 43.607677189650801 ], [ 142.795318419708991, 43.607627750320603 ], [ 142.795268150304992, 43.607596360383901 ], [ 142.795202050135003, 43.607569139704196 ], [ 142.795133449849004, 43.6075424703089 ], [ 142.795058459880011, 43.607502199567001 ], [ 142.794995689898997, 43.607452760236903 ], [ 142.794980129829014, 43.607436919578298 ], [ 142.794967360355997, 43.607416649758797 ], [ 142.794960969773001, 43.607389709667501 ], [ 142.794954310293008, 43.607360540156897 ], [ 142.794944319725005, 43.607308050326402 ], [ 142.794944040036, 43.607278610119899 ], [ 142.794962100220999, 43.607179170282699 ], [ 142.794986550088993, 43.607082239553897 ], [ 142.795041559819992, 43.606982529920003 ], [ 142.795118780107998, 43.6068697603313 ], [ 142.795307390424, 43.606675069698902 ], [ 142.795452940301004, 43.606563970151299 ], [ 142.795554890146008, 43.606480090383997 ], [ 142.795935719758006, 43.606045980437798 ], [ 142.796053780058003, 43.605928779889403 ], [ 142.796170729696001, 43.6057654603079 ], [ 142.796186840150995, 43.605738239628202 ], [ 142.796202400221006, 43.6057065798949 ], [ 142.796220179817993, 43.605636590156699 ], [ 142.79622267993301, 43.605571040371402 ], [ 142.796231309826993, 43.6054171699666 ], [ 142.796230209956008, 43.605233850362097 ], [ 142.796239380342996, 43.605165519872997 ], [ 142.796244670156, 43.605059419656598 ], [ 142.796246629778011, 43.604891939811402 ], [ 142.796227750311004, 43.604781119952897 ], [ 142.796192770279987, 43.604654460335297 ], [ 142.796157780356992, 43.604575300210101 ], [ 142.796066410137001, 43.604390319557801 ], [ 142.796000589655989, 43.604266169947898 ], [ 142.795944220150005, 43.604187009822802 ], [ 142.795834510054988, 43.604072289604602 ], [ 142.795659260066998, 43.6039236901264 ], [ 142.795396530326002, 43.603700929854199 ], [ 142.795259599551002, 43.603620099688001 ], [ 142.795025460157007, 43.603521769614098 ], [ 142.794748000419986, 43.603400669605399 ], [ 142.794377209939995, 43.6032620597964 ], [ 142.794267780434012, 43.6032084503099 ], [ 142.79421473032599, 43.603181510218697 ], [ 142.794133900160006, 43.6031295698739 ], [ 142.794077519861986, 43.603077900225102 ], [ 142.79403337034401, 43.6030148496558 ], [ 142.794001990299989, 43.602946809647698 ], [ 142.793993380191012, 43.602894309924601 ], [ 142.793986989607987, 43.602876259631799 ], [ 142.793999220388002, 43.602844590006001 ], [ 142.794060609908996, 43.602780989950901 ], [ 142.794150880258996, 43.6027215501596 ], [ 142.794384759748993, 43.602558520159697 ], [ 142.794477819795986, 43.6025218601959 ], [ 142.794527260025006, 43.6024946404155 ], [ 142.794680859734001, 43.602395209571498 ], [ 142.794891130221998, 43.6022724503135 ], [ 142.795002790046993, 43.602213020414801 ], [ 142.795163899994009, 43.6021491397711 ], [ 142.795374989764014, 43.602084709641801 ], [ 142.79552914975099, 43.602057769550598 ], [ 142.795678310406004, 43.6020480595705 ], [ 142.795933279897014, 43.602037780319399 ], [ 142.796063550293013, 43.602001130248098 ], [ 142.796156329751, 43.601955299897298 ], [ 142.796230489646007, 43.601891699842199 ], [ 142.796278820112008, 43.601842540201197 ], [ 142.796395769749012, 43.601702000447098 ], [ 142.796480219686998, 43.601521750228798 ], [ 142.796522719848014, 43.601408709944202 ], [ 142.796552730223993, 43.6012776103736 ], [ 142.796563010374996, 43.601165400163303 ], [ 142.796559420281, 43.6008904396422 ], [ 142.796514429897002, 43.600741559575503 ], [ 142.796507220031998, 43.600619630391797 ], [ 142.796454740093992, 43.600417430420201 ], [ 142.796226750264992, 43.599744170057598 ], [ 142.796142609693987, 43.599505859607902 ], [ 142.796129279942988, 43.599415590157498 ], [ 142.796109289811994, 43.599266719983298 ], [ 142.796088750195992, 43.599158959618499 ], [ 142.796112090300994, 43.598991749569699 ], [ 142.796195159778989, 43.598758169554102 ], [ 142.796409329726998, 43.598391270440999 ], [ 142.796513220309009, 43.598292120185398 ], [ 142.796593220401007, 43.598196860397003 ], [ 142.796697659569986, 43.598065490130402 ], [ 142.796739329655992, 43.597971049624398 ], [ 142.796916829748, 43.5977541403415 ], [ 142.797335429985992, 43.597405029818397 ], [ 142.797576260336001, 43.597209779807699 ], [ 142.797699859560993, 43.597109789585303 ], [ 142.798014300320006, 43.596892329917203 ], [ 142.798409549660988, 43.596692360264399 ], [ 142.798979250391994, 43.596414069553802 ], [ 142.799250350123998, 43.596273539692298 ], [ 142.799491450270011, 43.596091620332203 ], [ 142.799584500424999, 43.5960010801859 ], [ 142.799680610071988, 43.5959077602351 ], [ 142.799813670165008, 43.595738899930403 ], [ 142.800185619871002, 43.595230630089603 ], [ 142.800480909567, 43.594754299671401 ], [ 142.800883150237013, 43.594116049916003 ], [ 142.800985930156997, 43.593946069955301 ], [ 142.800999830078013, 43.593713050217303 ], [ 142.800954849586986, 43.593507240367003 ], [ 142.800827379679987, 43.5932964203936 ], [ 142.800646570082989, 43.593138940110201 ], [ 142.800256339858009, 43.592961449911201 ], [ 142.800105519954002, 43.592918670060698 ], [ 142.800018030307996, 43.592879230292397 ], [ 142.799924990046009, 43.592809510350797 ], [ 142.799891939960986, 43.592717579852597 ], [ 142.799881669704007, 43.592635639923003 ], [ 142.799921120264003, 43.592490660216001 ], [ 142.799993350212986, 43.592292910089903 ], [ 142.800040859597999, 43.592090149840701 ], [ 142.800062810251006, 43.591999330005301 ], [ 142.800078370320989, 43.591927400429398 ], [ 142.800111979783992, 43.591868240327202 ], [ 142.800146150425007, 43.5918004701157 ], [ 142.800154770427014, 43.591758249643597 ], [ 142.800153100386012, 43.591728259951402 ], [ 142.800117560078007, 43.591619659619802 ], [ 142.800097560055008, 43.591545220035997 ], [ 142.800078960276011, 43.5914427296984 ], [ 142.800076190363995, 43.591349960132703 ], [ 142.800104529799995, 43.591184709706702 ], [ 142.800106480430003, 43.591119989995697 ], [ 142.800097040245987, 43.5910833300318 ], [ 142.800096210172001, 43.5910172298615 ], [ 142.800109830404011, 43.590938899810602 ], [ 142.800152610254997, 43.590815029889903 ], [ 142.800149840343011, 43.590785030305099 ], [ 142.800101230188005, 43.590703649753799 ], [ 142.800084289658002, 43.590661430181001 ], [ 142.800067910306012, 43.590583660407802 ], [ 142.800064590008986, 43.590489229794301 ], [ 142.800078210240997, 43.590283699633197 ], [ 142.800090440122005, 43.590219819888901 ], [ 142.800118220179996, 43.590152330266001 ], [ 142.800172940328991, 43.590058170348499 ], [ 142.80017906021601, 43.590027060100901 ], [ 142.800147399583011, 43.589953179895502 ], [ 142.800137960298997, 43.5899109702153 ], [ 142.800139070061988, 43.589880969731198 ], [ 142.800183240264005, 43.589799310389999 ], [ 142.800187129832011, 43.589768210034997 ], [ 142.800151579632001, 43.589704879776498 ], [ 142.800132969960998, 43.589652389946004 ], [ 142.800126869859014, 43.589554899838902 ], [ 142.800142990207007, 43.589458800083698 ], [ 142.800166879798013, 43.589380749721997 ], [ 142.80016633031201, 43.589338260352598 ], [ 142.80013188987499, 43.589300760421899 ], [ 142.800089399606009, 43.589249099766299 ], [ 142.800039689579989, 43.589144389901797 ], [ 142.800011360035995, 43.589059670167799 ], [ 142.799994149709988, 43.5889824597729 ], [ 142.799998589663005, 43.588922469596497 ], [ 142.79998553960101, 43.5888860803285 ], [ 142.799930830243994, 43.588829979719897 ], [ 142.799904450430006, 43.588780540389799 ], [ 142.799895000354013, 43.588739149992001 ], [ 142.799893340206012, 43.588683050282697 ], [ 142.799907519816003, 43.588536950020398 ], [ 142.799920030284994, 43.5884180803303 ], [ 142.799890859876001, 43.588389470198102 ], [ 142.799865030446995, 43.588386409805103 ], [ 142.799820870137012, 43.588397520029702 ], [ 142.799773090055993, 43.588431959567501 ], [ 142.79939698008701, 43.588835239854603 ], [ 142.799115039926988, 43.589132980202997 ], [ 142.798893939804003, 43.589270449671702 ], [ 142.798748669616003, 43.589325720205998 ], [ 142.798609510321, 43.589370160204901 ], [ 142.797827889745008, 43.5895323403454 ], [ 142.797434580241998, 43.589630100249103 ], [ 142.797000720307011, 43.5897545196555 ], [ 142.796724069959993, 43.589805889830103 ], [ 142.796595469604995, 43.589823660433801 ], [ 142.796457429967006, 43.589835599833201 ], [ 142.796311600400003, 43.589849489862203 ], [ 142.796223560368986, 43.589844479739099 ], [ 142.796162169947991, 43.589813650080004 ], [ 142.796132459944999, 43.589751159788399 ], [ 142.796107189894997, 43.589690610233603 ], [ 142.796101359590011, 43.5895809001386 ], [ 142.79607581974301, 43.5894153601309 ], [ 142.796093059746994, 43.589239549865503 ], [ 142.796129449913991, 43.5890493000853 ], [ 142.796162800372997, 43.588869319663601 ], [ 142.796237249849014, 43.588611299671904 ], [ 142.796260589953988, 43.588515750301802 ], [ 142.796262549576994, 43.588329659886099 ], [ 142.796239779642008, 43.588200230356499 ], [ 142.796217839782003, 43.5881488502894 ], [ 142.796130920306013, 43.588032469922702 ], [ 142.795997049924011, 43.587873600186597 ], [ 142.795972059563013, 43.587806939738599 ], [ 142.795977899760004, 43.587731949769797 ], [ 142.796004009776993, 43.587666399984499 ], [ 142.796045949660993, 43.587607239882402 ], [ 142.796119560069997, 43.5875353103065 ], [ 142.796241230248995, 43.587452540302699 ], [ 142.796332890050991, 43.587380609827399 ], [ 142.796375390212006, 43.587328670382 ], [ 142.796405950075012, 43.587273399847703 ], [ 142.796410120231002, 43.587233409694299 ], [ 142.796401789811, 43.587202849831797 ], [ 142.79631207973901, 43.587142300277101 ], [ 142.796135430405997, 43.587051469649801 ], [ 142.795737699835001, 43.586916760200502 ], [ 142.795280519581013, 43.586801200015501 ], [ 142.794850849586993, 43.5867031496308 ], [ 142.794494219833012, 43.586607309779701 ], [ 142.794350619684991, 43.586557040375297 ], [ 142.794305069923013, 43.586528430243099 ], [ 142.794303970051999, 43.5864562101861 ], [ 142.794355080322987, 43.586323730156202 ], [ 142.794438700185992, 43.586144310012102 ], [ 142.794552319633993, 43.585961000300102 ], [ 142.794647039828988, 43.585798800374498 ], [ 142.794783430111011, 43.585597159781301 ], [ 142.794870929649989, 43.585505779668203 ], [ 142.795043989789008, 43.585329140227799 ], [ 142.795204540356991, 43.585203329570199 ], [ 142.795474810015008, 43.585001969565397 ], [ 142.795796740327006, 43.584791719762201 ], [ 142.795957289997006, 43.584676739640003 ], [ 142.796030619817003, 43.584606200415998 ], [ 142.796130340242996, 43.584503149800703 ], [ 142.796149229603003, 43.584454830126496 ], [ 142.796162849836008, 43.584355119593297 ], [ 142.79611787024399, 43.584210690271298 ], [ 142.796076499630999, 43.583958770381102 ], [ 142.796087890443999, 43.583910160225898 ], [ 142.796160120393012, 43.5837124100998 ], [ 142.796228180187001, 43.583559099972703 ], [ 142.796318460429006, 43.583464940055102 ], [ 142.796359019853014, 43.583370790030102 ], [ 142.796317650139997, 43.583251350169903 ], [ 142.796204890443988, 43.583077479742101 ], [ 142.796118519554, 43.582983050027899 ], [ 142.796013250311006, 43.582898330293901 ], [ 142.795907159987991, 43.582816109775798 ], [ 142.795806060002008, 43.582772780439697 ], [ 142.795687460108013, 43.582745280070803 ], [ 142.795443590050013, 43.582733329879403 ], [ 142.795245830031007, 43.582710829741202 ], [ 142.794693659784997, 43.5826916498999 ], [ 142.794439239778995, 43.582671929566096 ], [ 142.793942619755995, 43.582633579776001 ], [ 142.793501829646004, 43.5825702504169 ], [ 142.793122420064009, 43.582527459774603 ], [ 142.792351110216003, 43.582380790241402 ], [ 142.791971699734006, 43.582328570207501 ], [ 142.791722000269999, 43.582284679694403 ], [ 142.791351490378986, 43.582153009953601 ], [ 142.791194559580987, 43.582084690256401 ], [ 142.791139289947012, 43.582035800412001 ], [ 142.79113429960799, 43.581925539931902 ], [ 142.791146249799993, 43.581834159818797 ], [ 142.791233199852996, 43.581736950300197 ], [ 142.791416800044999, 43.581581690442803 ], [ 142.791511520240988, 43.581496149627803 ], [ 142.791607350199001, 43.581416160327699 ], [ 142.791782350174998, 43.581296740252498 ], [ 142.791990400237012, 43.581145369962996 ], [ 142.792099009562008, 43.581040380409398 ], [ 142.792226779841997, 43.580904009912302 ], [ 142.79234455955401, 43.580755979704897 ], [ 142.792392899913011, 43.5806559903818 ], [ 142.79240902026001, 43.580534060298803 ], [ 142.792411249679986, 43.580425739656299 ], [ 142.792362930004998, 43.580307420351303 ], [ 142.792328209879003, 43.580237429713797 ], [ 142.792211569608014, 43.580067170063998 ], [ 142.792061870259005, 43.579902460130597 ], [ 142.791850790382, 43.579707749713101 ], [ 142.791673589764997, 43.579560269890699 ], [ 142.791369750213988, 43.579328619820103 ], [ 142.79107894993399, 43.579131129598103 ], [ 142.790797880317996, 43.578918930064702 ], [ 142.790584849811012, 43.578751999705197 ], [ 142.790427099731005, 43.578620349749499 ], [ 142.790268229995007, 43.578520349634601 ], [ 142.789949100170986, 43.5783659198515 ], [ 142.789645239935993, 43.578240930274902 ], [ 142.789143640367001, 43.577989829666997 ], [ 142.788924769662998, 43.5778762300042 ], [ 142.788593980128013, 43.577639309906402 ], [ 142.788337630178006, 43.577446270429199 ], [ 142.788287639563009, 43.577374609750599 ], [ 142.788285140347, 43.5773232296835 ], [ 142.788331260279989, 43.577085199822299 ], [ 142.788433479920997, 43.576966050442998 ], [ 142.788593200415988, 43.576834399588101 ], [ 142.788655140322987, 43.576813850079297 ], [ 142.788915119937002, 43.576814129768401 ], [ 142.789234259653995, 43.576844419834302 ], [ 142.790107239657999, 43.576977749723497 ], [ 142.790573030021989, 43.577060529619899 ], [ 142.791149089859005, 43.5771108197087 ], [ 142.791522670034993, 43.577121660136697 ], [ 142.792204269811009, 43.577197769761398 ], [ 142.792625630069011, 43.5772661101431 ], [ 142.793077530403991, 43.577368329784697 ], [ 142.793627480223989, 43.5774866598816 ], [ 142.793779960276993, 43.577506110418803 ], [ 142.793898009785011, 43.577491670004697 ], [ 142.794039109816993, 43.577434730328697 ], [ 142.794317989583988, 43.577276699660104 ], [ 142.794446039553009, 43.577170049957999 ], [ 142.794579089753, 43.577042289570201 ], [ 142.794652979851008, 43.576921749839101 ], [ 142.794663260002011, 43.576862589736898 ], [ 142.794649649662006, 43.576782880125997 ], [ 142.794610219785994, 43.576711500035898 ], [ 142.794577440397006, 43.5766506698927 ], [ 142.794480849612, 43.5765341402386 ], [ 142.794343309996009, 43.576400699732702 ], [ 142.794122510246012, 43.576189609962697 ], [ 142.793911149780001, 43.575985460260902 ], [ 142.793798380190992, 43.5758549200687 ], [ 142.793699509624986, 43.575732989985703 ], [ 142.793610359830012, 43.5756007797523 ], [ 142.793579530171002, 43.575507459801599 ], [ 142.793583149943004, 43.5754544096934 ], [ 142.793612869838, 43.575407469579197 ], [ 142.793655639795986, 43.575380810076503 ], [ 142.79370925018199, 43.575375809845902 ], [ 142.793769520046993, 43.575398860369297 ], [ 142.793832290028007, 43.575445529787501 ], [ 142.793935890129006, 43.575515239836598 ], [ 142.794150310089009, 43.575706059787002 ], [ 142.794318340318995, 43.575872709557999 ], [ 142.794448050437012, 43.575968810212601 ], [ 142.79454719979401, 43.576024640125198 ], [ 142.794678849749005, 43.5760754698073 ], [ 142.794790509574995, 43.576099909783203 ], [ 142.794900219670012, 43.576107140332503 ], [ 142.795002989696002, 43.576077139848302 ], [ 142.795101040080993, 43.5760188197129 ], [ 142.795255760344986, 43.575878559647997 ], [ 142.795489920423989, 43.575657480208697 ], [ 142.795563529932991, 43.575606379830703 ], [ 142.795745180396011, 43.575521119604197 ], [ 142.795985169879998, 43.5754436304194 ], [ 142.796120989992005, 43.575398640035402 ], [ 142.796354589792998, 43.575336710021297 ], [ 142.796508739887003, 43.575309490240997 ], [ 142.796774830394014, 43.575287839962002 ], [ 142.796980929825992, 43.575282290245603 ], [ 142.797058150113997, 43.575258399755498 ], [ 142.797096200428996, 43.575197299815699 ], [ 142.797092319855011, 43.575107589743702 ], [ 142.797070100305007, 43.5750359299644 ], [ 142.796941509843009, 43.574829290039901 ], [ 142.796864859726014, 43.574662640268798 ], [ 142.796860970158008, 43.574596540098398 ], [ 142.796892920371988, 43.574565150161703 ], [ 142.796959300232004, 43.574550709747598 ], [ 142.797034569890002, 43.574562929735599 ], [ 142.797125119929007, 43.574593489598001 ], [ 142.797390919955006, 43.574708199923599 ], [ 142.797444810029987, 43.5747454201652 ], [ 142.797520630072995, 43.574800970388701 ], [ 142.797622570025993, 43.574829299932397 ], [ 142.797713120064998, 43.574835970203999 ], [ 142.797780609688004, 43.5748295796216 ], [ 142.797820050355, 43.574798749962497 ], [ 142.797853669711003, 43.574715149884398 ], [ 142.797869780165996, 43.574599890073003 ], [ 142.797869790058996, 43.574526009867597 ], [ 142.797866180179994, 43.5743840797616 ], [ 142.797814259620992, 43.574098839989603 ], [ 142.797793430423013, 43.573950799889602 ], [ 142.797796220120006, 43.5737697097045 ], [ 142.79781649983201, 43.5736433396685 ], [ 142.797880390367993, 43.573478639627702 ], [ 142.798003170310011, 43.573275339785297 ], [ 142.798127610400996, 43.573128690037201 ], [ 142.798276500360004, 43.573000099575097 ], [ 142.798451490443995, 43.572882339648402 ], [ 142.79863454025201, 43.572810410072499 ], [ 142.799099780230989, 43.572734869718602 ], [ 142.799493919809009, 43.572688220085503 ], [ 142.799598910262006, 43.572658779878999 ], [ 142.799696129673009, 43.572599070290998 ], [ 142.799758629856996, 43.572512130130903 ], [ 142.799817799852008, 43.572407430158897 ], [ 142.799861409776014, 43.572252719787301 ], [ 142.799944749949987, 43.572069140278799 ], [ 142.799961140095007, 43.571993310343103 ], [ 142.799994200072007, 43.571951929837802 ], [ 142.800066689926012, 43.571921100178798 ], [ 142.800128080347008, 43.571917769989298 ], [ 142.800196679733006, 43.571918879752701 ], [ 142.800308620147007, 43.5719549902308 ], [ 142.800551929927991, 43.572062479899699 ], [ 142.801032159805999, 43.572249139586297 ], [ 142.801487949709013, 43.572409959951898 ], [ 142.802025120162995, 43.572553009713801 ], [ 142.80226398999099, 43.5726282901636 ], [ 142.802494239818003, 43.572684950150503 ], [ 142.802681170200003, 43.572696619753302 ], [ 142.802743389796007, 43.572680789886697 ], [ 142.802809780447006, 43.572644409612003 ], [ 142.802880049875, 43.572586360172501 ], [ 142.802900610174987, 43.572519150238698 ], [ 142.802885059998005, 43.572455269595203 ], [ 142.802819789902003, 43.572354159716802 ], [ 142.802683139714986, 43.572206679894499 ], [ 142.802369020013998, 43.571888380144799 ], [ 142.80223626029499, 43.571706729681999 ], [ 142.802155440022005, 43.571566750205498 ], [ 142.802122120140012, 43.571448150312101 ], [ 142.802116289834998, 43.571284560034599 ], [ 142.802128240026008, 43.571172070135098 ], [ 142.802197959967998, 43.571048479903602 ], [ 142.802380179701998, 43.570879890294897 ], [ 142.802543240278993, 43.570643529575399 ], [ 142.802849339825002, 43.570305249587797 ], [ 142.803098229900002, 43.5700497297114 ], [ 142.803302660190013, 43.569881970176901 ], [ 142.803417380408007, 43.5698181003252 ], [ 142.803522379854002, 43.569688109618703 ], [ 142.80350487994599, 43.569654230358601 ], [ 142.803299630373999, 43.569556179973901 ], [ 142.802721899596008, 43.569382299653597 ], [ 142.802370819558007, 43.569294800115102 ], [ 142.802235280034012, 43.5691417597845 ], [ 142.802233070400007, 43.568983999811898 ], [ 142.802228369644013, 43.568658209608799 ], [ 142.802226720286995, 43.568408510144799 ], [ 142.802249230318012, 43.568244919867297 ], [ 142.802279249688013, 43.568019109994097 ], [ 142.802338979960012, 43.567778859706799 ], [ 142.80240205031501, 43.567554159597002 ], [ 142.802474280263993, 43.567245309923301 ], [ 142.802534569914997, 43.567108100358702 ], [ 142.802640680024012, 43.566900900156597 ], [ 142.802820420325986, 43.566530109676997 ], [ 142.802999860255994, 43.566248479783702 ], [ 142.803123199575992, 43.566120439706701 ], [ 142.803267080311997, 43.565988510061899 ], [ 142.803302080126997, 43.565956569740102 ], [ 142.803339300369004, 43.5659218496139 ], [ 142.803356800275992, 43.565887410076101 ], [ 142.803355419816995, 43.565845200395898 ], [ 142.80333986963899, 43.565819919553803 ], [ 142.803313479932996, 43.565795479577901 ], [ 142.803284039727004, 43.565778260258703 ], [ 142.803265150366997, 43.565770480223598 ], [ 142.803156280237999, 43.5657263199139 ], [ 142.802959069704997, 43.565688259705603 ], [ 142.802870189707988, 43.565671589872103 ], [ 142.802636880388008, 43.56565131016 ], [ 142.80243689994299, 43.565630480062801 ], [ 142.802049710326003, 43.565592970239599 ], [ 142.801719730181986, 43.565604629949902 ], [ 142.800886740331009, 43.565619889646399 ], [ 142.800266239595004, 43.565634589964503 ], [ 142.799574339884003, 43.565724569833201 ], [ 142.799304910193996, 43.565816219742899 ], [ 142.799073250230009, 43.565958979923202 ], [ 142.799109629605994, 43.566129510268901 ], [ 142.799119889970996, 43.566290329735097 ], [ 142.799186539626987, 43.566524749717601 ], [ 142.799234020233996, 43.5667583396258 ], [ 142.799189000171992, 43.566967760254101 ], [ 142.798997340254999, 43.567129690383098 ], [ 142.798829569929012, 43.567224669582998 ], [ 142.798451260218002, 43.567348540403003 ], [ 142.798332920228006, 43.567516850322498 ], [ 142.798278739672014, 43.567749049878898 ], [ 142.798229560246, 43.567926809874599 ], [ 142.798181229779999, 43.567982360098 ], [ 142.798015119602013, 43.568131230272201 ], [ 142.797817349691002, 43.568286759926202 ], [ 142.797758730081, 43.5683934204202 ], [ 142.797749830391012, 43.568533679585798 ], [ 142.797759540371004, 43.568766710115803 ], [ 142.797794790197997, 43.569005579943699 ], [ 142.797809780096998, 43.569105009888503 ], [ 142.797827000316005, 43.569235280284097 ], [ 142.797817550240012, 43.569384979633298 ], [ 142.797799210366009, 43.569489690397099 ], [ 142.797756149927011, 43.569590509794402 ], [ 142.79767560034901, 43.569703270389802 ], [ 142.797574209881986, 43.5697763097291 ], [ 142.797420329585009, 43.5698454702924 ], [ 142.797243680251995, 43.569911010185102 ], [ 142.797035909879014, 43.569975999692801 ], [ 142.796832309664012, 43.570022380428703 ], [ 142.796645099592013, 43.5700926498561 ], [ 142.796446499605992, 43.570194849712699 ], [ 142.796260119609002, 43.5702706697558 ], [ 142.796072910437005, 43.5703223304114 ], [ 142.795557679843, 43.570436189978402 ], [ 142.795414079696002, 43.5704931197618 ], [ 142.795260470095002, 43.5705922700174 ], [ 142.795116869948004, 43.570740310117401 ], [ 142.794969099643993, 43.570903889603002 ], [ 142.794816320117008, 43.571107470033901 ], [ 142.79476493015801, 43.5712255096497 ], [ 142.794715200345991, 43.571419100411298 ], [ 142.794626309557003, 43.571702670142301 ], [ 142.794551309695009, 43.571825430299597 ], [ 142.794398540060996, 43.571926809974499 ], [ 142.794135220364012, 43.572020120032697 ], [ 142.793947180217998, 43.572098999569299 ], [ 142.793793860199003, 43.572142599601499 ], [ 142.793661089687987, 43.572178979876199 ], [ 142.793575270083011, 43.572190359897398 ], [ 142.793510830060995, 43.5721784195986 ], [ 142.793452500032998, 43.572139530215303 ], [ 142.793410009763988, 43.572062600408898 ], [ 142.793409179690002, 43.571967329828603 ], [ 142.793453070202986, 43.571854849821598 ], [ 142.793512519887003, 43.571759299552198 ], [ 142.793553629695992, 43.571686809698697 ], [ 142.793544190412007, 43.5715743296917 ], [ 142.793518369976994, 43.571455170419902 ], [ 142.793478930209005, 43.571369629604902 ], [ 142.793308399863008, 43.571266030403102 ], [ 142.793201189883007, 43.571184639959299 ], [ 142.793039259754011, 43.5710635399506 ], [ 142.792978720092009, 43.571043539927601 ], [ 142.792820399841986, 43.570977990142303 ], [ 142.79266320014699, 43.570927440149397 ], [ 142.792585430373009, 43.570874669730401 ], [ 142.792468499622004, 43.570756620221999 ], [ 142.792359630393008, 43.570604409965703 ], [ 142.792101890090009, 43.570355830157602 ], [ 142.791932740204004, 43.570433590038299 ], [ 142.791698859815, 43.570526070022296 ], [ 142.791543599957009, 43.570580509583003 ], [ 142.791339169666998, 43.570635489636302 ], [ 142.791141409648986, 43.570671039836803 ], [ 142.790941420210999, 43.570694920434399 ], [ 142.790847819671001, 43.570704919996203 ], [ 142.790742830118006, 43.570705189792797 ], [ 142.790653950120003, 43.570689910311302 ], [ 142.790533680185007, 43.5706624099424 ], [ 142.790450640384989, 43.570627689816199 ], [ 142.79031370960999, 43.570568250024898 ], [ 142.790165120024, 43.570477979675204 ], [ 142.790085410414008, 43.570436320380097 ], [ 142.790005690010986, 43.570392990144597 ], [ 142.789937089724987, 43.570361600207796 ], [ 142.789802380276001, 43.570307710132901 ], [ 142.78970961970299, 43.570267719979498 ], [ 142.789612410184986, 43.5702457702263 ], [ 142.789494089979996, 43.570222990398896 ], [ 142.789374929808986, 43.5702135502153 ], [ 142.789263269983991, 43.570209930444101 ], [ 142.789143560327005, 43.570218820242502 ], [ 142.788939690315004, 43.570239369751299 ], [ 142.788699990411999, 43.570267409713402 ], [ 142.788584170322991, 43.570274070092402 ], [ 142.78849362028501, 43.570277129586003 ], [ 142.788248639562994, 43.570263510253 ], [ 142.788092549632012, 43.570268780280202 ], [ 142.787897289727994, 43.570286549984502 ], [ 142.787751460162013, 43.570309880197001 ], [ 142.787575089618997, 43.5703445904307 ], [ 142.787370379638986, 43.5703862497258 ], [ 142.787086800015999, 43.570444009583497 ], [ 142.786851809863009, 43.570499559806997 ], [ 142.786628500104996, 43.570550099907301 ], [ 142.786413240179002, 43.5706073102793 ], [ 142.786350460306011, 43.570622030382502 ], [ 142.786260469644986, 43.570654250393503 ], [ 142.786154640125005, 43.570696180384601 ], [ 142.785992709996009, 43.570773669569299 ], [ 142.785769390344996, 43.570888649691597 ], [ 142.785523010279007, 43.571027510411497 ], [ 142.785395519687995, 43.571101110028401 ], [ 142.78531747022501, 43.571155830177602 ], [ 142.785155809893013, 43.571265530380103 ], [ 142.784908870447993, 43.571431619873501 ], [ 142.784713050266987, 43.571564099903497 ], [ 142.784469170315987, 43.571719910145902 ], [ 142.784265849788994, 43.571859330244102 ], [ 142.784137240441993, 43.571970419899102 ], [ 142.783988630170995, 43.572097629901897 ], [ 142.783846420375994, 43.572209549631197 ], [ 142.783664480331993, 43.572344810364903 ], [ 142.783480600448996, 43.572488120030897 ], [ 142.783338389754988, 43.572607549998601 ], [ 142.783194779714989, 43.572710859618702 ], [ 142.783067569713012, 43.5728327897016 ], [ 142.78291035023301, 43.572958040081602 ], [ 142.782804250016, 43.573042189645498 ], [ 142.782787859872002, 43.573073299893103 ], [ 142.782764810248011, 43.573090240422403 ], [ 142.782697030143993, 43.573166619843803 ], [ 142.782637860149009, 43.573237720244798 ], [ 142.782512029706993, 43.573387700182401 ], [ 142.782486479966991, 43.573409640043003 ], [ 142.782462309788002, 43.573447970047901 ], [ 142.782388149892995, 43.573536559564701 ], [ 142.782344809764993, 43.573610160081003 ], [ 142.782291759656999, 43.573694600125897 ], [ 142.782222029823004, 43.573829019993497 ], [ 142.782199249996012, 43.573893739704502 ], [ 142.782162029754005, 43.573987889729501 ], [ 142.782113690295006, 43.574186479822302 ], [ 142.782052569671009, 43.574356729579598 ], [ 142.782008119778993, 43.574436719779001 ], [ 142.781970070363002, 43.574519210093598 ], [ 142.781928679965006, 43.574623640269003 ], [ 142.781848949669012, 43.574786119883697 ], [ 142.781742839560991, 43.574980260130999 ], [ 142.781625889922992, 43.575174680067597 ], [ 142.781502279905993, 43.5753393702159 ], [ 142.781415620334997, 43.575440189613197 ], [ 142.78133866984399, 43.575499630303902 ], [ 142.781147580097013, 43.575598769767602 ], [ 142.781027300270011, 43.575753749935799 ], [ 142.78103870007601, 43.575566549756601 ], [ 142.780974549635999, 43.575408230405699 ], [ 142.780869579866987, 43.575248250006901 ], [ 142.780784319640986, 43.575140760338002 ], [ 142.780646840280014, 43.575008819901299 ], [ 142.780524920088993, 43.574878000019901 ], [ 142.780389109869986, 43.574761060274902 ], [ 142.780270250071993, 43.5746171804387 ], [ 142.780221919605992, 43.574549129638797 ], [ 142.780113609756, 43.574455809688097 ], [ 142.779992519638995, 43.574300260248997 ], [ 142.77989171013499, 43.5741655499004 ], [ 142.779781179857991, 43.5740555601162 ], [ 142.779711469809001, 43.573998339851599 ], [ 142.77952676974499, 43.573880009754802 ], [ 142.779438729714002, 43.573818350436703 ], [ 142.779319029948994, 43.573761130172201 ], [ 142.779214320085003, 43.573698360191301 ], [ 142.779042679975987, 43.573645849676403 ], [ 142.778945750145994, 43.5736222397747 ], [ 142.778834930288014, 43.573606130218899 ], [ 142.778699110176007, 43.573593900338402 ], [ 142.77859411972301, 43.573594449824199 ], [ 142.778384430197008, 43.573577500301603 ], [ 142.77792058956399, 43.573507489878899 ], [ 142.777813390375997, 43.573474150212 ], [ 142.777668130080002, 43.573421649589598 ], [ 142.777496489971014, 43.5733785999426 ], [ 142.777245679843986, 43.57332414959 ], [ 142.776838789679005, 43.5732571896677 ], [ 142.776602990136013, 43.573228020157202 ], [ 142.776384960298003, 43.5732127298837 ], [ 142.776080269988995, 43.573197450402198 ], [ 142.775809190041997, 43.573171879978403 ], [ 142.77552422995899, 43.573141869601798 ], [ 142.775429519656996, 43.573127430086998 ], [ 142.775140109728, 43.573097140021197 ], [ 142.774852639637999, 43.573086570289099 ], [ 142.774379080030997, 43.5731054398643 ], [ 142.773923300019987, 43.573130420332802 ], [ 142.773513899846989, 43.573142900224802 ], [ 142.773256709929001, 43.573129000303297 ], [ 142.772965909649002, 43.573101769731103 ], [ 142.772661769725005, 43.573097309993003 ], [ 142.772324870196996, 43.573089799754598 ], [ 142.771877700295988, 43.573080609582597 ], [ 142.77152302027099, 43.573084209568798 ], [ 142.771241099896997, 43.573080310108402 ], [ 142.770877799870988, 43.573022800262201 ], [ 142.770566440188986, 43.572963630267502 ], [ 142.770508389850988, 43.572959190314499 ], [ 142.770218139955006, 43.572918629991001 ], [ 142.769824010270014, 43.572844179615302 ], [ 142.769627910400004, 43.572827509781902 ], [ 142.769203499642003, 43.572789439681102 ], [ 142.769143229776006, 43.572790269755302 ], [ 142.769134619667, 43.572734170046097 ], [ 142.769149069973992, 43.572680559660299 ], [ 142.76919018967601, 43.572543080299099 ], [ 142.769199920339986, 43.572472809972403 ], [ 142.769204370186003, 43.572363660154998 ], [ 142.769169950432996, 43.572136739618998 ], [ 142.769152179829007, 43.572057860082303 ], [ 142.769149140120987, 43.571958139656601 ], [ 142.769163030149997, 43.571902039947403 ], [ 142.769189700444002, 43.571847050001502 ], [ 142.76924387020901, 43.571731780297597 ], [ 142.769314990395003, 43.571626520048 ], [ 142.769426099834988, 43.5714801499891 ], [ 142.769570280045002, 43.571292400324197 ], [ 142.76965445029299, 43.571156580212197 ], [ 142.769695839791012, 43.571075199660903 ], [ 142.769755019678996, 43.570882449765399 ], [ 142.769789200211989, 43.570715799994304 ], [ 142.769801150402998, 43.570631090152901 ], [ 142.769816720366009, 43.570534150430902 ], [ 142.769854509878002, 43.5703849996682 ], [ 142.769937580255004, 43.570138919975399 ], [ 142.769970640232998, 43.570052270296202 ], [ 142.77001536981399, 43.569960329905498 ], [ 142.770074260119003, 43.569862009724098 ], [ 142.770117319658993, 43.569804239973799 ], [ 142.770189539716, 43.569717030017102 ], [ 142.770293709986987, 43.5696137096052 ], [ 142.770343439798012, 43.569564549964198 ], [ 142.77043565987799, 43.569459010025497 ], [ 142.770522889619997, 43.569358189728902 ], [ 142.770604000374988, 43.569265420163198 ], [ 142.770662059707007, 43.569187660282502 ], [ 142.770687059960011, 43.569132110059002 ], [ 142.770699010150992, 43.569106000041998 ], [ 142.770672910027002, 43.569019620159501 ], [ 142.770671529568006, 43.568866030343202 ], [ 142.77066126020901, 43.568759650437698 ], [ 142.770662659554006, 43.5685352399096 ], [ 142.770666559913991, 43.5684796896861 ], [ 142.770680449943001, 43.568411360096398 ], [ 142.770704340433014, 43.568334430289902 ], [ 142.770749620398988, 43.568256659617298 ], [ 142.770787400019003, 43.568188890305201 ], [ 142.77091462980701, 43.568034750103799 ], [ 142.77105489976401, 43.567908380067898 ], [ 142.771221009941996, 43.567745350068002 ], [ 142.771301840108009, 43.5676445297714 ], [ 142.771404620026999, 43.567458999633303 ], [ 142.771469900016001, 43.567313470440503 ], [ 142.771536299660994, 43.567132659944498 ], [ 142.771566300144997, 43.567035169837403 ], [ 142.771587700411999, 43.5668957398467 ], [ 142.771586599642006, 43.5666946604304 ], [ 142.771604669720006, 43.566535510105901 ], [ 142.771621889939013, 43.566456629669901 ], [ 142.771653289768011, 43.566261939936702 ], [ 142.771683860422002, 43.566061400113703 ], [ 142.771723579878994, 43.565971139656497 ], [ 142.771781919799992, 43.565880319821098 ], [ 142.771823579993992, 43.565823110348397 ], [ 142.771870799797995, 43.565778950038698 ], [ 142.772015519601013, 43.565656469570598 ], [ 142.772276060391988, 43.565483719698101 ], [ 142.77252853966101, 43.565313469940897 ], [ 142.772666869780011, 43.565195159629098 ], [ 142.772793530297008, 43.565082399932997 ], [ 142.772886309755989, 43.564976299716598 ], [ 142.772974359679012, 43.564859369864202 ], [ 142.773124639989987, 43.564627739578697 ], [ 142.773217969834008, 43.564484420020101 ], [ 142.773366029719, 43.564281669663501 ], [ 142.773493809891988, 43.564114199710701 ], [ 142.77356019964401, 43.564013929799202 ], [ 142.773642980439007, 43.563858960422898 ], [ 142.77368881978299, 43.563725359837598 ], [ 142.77369549005499, 43.5636717602437 ], [ 142.77360521970499, 43.563620370283999 ], [ 142.773525230404999, 43.563574260244103 ], [ 142.773411360045998, 43.563481210089897 ], [ 142.773129470248989, 43.563224850246797 ], [ 142.772932839779003, 43.563035419748999 ], [ 142.772740929849988, 43.5628532099079 ], [ 142.772545410042994, 43.562656559652702 ], [ 142.772459870126994, 43.562549069983703 ], [ 142.772356279918995, 43.5623510401686 ], [ 142.77230657978501, 43.562170780057599 ], [ 142.772220760180005, 43.562026070147198 ], [ 142.772091350436, 43.561856920260801 ], [ 142.772027190102989, 43.561746929577303 ], [ 142.771986930152991, 43.561670550156002 ], [ 142.771967209818996, 43.561562789791097 ], [ 142.771979169903005, 43.561454190358702 ], [ 142.77206084992801, 43.561145900063401 ], [ 142.772152519623006, 43.560909540243202 ], [ 142.772209749779989, 43.560684010059198 ], [ 142.772207809943012, 43.560539860426402 ], [ 142.772196429920996, 43.560328769757099 ], [ 142.772172269635007, 43.560226280318801 ], [ 142.772135890258994, 43.560038519861997 ], [ 142.772065629824993, 43.559869090286398 ], [ 142.772042299612991, 43.559741609587803 ], [ 142.772026199949011, 43.559713549840602 ], [ 142.771992870175012, 43.559612449854903 ], [ 142.771892889844992, 43.559402750436703 ], [ 142.771828449823005, 43.559265539972799 ], [ 142.771787910184003, 43.559125830292999 ], [ 142.771789019947988, 43.559119169913899 ], [ 142.771786529725006, 43.558807810232402 ], [ 142.771767650257004, 43.558668659930902 ], [ 142.771752100079993, 43.558550060037398 ], [ 142.771705159964995, 43.5584820101368 ], [ 142.771649890329996, 43.558374239879399 ], [ 142.771589349768988, 43.558286189955901 ], [ 142.771469089726992, 43.558114539954197 ], [ 142.77141770966, 43.558045380290302 ], [ 142.771390210189992, 43.557989830066802 ], [ 142.771286889777997, 43.557805130002897 ], [ 142.771228289953996, 43.557697640333998 ], [ 142.771178579928005, 43.557532100326299 ], [ 142.771125260023013, 43.557424330068997 ], [ 142.771050820439001, 43.557329889562901 ], [ 142.770898610182996, 43.557159350223998 ], [ 142.770755850003013, 43.5569877002224 ], [ 142.770558099877007, 43.556802429988302 ], [ 142.770457829965011, 43.556691889819 ], [ 142.770250910350995, 43.556498290064198 ], [ 142.770164529569996, 43.556425519622202 ], [ 142.769983149803011, 43.556337740394603 ], [ 142.769891220203988, 43.556292189732901 ], [ 142.769671520325005, 43.5562041299168 ], [ 142.769442650058011, 43.556130800096497 ], [ 142.769193220391003, 43.556095519692597 ], [ 142.769181559781003, 43.5560927398882 ], [ 142.769088780322988, 43.556081910252097 ], [ 142.768956019705001, 43.5560760700548 ], [ 142.768727980411995, 43.5560521696721 ], [ 142.768427999853003, 43.556034939561002 ], [ 142.768263010229987, 43.556018269727502 ], [ 142.768115800203987, 43.555991600332298 ], [ 142.767912489569994, 43.555926879721902 ], [ 142.767578070371997, 43.555843820136403 ], [ 142.767233930402, 43.555770490316 ], [ 142.766889519735997, 43.555701589656799 ], [ 142.76668453006701, 43.555662700273601 ], [ 142.766559820179992, 43.5556415895879 ], [ 142.76641815987, 43.5556243603761 ], [ 142.766221790204014, 43.555586860445402 ], [ 142.766063469952996, 43.555544639973299 ], [ 142.765862379744988, 43.555485749667803 ], [ 142.765665730389003, 43.555406030164299 ], [ 142.765551299753014, 43.5553307497145 ], [ 142.765477139858007, 43.555206600104697 ], [ 142.76542548999501, 43.555091610089903 ], [ 142.765383550111011, 43.554888289563102 ], [ 142.765339120004995, 43.554703030120898 ], [ 142.765302749622009, 43.554501390426999 ], [ 142.765267759700009, 43.5543294598369 ], [ 142.765253599874001, 43.554173090216104 ], [ 142.765252220314011, 43.5539742204341 ], [ 142.765264450193996, 43.553878119779597 ], [ 142.765276400386, 43.553723969685599 ], [ 142.765286679637001, 43.553552600272397 ], [ 142.765307249829988, 43.553353180105297 ], [ 142.765307530417999, 43.553320399816798 ], [ 142.765272539595998, 43.553152640282299 ], [ 142.765223940233, 43.5529607096692 ], [ 142.765175070173996, 43.552779620383298 ], [ 142.765145249553996, 43.5526774196274 ], [ 142.765143171221013, 43.552668418312997 ], [ 142.765120359917006, 43.552569640376802 ], [ 142.765074259768994, 43.5524093802889 ], [ 142.765028170414013, 43.552208280188196 ], [ 142.764995970188011, 43.551963300366197 ], [ 142.764973470049995, 43.5518874704306 ], [ 142.764941820209003, 43.551807199642703 ], [ 142.764914610321, 43.551631660073198 ], [ 142.764884070243994, 43.551444729690701 ], [ 142.764868250270013, 43.551257800207502 ], [ 142.764854659715013, 43.551056979795902 ], [ 142.764846060398014, 43.550893109829303 ], [ 142.764839419803991, 43.550525359957597 ], [ 142.764839150006992, 43.550465639577801 ], [ 142.76483859962201, 43.550356489760397 ], [ 142.764828619844991, 43.550182059954302 ], [ 142.76479753028201, 43.549957910229502 ], [ 142.764795040058999, 43.549848469931099 ], [ 142.764793389803003, 43.5495232202206 ], [ 142.764810629806988, 43.549356570449604 ], [ 142.764848690014986, 43.549217420147997 ], [ 142.764913419619006, 43.549003549674197 ], [ 142.764930389825992, 43.548734129876401 ], [ 142.764942349910001, 43.548475260025398 ], [ 142.764904869763996, 43.548216109586001 ], [ 142.764877390079988, 43.547986129556399 ], [ 142.764880460364992, 43.547853639633999 ], [ 142.764927430157002, 43.5475139504086 ], [ 142.76493772020001, 43.547327020026103 ], [ 142.764937730091987, 43.547107599836004 ], [ 142.764915239846999, 43.547009269762199 ], [ 142.764909420333993, 43.546917609959898 ], [ 142.764865820301992, 43.546815670007298 ], [ 142.764760849634001, 43.546564029806298 ], [ 142.764697249579001, 43.546441810141602 ], [ 142.764598950081989, 43.546189609662903 ], [ 142.764575340179988, 43.546156830273702 ], [ 142.764545349587991, 43.546076840074299 ], [ 142.764489810156988, 43.545888239650701 ], [ 142.764454550436994, 43.545765469600902 ], [ 142.764345690201992, 43.545432720443799 ], [ 142.764307100292996, 43.545248290176602 ], [ 142.764246299826993, 43.544919140106401 ], [ 142.764234370319997, 43.544769160168798 ], [ 142.764216599717003, 43.544604729924501 ], [ 142.764186350120013, 43.544292530276202 ], [ 142.764167479646005, 43.544130319558697 ], [ 142.764126949899008, 43.543885339736804 ], [ 142.764122250041993, 43.543605360099399 ], [ 142.764105049607991, 43.543320380231499 ], [ 142.764089789911992, 43.543081510403603 ], [ 142.764081470283998, 43.542967079767102 ], [ 142.764030399582992, 43.542550440050903 ], [ 142.763914610070998, 43.542157969614799 ], [ 142.763872680079999, 43.542015480130502 ], [ 142.763844360429005, 43.541839099694897 ], [ 142.763808550324001, 43.541624120357 ], [ 142.763750519771008, 43.541383860177199 ], [ 142.763659420246, 43.5413774695947 ], [ 142.763423879708995, 43.541354959563897 ], [ 142.763307789822989, 43.541326350330998 ], [ 142.763114750346006, 43.541260510064703 ], [ 142.762913939827001, 43.541193009649803 ], [ 142.762630639891995, 43.5411102297535 ], [ 142.762491770178997, 43.541083279769701 ], [ 142.762200129932012, 43.5410313304317 ], [ 142.762076260012009, 43.540999110420799 ], [ 142.761972659911009, 43.540962990050097 ], [ 142.761906559739998, 43.540931330316802 ], [ 142.761891009562987, 43.540917440287799 ], [ 142.761875730080988, 43.540919380125402 ], [ 142.761872950276995, 43.540900499758401 ], [ 142.761859900214006, 43.5408941100753 ], [ 142.761823789736013, 43.540896049912902 ], [ 142.761818790404988, 43.540884939688397 ], [ 142.761782410129996, 43.540864380287097 ], [ 142.761720189635014, 43.540841329763701 ], [ 142.761601599633991, 43.540811879664702 ], [ 142.761380510303013, 43.540767710361699 ], [ 142.761135259784993, 43.540704100414104 ], [ 142.760982779731989, 43.540657150407398 ], [ 142.760880569982987, 43.540612429819902 ], [ 142.760818350387012, 43.5405752095784 ], [ 142.760745589837001, 43.540516599861299 ], [ 142.760692260040003, 43.540464379827398 ], [ 142.760606450327998, 43.5403604901447 ], [ 142.760533679886009, 43.540296050122798 ], [ 142.760463690146992, 43.5402543899283 ], [ 142.76035953966101, 43.540204109732002 ], [ 142.75991152979401, 43.540068830112602 ], [ 142.759666010377998, 43.539970490146203 ], [ 142.759400490041003, 43.539849659933999 ], [ 142.759187179844986, 43.539748550055698 ], [ 142.758933599805999, 43.539621609849597 ], [ 142.758776679800008, 43.539570489686497 ], [ 142.758436430296996, 43.539493270298401 ], [ 142.758272840019998, 43.539449930170299 ], [ 142.758101469706986, 43.5393874299861 ], [ 142.757948159579996, 43.539311600050503 ], [ 142.757575430162007, 43.539055500111402 ], [ 142.757548210381998, 43.539034939810797 ], [ 142.757504050071987, 43.538989390048499 ], [ 142.757386850422989, 43.538851899895398 ], [ 142.757330749814003, 43.538759960404001 ], [ 142.757248270291996, 43.538624689777798 ], [ 142.757155239923009, 43.538437479706097 ], [ 142.757097200375995, 43.538283049923002 ], [ 142.757085539765995, 43.5382266597327 ], [ 142.757048610005995, 43.537995849628899 ], [ 142.756994739715992, 43.537913350320999 ], [ 142.756933360087004, 43.5378419702309 ], [ 142.756846990096989, 43.537703089726001 ], [ 142.75679338960299, 43.537639760366801 ], [ 142.75671590041901, 43.537560870038298 ], [ 142.75649342972801, 43.537398379631703 ], [ 142.756338730148002, 43.537284500279597 ], [ 142.756089599955004, 43.537111170344403 ], [ 142.755772150065013, 43.536889789632298 ], [ 142.755682160303991, 43.536808960365398 ], [ 142.755641889562014, 43.536748409911397 ], [ 142.755428869847009, 43.536591470120399 ], [ 142.755213340123987, 43.536446199932399 ], [ 142.754920049621006, 43.536206759934203 ], [ 142.754777579922006, 43.536066210287501 ], [ 142.754660939650989, 43.535854839929101 ], [ 142.754576790086986, 43.535662910215301 ], [ 142.754528750101997, 43.535583189812499 ], [ 142.754460149815998, 43.535522640257803 ], [ 142.754247120208987, 43.535352090126999 ], [ 142.754197969561005, 43.535290429909601 ], [ 142.754152140108999, 43.5352212702456 ], [ 142.754083830305007, 43.535077109820897 ], [ 142.754009399713993, 43.534964889717997 ], [ 142.753878860420997, 43.5348487899399 ], [ 142.75374609980301, 43.534746570298097 ], [ 142.753651390399995, 43.534667410173 ], [ 142.753488919777993, 43.534498250394101 ], [ 142.753427540149005, 43.5344440896232 ], [ 142.753385600265005, 43.534412419997402 ], [ 142.753254229998987, 43.534352419928403 ], [ 142.753140359640014, 43.534298260056801 ], [ 142.753048420149014, 43.534243260218403 ], [ 142.752709859573002, 43.533991600232397 ], [ 142.752632370388, 43.533951600186398 ], [ 142.752507110115005, 43.533893830436099 ], [ 142.752364349934993, 43.533820499716498 ], [ 142.752251860034988, 43.533751609849098 ], [ 142.752024950291002, 43.533581899685103 ], [ 142.751869419738, 43.533478570280003 ], [ 142.751735829945005, 43.533378849854202 ], [ 142.751564459631993, 43.5332463500392 ], [ 142.751392820423007, 43.533092469741902 ], [ 142.751257850169992, 43.532924149929698 ], [ 142.751194250114992, 43.532823880018199 ], [ 142.751121770153986, 43.532659170084798 ], [ 142.751083729730993, 43.5324825198526 ], [ 142.751047350355009, 43.532408629754599 ], [ 142.751014579958991, 43.532359749802801 ], [ 142.750953480019007, 43.532295590369401 ], [ 142.75089514999101, 43.532245029584601 ], [ 142.750806000197002, 43.5321592000872 ], [ 142.750745459634999, 43.532063659710303 ], [ 142.750755180406998, 43.532055320296898 ], [ 142.750737409804003, 43.531985329659399 ], [ 142.750674360134013, 43.5319036703183 ], [ 142.75058410956899, 43.531760619657099 ], [ 142.750551609869007, 43.531693399830701 ], [ 142.750484960212987, 43.531603689758597 ], [ 142.750399420296986, 43.5315253597078 ], [ 142.750322760286991, 43.531457579603803 ], [ 142.750177230194993, 43.531302870131498 ], [ 142.750082250096, 43.531220930201897 ], [ 142.749992809819986, 43.531157599943498 ], [ 142.749874500407998, 43.531087329616803 ], [ 142.749667859584008, 43.530977050250797 ], [ 142.749530650020006, 43.530883720407502 ], [ 142.749317909994005, 43.5307309498736 ], [ 142.749176540164996, 43.530607900134697 ], [ 142.749064609643995, 43.530485409774002 ], [ 142.749009900287007, 43.530418189947703 ], [ 142.748894930056991, 43.530227369997299 ], [ 142.748720240347012, 43.529968219557901 ], [ 142.748667749616999, 43.529878510385103 ], [ 142.748636369573006, 43.529812119733698 ], [ 142.748557230132008, 43.5295938102063 ], [ 142.74852028958, 43.529512419762497 ], [ 142.748452530159994, 43.5294002095522 ], [ 142.748333940159, 43.529247160228401 ], [ 142.748272840220011, 43.529182720206599 ], [ 142.748188130377997, 43.529075229638302 ], [ 142.748139809804997, 43.528977740430498 ], [ 142.748100379929014, 43.528909689630702 ], [ 142.748016219573003, 43.528808300063197 ], [ 142.747969569940011, 43.528750530312898 ], [ 142.747917629595008, 43.5286816503381 ], [ 142.74781849013101, 43.528520269694901 ], [ 142.747736560094012, 43.5284094399439 ], [ 142.747667410323004, 43.528287509860803 ], [ 142.747610479640002, 43.528164739811103 ], [ 142.747549100011014, 43.528034189726199 ], [ 142.747494959925007, 43.527829209950298 ], [ 142.747471080226006, 43.527769209881299 ], [ 142.747415250313992, 43.5276822796137 ], [ 142.74735109987401, 43.527622280444099 ], [ 142.747306659874994, 43.527548670035301 ], [ 142.747269450424994, 43.527461460078499 ], [ 142.747260010241007, 43.527408130281202 ], [ 142.747243909679014, 43.527345360300302 ], [ 142.747185590442996, 43.527198420071201 ], [ 142.747122819563003, 43.527089819739601 ], [ 142.747028950126008, 43.526955389979399 ], [ 142.746995069966999, 43.526909559628599 ], [ 142.746973960179986, 43.526857889979802 ], [ 142.746963410233008, 43.526797899803398 ], [ 142.746965090167009, 43.526725679746498 ], [ 142.74698008995901, 43.526662909765697 ], [ 142.747040929994995, 43.526527649931303 ], [ 142.747052040220012, 43.526482649654703 ], [ 142.747049270307997, 43.526437660170103 ], [ 142.747030659736993, 43.526377660101097 ], [ 142.747000670044997, 43.526327950075 ], [ 142.746890409564998, 43.526201009868899 ], [ 142.746814309833013, 43.526105179910303 ], [ 142.746757930434001, 43.526042130240299 ], [ 142.746726000004998, 43.525962140040903 ], [ 142.746704890219007, 43.525894090140298 ], [ 142.746693510196991, 43.525774379584099 ], [ 142.746694350164006, 43.525712990062601 ], [ 142.746714909566009, 43.525687440323303 ], [ 142.746745740123998, 43.525594950446802 ], [ 142.746751860009994, 43.525526350161101 ], [ 142.746744929834989, 43.525317200228798 ], [ 142.746761880256997, 43.525184989995502 ], [ 142.746786330124991, 43.525078610089999 ], [ 142.746797450242013, 43.524992509896599 ], [ 142.746795790094012, 43.5248955701746 ], [ 142.746753569622001, 43.524904459973001 ], [ 142.744907769577992, 43.522799049936403 ], [ 142.744150390227986, 43.5219216200869 ], [ 142.744151230195001, 43.521890509839402 ], [ 142.744185669733014, 43.521859680180299 ], [ 142.744244839727997, 43.521818289782402 ], [ 142.74440260959301, 43.521747190280799 ], [ 142.744448719632999, 43.521718029763399 ], [ 142.744452330411008, 43.521691649949801 ], [ 142.744439560037989, 43.521652759667298 ], [ 142.744420120292006, 43.521622480393297 ], [ 142.744366789596, 43.521565539817999 ], [ 142.744337629977991, 43.521536380199997 ], [ 142.74429208021499, 43.521469160373599 ], [ 142.744173779796, 43.521178080404198 ], [ 142.74415267001001, 43.521132250053498 ], [ 142.744034089901987, 43.5209414301031 ], [ 142.743966319690003, 43.520851710138501 ], [ 142.743933550192992, 43.520796439604197 ], [ 142.743917720327005, 43.520751440226903 ], [ 142.743917439737999, 43.520716720100701 ], [ 142.743927450092002, 43.520687840171803 ], [ 142.743963279982012, 43.520638950327502 ], [ 142.744001609987009, 43.520601179700897 ], [ 142.744087440382998, 43.520542579876299 ], [ 142.744167720164, 43.520461749710101 ], [ 142.744237160416986, 43.520420090415001 ], [ 142.744270500084014, 43.520388990059999 ], [ 142.74427800043, 43.520370099800502 ], [ 142.744275219726006, 43.520340100215599 ], [ 142.744251609824005, 43.520287880181698 ], [ 142.744216340212006, 43.520233439721601 ], [ 142.744153849919996, 43.520168999699798 ], [ 142.74411497042999, 43.520141230433602 ], [ 142.744066919652994, 43.520096230157002 ], [ 142.744009710179995, 43.520023459714999 ], [ 142.743983330367001, 43.5199634596461 ], [ 142.74397555033201, 43.519927910344997 ], [ 142.743975279636004, 43.519892360144503 ], [ 142.743990280327012, 43.519850969746599 ], [ 142.744016949723004, 43.519811529978298 ], [ 142.744106389997995, 43.519725990062597 ], [ 142.744187220164008, 43.519666279575297 ], [ 142.744365550330002, 43.519554070264299 ], [ 142.744493879988994, 43.519461020110199 ], [ 142.744520820079998, 43.5194246398354 ], [ 142.744558880287997, 43.519367419570898 ], [ 142.744625539836989, 43.5193041001043 ], [ 142.744638320103007, 43.519271600404203 ], [ 142.744642769948001, 43.519230770283997 ], [ 142.744624719655008, 43.519193550042502 ], [ 142.74456638962701, 43.5191329995884 ], [ 142.744488629746996, 43.519034399718002 ], [ 142.744457809979991, 43.518976069689998 ], [ 142.744449199871013, 43.518914129783397 ], [ 142.74444865038501, 43.5188616300604 ], [ 142.744462269718014, 43.518808859641403 ], [ 142.744497829810996, 43.518738590213999 ], [ 142.744543660162009, 43.518670820002498 ], [ 142.744601160115991, 43.518603879865303 ], [ 142.744646440080999, 43.5185530501833 ], [ 142.744663670192011, 43.518507500421002 ], [ 142.744682279863014, 43.518456400043 ], [ 142.744710620198987, 43.518411399766499 ], [ 142.744766729801, 43.518357519584001 ], [ 142.744873109705992, 43.518290580346203 ], [ 142.744985610398004, 43.518200040199901 ], [ 142.745002280231006, 43.518174760257097 ], [ 142.745006730076994, 43.518080880028798 ], [ 142.744998680245004, 43.518028380305701 ], [ 142.744998129859994, 43.5179861697261 ], [ 142.745015639660011, 43.517915890406201 ], [ 142.745035920271988, 43.517878119779603 ], [ 142.745084530426993, 43.517817849914003 ], [ 142.745125359648, 43.517781189950099 ], [ 142.745220360432, 43.517726469800898 ], [ 142.745270360039001, 43.517685920269201 ], [ 142.745286750183993, 43.517659529663703 ], [ 142.745296749744995, 43.5176181500577 ], [ 142.745299820030993, 43.5175353800539 ], [ 142.745315100412, 43.517496219974802 ], [ 142.745336769575999, 43.517459550118303 ], [ 142.745382599927012, 43.517405949625001 ], [ 142.745437599766007, 43.517357899747402 ], [ 142.745503149551013, 43.517314289822799 ], [ 142.745538160157992, 43.5172790202108 ], [ 142.745561490370989, 43.517225409825002 ], [ 142.745574269737006, 43.517183469941401 ], [ 142.745605659673998, 43.517117090081797 ], [ 142.745636220434989, 43.517072929771999 ], [ 142.745645110233994, 43.517045709991699 ], [ 142.745646229890014, 43.516975710360903 ], [ 142.745647350445012, 43.516912659791601 ], [ 142.745632349753009, 43.516871829671302 ], [ 142.745619580279993, 43.5168532200003 ], [ 142.745590689559009, 43.516846279932103 ], [ 142.745558470447008, 43.516847670283902 ], [ 142.745505420338986, 43.516839890248903 ], [ 142.745376269599006, 43.5168009999663 ], [ 142.745288779953, 43.516790719816001 ], [ 142.74521822993799, 43.516794329694697 ], [ 142.745103230029997, 43.516825160253099 ], [ 142.744956020003997, 43.516871260400499 ], [ 142.744815470357992, 43.516908479742703 ], [ 142.744727979813007, 43.516925699961199 ], [ 142.744617150061998, 43.5169356896305 ], [ 142.744564379643009, 43.516926520142903 ], [ 142.744529379826986, 43.516912640006502 ], [ 142.744489389673987, 43.516883750185102 ], [ 142.744454120061988, 43.5168426403757 ], [ 142.744394129884995, 43.516755979904701 ], [ 142.744383019661001, 43.516744589990999 ], [ 142.744371080261004, 43.516739589760398 ], [ 142.744360800110996, 43.516742369564902 ], [ 142.744342470128998, 43.5167576400532 ], [ 142.744301909804989, 43.516819859648997 ], [ 142.744238020169007, 43.516870690230299 ], [ 142.744119690072012, 43.516923740338498 ], [ 142.744054140286011, 43.5169456801992 ], [ 142.74387275961999, 43.516982059574602 ], [ 142.743745549618012, 43.516995660021799 ], [ 142.743642499901995, 43.517016769808301 ], [ 142.743524169804999, 43.517056490164997 ], [ 142.743394459687011, 43.517086200168201 ], [ 142.743245020242, 43.517102030034799 ], [ 142.743100869709991, 43.517130640167103 ], [ 142.743003090021006, 43.517143409640802 ], [ 142.742910319555989, 43.517143690229297 ], [ 142.742844499974012, 43.517134519842401 ], [ 142.742782560067013, 43.517119799739099 ], [ 142.742725620391013, 43.517095629559797 ], [ 142.742544260409005, 43.516978410125702 ], [ 142.74250954028301, 43.516962580258998 ], [ 142.742497869781005, 43.516960910218003 ], [ 142.742487600423004, 43.516965639752598 ], [ 142.742477320272002, 43.516976749977196 ], [ 142.742427589561999, 43.517041740384201 ], [ 142.742384260226004, 43.517087009557997 ], [ 142.742311210095011, 43.517140619943802 ], [ 142.742212319743004, 43.517188939618102 ], [ 142.742126209656988, 43.517218379824598 ], [ 142.74203872001101, 43.517237549773299 ], [ 142.741950109810006, 43.5172492103829 ], [ 142.741894840175007, 43.517253369747401 ], [ 142.741688470046995, 43.517253930024999 ], [ 142.741595699582007, 43.517261979856599 ], [ 142.74153736955401, 43.517275859993099 ], [ 142.741478199558998, 43.517297250368003 ], [ 142.741394040102989, 43.517320860269599 ], [ 142.741333489649008, 43.517332519980002 ], [ 142.74127043997899, 43.517333629743398 ], [ 142.741194330354006, 43.517321690343898 ], [ 142.741125730069001, 43.517296690090298 ], [ 142.741061020249987, 43.517257520118598 ], [ 142.74098574969301, 43.517187519588497 ], [ 142.740947149891014, 43.517153920017599 ], [ 142.740880490342988, 43.517100029942597 ], [ 142.740820779855, 43.517044750415003 ], [ 142.740703859895007, 43.516902820309099 ], [ 142.740581929812009, 43.516803939850099 ], [ 142.740509170161999, 43.516728379711097 ], [ 142.740469730394011, 43.5166619998516 ], [ 142.740443630269993, 43.5165897797947 ], [ 142.740427250018001, 43.516469790448603 ], [ 142.740411430043991, 43.516443680431699 ], [ 142.740366150077989, 43.516410910035603 ], [ 142.740331160154994, 43.516406460190098 ], [ 142.740197279880988, 43.516413679947597 ], [ 142.739882580117012, 43.516383120085102 ], [ 142.739773149710999, 43.516389230079099 ], [ 142.739644550256003, 43.516414220440097 ], [ 142.739586490025005, 43.516421719886601 ], [ 142.739525939570996, 43.516417549730299 ], [ 142.739478170280989, 43.5163894998757 ], [ 142.739444290122009, 43.5163558904122 ], [ 142.739425960140011, 43.516322280049302 ], [ 142.739417910307992, 43.516282010206801 ], [ 142.739422639843013, 43.516235900166798 ], [ 142.739413470355998, 43.516194790357503 ], [ 142.739321830338014, 43.516042300412003 ], [ 142.739302389693989, 43.515996470061197 ], [ 142.739294339861999, 43.515951469784703 ], [ 142.739302680175001, 43.515899810028401 ], [ 142.739331849684987, 43.515835100209898 ], [ 142.739386290145006, 43.515774549755903 ], [ 142.739449909986007, 43.515717049802198 ], [ 142.739492959632997, 43.515676229574503 ], [ 142.739526300199003, 43.515630400123001 ], [ 142.739548519749007, 43.515604290106097 ], [ 142.739585460300987, 43.515565680412003 ], [ 142.739594359991997, 43.515542350199503 ], [ 142.739587410030992, 43.515515959593998 ], [ 142.739550480270992, 43.515471800183597 ], [ 142.739350230029004, 43.515354300161 ], [ 142.739222740336999, 43.5152787499146 ], [ 142.739196079934999, 43.515238480072 ], [ 142.739153870254995, 43.515150149559901 ], [ 142.739139160044004, 43.515105150182698 ], [ 142.739128330407993, 43.515049049574102 ], [ 142.73913278025401, 43.514951549574498 ], [ 142.739146399587014, 43.514887669830301 ], [ 142.739174460232988, 43.514823790085998 ], [ 142.739215019657991, 43.514759910341802 ], [ 142.739290300107001, 43.514673249870697 ], [ 142.73934613002001, 43.514626860141703 ], [ 142.739448349662013, 43.514543820341203 ], [ 142.739510300359996, 43.514489659570302 ], [ 142.739535580302999, 43.514447439997497 ], [ 142.739545019587013, 43.514409109992599 ], [ 142.739541979878993, 43.514299120208399 ], [ 142.739542540156009, 43.514217459968002 ], [ 142.739562270383004, 43.514151910182598 ], [ 142.739588660088998, 43.514093859843904 ], [ 142.739620329714995, 43.514046360351401 ], [ 142.739679220020008, 43.513992759858098 ], [ 142.739777829783009, 43.513931380229202 ], [ 142.739811989631988, 43.513909989854298 ], [ 142.739817269551992, 43.513893050224297 ], [ 142.739811719834989, 43.513872769612803 ], [ 142.739792280090001, 43.513859439861399 ], [ 142.739768670187999, 43.513849440299602 ], [ 142.739736450176991, 43.513845000346599 ], [ 142.739683949555001, 43.513842770027999 ], [ 142.739610900322987, 43.513846940184301 ], [ 142.73954868972001, 43.513846379906703 ], [ 142.73950590986999, 43.513834159918702 ], [ 142.739471199636, 43.513809440253603 ], [ 142.739438699935988, 43.513781379607202 ], [ 142.739418430117013, 43.5137697198968 ], [ 142.739395929978002, 43.513769159619201 ], [ 142.739380930186002, 43.5137769396542 ], [ 142.739350929701999, 43.513790549993999 ], [ 142.739311769622987, 43.513800269866699 ], [ 142.739287319753998, 43.513819990200503 ], [ 142.739224819570012, 43.513907479846502 ], [ 142.739177599767004, 43.513943309736099 ], [ 142.739084269923012, 43.513992740073 ], [ 142.739014829670992, 43.514023290042999 ], [ 142.738939829809993, 43.514051070100898 ], [ 142.738867330062988, 43.5140793996447 ], [ 142.738766509767004, 43.514101620093903 ], [ 142.738690400141991, 43.514109669925503 ], [ 142.738637900419008, 43.514113000115003 ], [ 142.738601520143987, 43.514122719987697 ], [ 142.738532069998996, 43.514160219918402 ], [ 142.738435970244012, 43.514212150370597 ], [ 142.738305420159008, 43.514257149747799 ], [ 142.738197370212987, 43.514284919913301 ], [ 142.738086539562005, 43.514296860212099 ], [ 142.737957660418004, 43.514300190401599 ], [ 142.737844059856002, 43.514290189940503 ], [ 142.737791290335991, 43.514297960082999 ], [ 142.737726010346989, 43.514321009706997 ], [ 142.737601570256004, 43.514375729856198 ], [ 142.73750879979201, 43.514407949867199 ], [ 142.737438249776005, 43.514422390281297 ], [ 142.737391869938989, 43.5144235000446 ], [ 142.737262710206011, 43.514407109900397 ], [ 142.737209939786993, 43.514405439859303 ], [ 142.737163550058, 43.5144187696107 ], [ 142.737061049827986, 43.5144671000768 ], [ 142.737031329931995, 43.514474870219303 ], [ 142.736958010004003, 43.514479869550499 ], [ 142.736921900426012, 43.514488479659803 ], [ 142.736889950211008, 43.514512919635699 ], [ 142.736791620137012, 43.514610970020399 ], [ 142.736719679770005, 43.5146570701678 ], [ 142.736650229625013, 43.514685680300097 ], [ 142.736586070191009, 43.514707899849803 ], [ 142.736541069915006, 43.514728450257998 ], [ 142.736509129593003, 43.514753449612201 ], [ 142.736423020405994, 43.514820940134399 ], [ 142.736320239587997, 43.5148556602607 ], [ 142.736223860143014, 43.5148662102076 ], [ 142.736160529885012, 43.514872589998198 ], [ 142.736100539707991, 43.5148806497224 ], [ 142.736016929738014, 43.5148967601775 ], [ 142.735933329660014, 43.514907859610197 ], [ 142.735839999815994, 43.514906749846801 ], [ 142.735690849952988, 43.514888689661497 ], [ 142.735603630104009, 43.514869529605299 ], [ 142.735528370337988, 43.514838690053701 ], [ 142.735434769799014, 43.514784530182098 ], [ 142.735366170412988, 43.514735920026901 ], [ 142.735309229836986, 43.514683699992901 ], [ 142.735220640319994, 43.514572600445298 ], [ 142.73515870041399, 43.514532870196 ], [ 142.735078989903997, 43.514498150069798 ], [ 142.735027330147005, 43.514467879789002 ], [ 142.734979839647991, 43.514435380088898 ], [ 142.734925400087008, 43.514390100123201 ], [ 142.734874580297998, 43.514325380412103 ], [ 142.734844589706, 43.514274000344997 ], [ 142.734805710214999, 43.514178170386401 ], [ 142.734786269571003, 43.514151779781002 ], [ 142.734757109952994, 43.5141240096155 ], [ 142.734709620352987, 43.514092070193001 ], [ 142.734650739940008, 43.514049009754203 ], [ 142.734606579629997, 43.514003180302701 ], [ 142.734562420219987, 43.513947069801603 ], [ 142.734536320095003, 43.513903190080299 ], [ 142.734510210078014, 43.513876800374199 ], [ 142.73435773002501, 43.513803469654597 ], [ 142.734298020436995, 43.513761529770903 ], [ 142.734260519607005, 43.513724029840297 ], [ 142.734233030030992, 43.513684029794298 ], [ 142.734166380374006, 43.513571819584001 ], [ 142.734136389783004, 43.513537100356999 ], [ 142.734092500168998, 43.513497100311099 ], [ 142.733921420336998, 43.5133720999426 ], [ 142.733866710081003, 43.513318770145297 ], [ 142.733838099948997, 43.513278500302697 ], [ 142.733811999824013, 43.513229060073201 ], [ 142.733788669612011, 43.513173779646401 ], [ 142.733778679941992, 43.513122399579203 ], [ 142.733772019562991, 43.513074620397603 ], [ 142.733772579841002, 43.513031020365503 ], [ 142.733790089640991, 43.5129351904069 ], [ 142.733808979900999, 43.512893530212402 ], [ 142.733853429791992, 43.5128138098096 ], [ 142.733862869976008, 43.512757710100402 ], [ 142.733842879845014, 43.512689929996398 ], [ 142.733829280296987, 43.512643829848997 ], [ 142.733828729912005, 43.512581049975701 ], [ 142.733843729705001, 43.512536059591604 ], [ 142.733876789682, 43.512482450105203 ], [ 142.733880680149014, 43.512452730209503 ], [ 142.733874849844995, 43.512412179778401 ], [ 142.733865969938989, 43.512340519999199 ], [ 142.733872640209995, 43.512269409705702 ], [ 142.733876539671002, 43.512219419990402 ], [ 142.733874320143997, 43.512199970352498 ], [ 142.733846270289007, 43.512189139817103 ], [ 142.733803770127992, 43.512186360012699 ], [ 142.73375488028401, 43.512197749926401 ], [ 142.733677659996005, 43.512234689579401 ], [ 142.73353155973399, 43.512286350235101 ], [ 142.733457950223993, 43.512306899743798 ], [ 142.733397680358991, 43.512315509853103 ], [ 142.733324909917002, 43.512312730048599 ], [ 142.733184089573996, 43.512301060445701 ], [ 142.733013550235, 43.5122891102544 ], [ 142.732870780163012, 43.512270219994797 ], [ 142.732758019567001, 43.512243270011098 ], [ 142.732709969689012, 43.512214380189697 ], [ 142.732659419697001, 43.512174380143698 ], [ 142.732576649692987, 43.512120220272102 ], [ 142.732420010275007, 43.512042160017799 ], [ 142.732339740387005, 43.511979669726102 ], [ 142.732295310280989, 43.511919950245698 ], [ 142.732276980298991, 43.511871060401297 ], [ 142.732256990167997, 43.511790509924303 ], [ 142.732231159840012, 43.511777459862103 ], [ 142.732176999968999, 43.511762729866199 ], [ 142.73212784032799, 43.511759119987602 ], [ 142.731934790059, 43.511778000354603 ], [ 142.731790640425999, 43.511808550324503 ], [ 142.731700639872997, 43.5118210500016 ], [ 142.731641200082009, 43.511823270427797 ], [ 142.731577039748998, 43.511816879845298 ], [ 142.731507050011004, 43.511800210011899 ], [ 142.731425670358988, 43.511766880237502 ], [ 142.731329010325993, 43.511737430138503 ], [ 142.731256519573009, 43.5117243701837 ], [ 142.73111097958801, 43.511706319890898 ], [ 142.731012660305993, 43.511685200212 ], [ 142.730940440248986, 43.511659090195003 ], [ 142.730870449612013, 43.511623809791203 ], [ 142.730750189569989, 43.5115335403408 ], [ 142.730623270048, 43.511449649781703 ], [ 142.730536609577001, 43.511402160181703 ], [ 142.730483560367986, 43.511382709644501 ], [ 142.730295809804005, 43.511328819569499 ], [ 142.730217479753009, 43.511298259707097 ], [ 142.73012054992401, 43.511247150335898 ], [ 142.730077779965995, 43.511215489703297 ], [ 142.729976410183014, 43.5111332700845 ], [ 142.729884199996008, 43.511031609821103 ], [ 142.729845319606, 43.511006329878398 ], [ 142.729783379699001, 43.510979389787202 ], [ 142.729740609742009, 43.510968279562597 ], [ 142.72969033044501, 43.510966890110097 ], [ 142.729572010239991, 43.510976600090203 ], [ 142.729447019763995, 43.510979100205503 ], [ 142.729345079811992, 43.510971869656203 ], [ 142.72929231029201, 43.5109627100612 ], [ 142.729231759838001, 43.510946319916897 ], [ 142.729070110298011, 43.5108857595703 ], [ 142.729025119914013, 43.510886040158802 ], [ 142.72878318969299, 43.510934080143798 ], [ 142.728669859825999, 43.510938240407697 ], [ 142.72860570039299, 43.510954349963498 ], [ 142.728533480336012, 43.510966019566297 ], [ 142.728403489630011, 43.510976840209203 ], [ 142.728229340412014, 43.510973779816297 ], [ 142.728090190110009, 43.510956559597702 ], [ 142.728023249973006, 43.510960719861501 ], [ 142.727970469662012, 43.510972939849502 ], [ 142.727812420107, 43.511035709830303 ], [ 142.727682709989011, 43.5110773700248 ], [ 142.72757466004299, 43.511103200352601 ], [ 142.72749883010701, 43.511110140420797 ], [ 142.727404670189998, 43.511106800338702 ], [ 142.727328569558011, 43.511094020073102 ], [ 142.72728217982899, 43.511093189998903 ], [ 142.727188299599987, 43.511100960141398 ], [ 142.727023589666999, 43.511132619874701 ], [ 142.72687860006701, 43.511148730329801 ], [ 142.726775550351988, 43.511155940194698 ], [ 142.726667229708994, 43.511152610005098 ], [ 142.726616679715988, 43.511142610443301 ], [ 142.726535300064, 43.511133719745501 ], [ 142.726481130299987, 43.5111339904415 ], [ 142.726429750232995, 43.511140659813698 ], [ 142.726051439622012, 43.511207859854999 ], [ 142.725958670056997, 43.511213139774704 ], [ 142.725824510092991, 43.511211740429601 ], [ 142.725783400284001, 43.511225070180998 ], [ 142.725540909784996, 43.511343109796798 ], [ 142.725438139758012, 43.511381160112599 ], [ 142.725415639619996, 43.511415599650398 ], [ 142.725409519734001, 43.511468649758598 ], [ 142.725396459779006, 43.511559199797397 ], [ 142.725368120343006, 43.511650579910501 ], [ 142.725333949701991, 43.5117219600006 ], [ 142.725288110358008, 43.511784179596397 ], [ 142.725244500434002, 43.511829169980402 ], [ 142.725181719661009, 43.511881110325099 ], [ 142.72515255015, 43.511922499823697 ], [ 142.725129489734002, 43.512008879706201 ], [ 142.725118660097991, 43.5120522099417 ], [ 142.725062820293005, 43.512153589616602 ], [ 142.725055310055012, 43.512179970329598 ], [ 142.725043629660007, 43.512357179940103 ], [ 142.725031399778999, 43.512434949713303 ], [ 142.725006400425002, 43.5125224402586 ], [ 142.724968340217004, 43.512604939566501 ], [ 142.724927779892994, 43.512665210331399 ], [ 142.724863890257012, 43.512744369557197 ], [ 142.724828330164001, 43.512807140437403 ], [ 142.724818319809998, 43.512844629576101 ], [ 142.724827199716003, 43.513010729861399 ], [ 142.724817469950011, 43.513069889963603 ], [ 142.724797190238007, 43.513126280153898 ], [ 142.724765519713003, 43.513175990179903 ], [ 142.724731070283013, 43.513212660036402 ], [ 142.724688570121998, 43.513245710121602 ], [ 142.724632189824007, 43.513280700044398 ], [ 142.724597740393989, 43.513310699629201 ], [ 142.724572179862008, 43.513352359823699 ], [ 142.724544680392995, 43.5134601300811 ], [ 142.724514390326988, 43.513532619934601 ], [ 142.724440219640996, 43.5136256700887 ], [ 142.724363539845996, 43.513862309598103 ], [ 142.724377419982005, 43.513947309920603 ], [ 142.724377970366987, 43.514011470253301 ], [ 142.724357689756005, 43.514083690310201 ], [ 142.724351559977009, 43.514205900082402 ], [ 142.724347389819997, 43.514244779573097 ], [ 142.724326280034006, 43.514272840219597 ], [ 142.724284609947006, 43.5143011697633 ], [ 142.724247389704999, 43.5143111603319 ], [ 142.72400380023501, 43.514306429897999 ], [ 142.723961309966995, 43.514296159640203 ], [ 142.723899090370992, 43.5142719903602 ], [ 142.723772439746, 43.514200319789097 ], [ 142.723696060325011, 43.514176430198198 ], [ 142.723618570241001, 43.514166429737102 ], [ 142.723525799776013, 43.514165040284503 ], [ 142.723339149981996, 43.514174199879598 ], [ 142.723247769869005, 43.514170869690098 ], [ 142.723175549811998, 43.514159749572997 ], [ 142.723093060396991, 43.514155580316 ], [ 142.722907520365993, 43.5141675197154 ], [ 142.722830020389011, 43.514163069869902 ], [ 142.722730870134001, 43.514143909813797 ], [ 142.722679210377009, 43.514128070054497 ], [ 142.722580890196014, 43.514086409860099 ], [ 142.722492840272992, 43.514027519554503 ], [ 142.722434789933999, 43.514004460038002 ], [ 142.722391740287009, 43.513994740165302 ], [ 142.722369529730003, 43.513955019808499 ], [ 142.722334529915003, 43.513924190149403 ], [ 142.722300930344005, 43.5139069699309 ], [ 142.722225929583004, 43.513891970138502 ], [ 142.722150939614011, 43.513888079671297 ], [ 142.722106780204001, 43.513888909745603 ], [ 142.722055390244009, 43.513889180441502 ], [ 142.722012339698011, 43.513890020408297 ], [ 142.721950399791012, 43.513898900314203 ], [ 142.721922349936989, 43.513909179565097 ], [ 142.721871239666001, 43.513929729973199 ], [ 142.721831520209008, 43.513934449615299 ], [ 142.721801240035006, 43.513930009662403 ], [ 142.721766519909011, 43.513917230296101 ], [ 142.721694590332987, 43.513923889775903 ], [ 142.721599309860011, 43.513947780266001 ], [ 142.721504319869013, 43.513983879952299 ], [ 142.72108683029299, 43.514165519623198 ], [ 142.721035440332997, 43.5141788502739 ], [ 142.720978780346996, 43.514185790342097 ], [ 142.720849900302994, 43.514176899644397 ], [ 142.720740460004009, 43.5141774500295 ], [ 142.720633519821007, 43.514187169902101 ], [ 142.720474079914993, 43.514216049830999 ], [ 142.720369370051003, 43.514225210325399 ], [ 142.720300759872003, 43.514223269588399 ], [ 142.720239380242987, 43.514208550384502 ], [ 142.720183550331001, 43.514186320042803 ], [ 142.720130779912012, 43.514155209795298 ], [ 142.720028560270009, 43.514098830396797 ], [ 142.71998189984501, 43.514065220034098 ], [ 142.719911640309988, 43.514001610086403 ], [ 142.719842200057997, 43.513964110155698 ], [ 142.719747489755008, 43.513894390214098 ], [ 142.719663059602993, 43.513808840405801 ], [ 142.719629729828, 43.513764400406899 ], [ 142.719584189958994, 43.513636350437402 ], [ 142.719571700173987, 43.513517190266299 ], [ 142.719574489871007, 43.513414979617799 ], [ 142.719582549595003, 43.513339989648998 ], [ 142.719598109664986, 43.513252490110503 ], [ 142.71961478039799, 43.513194720360197 ], [ 142.719632290198007, 43.513146950171802 ], [ 142.719670069817994, 43.513083619913303 ], [ 142.719690350429005, 43.513016130290303 ], [ 142.719688969970008, 43.512994460226302 ], [ 142.719679519893987, 43.512971130013803 ], [ 142.719624809636997, 43.512870860102304 ], [ 142.719615370353011, 43.512832530097299 ], [ 142.719615099657005, 43.512783919942102 ], [ 142.719623719659012, 43.512735039990297 ], [ 142.719648999601986, 43.512674760232201 ], [ 142.719734560201999, 43.512551720385801 ], [ 142.719741779959008, 43.512521719901599 ], [ 142.719737619695991, 43.512479500328801 ], [ 142.719699580172005, 43.512365620077396 ], [ 142.719677640311005, 43.512289239756797 ], [ 142.719672649973006, 43.5121995296847 ], [ 142.719683770090001, 43.5121162003026 ], [ 142.719706829606992, 43.512048150402002 ], [ 142.719743780051999, 43.511975659649103 ], [ 142.719807399892005, 43.511883169772702 ], [ 142.719901290013013, 43.511799840390502 ], [ 142.719973799651001, 43.511683190227203 ], [ 142.720031299605012, 43.511628470078001 ], [ 142.720118520353992, 43.511567370138202 ], [ 142.720251860134994, 43.511495429770399 ], [ 142.720350739694993, 43.511451829738299 ], [ 142.720400740201995, 43.511417109612097 ], [ 142.720526030152001, 43.511277679621401 ], [ 142.720631029598991, 43.5111946398209 ], [ 142.720722139915011, 43.511139089597499 ], [ 142.720824640144997, 43.5110879802263 ], [ 142.720856870049005, 43.5110643802171 ], [ 142.720916870118003, 43.511010490142198 ], [ 142.720974649759995, 43.510971330063001 ], [ 142.721051590358996, 43.510924950226403 ], [ 142.721144369817011, 43.510881069605801 ], [ 142.721236310208013, 43.5108424599118 ], [ 142.721344360154006, 43.510809130137403 ], [ 142.721425739805994, 43.510789419696202 ], [ 142.721510179851009, 43.510766360179602 ], [ 142.721577119988012, 43.510739699777503 ], [ 142.721624620379998, 43.510712210200502 ], [ 142.721656569695, 43.510686930257798 ], [ 142.721745730280986, 43.510627770155601 ], [ 142.721908219788986, 43.5105414001657 ], [ 142.722044879867013, 43.510481409989303 ], [ 142.722359590422997, 43.510330879666498 ], [ 142.722518739847999, 43.510252000129903 ], [ 142.722749840433011, 43.510132019777103 ], [ 142.722797070128991, 43.5100914702453 ], [ 142.722811229954004, 43.510066190302602 ], [ 142.722810960158, 43.510035640332703 ], [ 142.722809300009004, 43.5099389802999 ], [ 142.722800689899998, 43.509835939577101 ], [ 142.722802359940999, 43.509758169803902 ], [ 142.722805420333998, 43.509674010347503 ], [ 142.722834320048008, 43.509565130326699 ], [ 142.722862100105999, 43.509504300183501 ], [ 142.722928489857992, 43.509410150158502 ], [ 142.722978209777011, 43.509358490402199 ], [ 142.723025710168997, 43.509320709882999 ], [ 142.723117920356003, 43.509267669667402 ], [ 142.723139590420004, 43.5092451704284 ], [ 142.723152369785993, 43.509218779823001 ], [ 142.723160700205995, 43.5091687901078 ], [ 142.723170980356997, 43.509114900032799 ], [ 142.723183489925987, 43.5090610198504 ], [ 142.723182099573989, 43.509029080427901 ], [ 142.72317654985801, 43.509000189707102 ], [ 142.723167099781989, 43.508970190122298 ], [ 142.72316682998499, 43.5089140904131 ], [ 142.723156280038012, 43.508880480050301 ], [ 142.723042690267988, 43.508703550128899 ], [ 142.72302436028599, 43.508648279594603 ], [ 142.723022139860007, 43.5085468999197 ], [ 142.723038539897004, 43.5084319099049 ], [ 142.723030759862013, 43.508384410412397 ], [ 142.723009929764999, 43.508331360304197 ], [ 142.723001049858993, 43.508294140062702 ], [ 142.723004940326007, 43.508238589839202 ], [ 142.723024940349006, 43.508192479799298 ], [ 142.723042719945994, 43.508147209726097 ], [ 142.723048829940012, 43.508108330235402 ], [ 142.723054670137003, 43.508069719642002 ], [ 142.723122729929997, 43.507893070309102 ], [ 142.723133840154986, 43.507840579579202 ], [ 142.723133570357987, 43.507798360006497 ], [ 142.723123849585988, 43.507720309644803 ], [ 142.723133580250988, 43.507629479916702 ], [ 142.723148580042988, 43.507573099619002 ], [ 142.723202749807001, 43.5074314501015 ], [ 142.72320719965299, 43.507336739798902 ], [ 142.723219700229009, 43.507288689921303 ], [ 142.723242480056996, 43.507238970002597 ], [ 142.723313870038993, 43.507134539827298 ], [ 142.723331649636009, 43.507093150328799 ], [ 142.72334359982699, 43.5069870501125 ], [ 142.723364990201986, 43.506927059936103 ], [ 142.723403330100012, 43.506860400387303 ], [ 142.723454159781994, 43.506792630175902 ], [ 142.723470829614996, 43.5067587401239 ], [ 142.723517220243991, 43.506613200139199 ], [ 142.723566940161987, 43.506530440028001 ], [ 142.723630560002988, 43.506454330403201 ], [ 142.723645829591987, 43.506424060122498 ], [ 142.723675279691008, 43.506348509875998 ], [ 142.723699170180993, 43.5063068496816 ], [ 142.723763889892012, 43.506216580231197 ], [ 142.723798610018008, 43.506182700071697 ], [ 142.723849999978, 43.506148540223101 ], [ 142.723889439745989, 43.506114099785997 ], [ 142.723982220104006, 43.506061330266299 ], [ 142.724046660124998, 43.506034659971803 ], [ 142.72415443038301, 43.506003000238401 ], [ 142.724271370128008, 43.505984680148998 ], [ 142.724382750263999, 43.505985510223297 ], [ 142.724463299842, 43.505988569716898 ], [ 142.724559680184996, 43.505983299689703 ], [ 142.724639950073993, 43.505971909776001 ], [ 142.724724669808012, 43.505968579586501 ], [ 142.724811600074986, 43.505974419783797 ], [ 142.724905209608011, 43.505990530238897 ], [ 142.724987699922991, 43.506006649687301 ], [ 142.725125459872004, 43.5060596997955 ], [ 142.725195730199005, 43.506101920267596 ], [ 142.725267950256011, 43.506129700325602 ], [ 142.725339610035007, 43.506140809650802 ], [ 142.725393209629004, 43.5061413699285 ], [ 142.725457649650991, 43.506135259934503 ], [ 142.72551015027301, 43.506125819750899 ], [ 142.725663189704989, 43.506087489746001 ], [ 142.725752079594997, 43.506074999961498 ], [ 142.725855120317988, 43.506070839697699 ], [ 142.725901510047009, 43.506074449576403 ], [ 142.725994279611996, 43.506089169679598 ], [ 142.726082049847008, 43.506114169933099 ], [ 142.72619453974599, 43.506158619824603 ], [ 142.726268419951992, 43.506197510107199 ], [ 142.726345070068987, 43.506262499614799 ], [ 142.72639701041399, 43.5063027802493 ], [ 142.726449510137002, 43.506326109562501 ], [ 142.726536440404999, 43.5063597199253 ], [ 142.726644760147991, 43.506391109862001 ], [ 142.726753359579988, 43.5064319399822 ], [ 142.726841129814005, 43.506476669562801 ], [ 142.726915010020008, 43.506521390150198 ], [ 142.726951400187005, 43.506553329572696 ], [ 142.726996670260007, 43.506597489882402 ], [ 142.727058319685995, 43.506669709939302 ], [ 142.727109980341993, 43.506745539874899 ], [ 142.727138589573997, 43.506771649891903 ], [ 142.727236630067011, 43.5068227601624 ], [ 142.727301349778003, 43.506849149868501 ], [ 142.727346619851005, 43.506877760000798 ], [ 142.727459660134997, 43.506961639768001 ], [ 142.727505209897998, 43.507009140159902 ], [ 142.727544090288006, 43.507061629990403 ], [ 142.727581590217994, 43.507096080319997 ], [ 142.727612699567004, 43.507112740260901 ], [ 142.727688800197996, 43.507146630312903 ], [ 142.727754349983002, 43.507178569735302 ], [ 142.727839059824987, 43.507231910324499 ], [ 142.72795460022499, 43.5073388397158 ], [ 142.728015979854007, 43.507365789699598 ], [ 142.728088199911014, 43.507401339900099 ], [ 142.72813680017299, 43.507439400108403 ], [ 142.728184289772997, 43.507488280060201 ], [ 142.72825012014701, 43.507560500117201 ], [ 142.728273450360007, 43.507577160058098 ], [ 142.728318720433009, 43.507597439770201 ], [ 142.728433710448002, 43.507635499978498 ], [ 142.728483700162997, 43.507661049717903 ], [ 142.728534529845007, 43.507699109926101 ], [ 142.728590629553992, 43.507752710419403 ], [ 142.728625630268994, 43.507790490039298 ], [ 142.728656739617008, 43.507811880414103 ], [ 142.728704509804999, 43.507821879975999 ], [ 142.728852829595013, 43.5078410499247 ], [ 142.728890330425003, 43.507852160149199 ], [ 142.728945879749006, 43.507877160402799 ], [ 142.729022250176996, 43.507931320274402 ], [ 142.729064750338011, 43.507948820182101 ], [ 142.729088079651007, 43.507949929945497 ], [ 142.729129190359998, 43.507930769889299 ], [ 142.729207520410995, 43.507878830443801 ], [ 142.729272800399997, 43.507858840313403 ], [ 142.729365569965012, 43.507841620094801 ], [ 142.729401399854993, 43.507823850390501 ], [ 142.729468060302992, 43.507771910045797 ], [ 142.729503890193001, 43.507751910022797 ], [ 142.729569449870013, 43.507728310013597 ], [ 142.729615829707001, 43.507719699904399 ], [ 142.72973027023599, 43.5077060895645 ], [ 142.72975999013201, 43.507694699650798 ], [ 142.729831649911006, 43.507662490431798 ], [ 142.729908870197988, 43.507638879630697 ], [ 142.729996359843994, 43.507626110156998 ], [ 142.730203569938993, 43.507613060094798 ], [ 142.730274670340009, 43.507619449777998 ], [ 142.730326060300001, 43.507632230043598 ], [ 142.730421050291, 43.507667229859003 ], [ 142.730512430403991, 43.507710280405298 ], [ 142.730584639670013, 43.507735279759501 ], [ 142.730629639945988, 43.5077350099629 ], [ 142.730723799863995, 43.5077205704482 ], [ 142.730785460080995, 43.507703629918801 ], [ 142.730866290247008, 43.507668630103403 ], [ 142.730902399825993, 43.507662799798503 ], [ 142.730969339962996, 43.507657799567902 ], [ 142.731025999949992, 43.507663920353799 ], [ 142.731079050058014, 43.507680580294704 ], [ 142.73119153995799, 43.507738359937498 ], [ 142.731234030226005, 43.507748640087797 ], [ 142.731280419955993, 43.5077464196617 ], [ 142.731320140311993, 43.5077294800316 ], [ 142.731369860231013, 43.507689200296497 ], [ 142.73140819023601, 43.507663369968697 ], [ 142.731459299606996, 43.507638099918601 ], [ 142.731513740066987, 43.507603940069899 ], [ 142.731643180389, 43.507514229997902 ], [ 142.731689290428989, 43.507491460063001 ], [ 142.731832340191005, 43.507450079557699 ], [ 142.731907330159004, 43.507436470117199 ], [ 142.732015380105992, 43.5074275902113 ], [ 142.732063709673014, 43.507416749783303 ], [ 142.732083990283996, 43.507390369969798 ], [ 142.732097609617, 43.507303160013002 ], [ 142.732135939621998, 43.507254270168602 ], [ 142.732147330434998, 43.507221499772598 ], [ 142.732149280165004, 43.507161229906998 ], [ 142.732159279727, 43.5071228999021 ], [ 142.732177060222995, 43.507090119613501 ], [ 142.732211499761007, 43.507051519812002 ], [ 142.73226150026801, 43.507012630428697 ], [ 142.732339830319006, 43.506978750269298 ], [ 142.732463149854993, 43.506941539920298 ], [ 142.732513430051, 43.506932929811001 ], [ 142.732585370419002, 43.506910159876199 ], [ 142.732636479789988, 43.506884600244298 ], [ 142.732748139615012, 43.506811839694798 ], [ 142.732794530244007, 43.506794900064698 ], [ 142.732860080029013, 43.506779619683897 ], [ 142.732916460327004, 43.5067735096899 ], [ 142.733020900393996, 43.506779910164902 ], [ 142.733107559965987, 43.506795460342403 ], [ 142.733258379870989, 43.506810739823898 ], [ 142.733351150335011, 43.506829909772698 ], [ 142.733479190411998, 43.506872409933898 ], [ 142.73360945990899, 43.506893529612903 ], [ 142.73366638969199, 43.5069149199877 ], [ 142.733773599671991, 43.506961299824297 ], [ 142.733804430230009, 43.506957420149 ], [ 142.733830269551987, 43.506945200160999 ], [ 142.733945259566013, 43.506860209731101 ], [ 142.734022479853991, 43.506827989720101 ], [ 142.734238300057996, 43.5067707802475 ], [ 142.734298569922998, 43.5067416197301 ], [ 142.734369399628008, 43.506718849795199 ], [ 142.734447170300996, 43.506706629807297 ], [ 142.734504109976996, 43.506699410049897 ], [ 142.734614380349996, 43.506694970097001 ], [ 142.734723540059008, 43.506691919596598 ], [ 142.734933240376989, 43.506658310132998 ], [ 142.735078790253993, 43.506649989605499 ], [ 142.735180449618014, 43.5066524897208 ], [ 142.735371259675986, 43.506668610068502 ], [ 142.735518469701987, 43.506675280340097 ], [ 142.735630130425989, 43.506683330171697 ], [ 142.735722339713988, 43.506693890011199 ], [ 142.735783450446007, 43.506694450288798 ], [ 142.735805109718001, 43.506691120099298 ], [ 142.735807060348009, 43.506676399996003 ], [ 142.735797059887005, 43.506661679892801 ], [ 142.735769010031987, 43.5066064003652 ], [ 142.735746789583004, 43.506536960112797 ], [ 142.735746249990001, 43.506367810226401 ], [ 142.735733199927012, 43.506330320188297 ], [ 142.735706529633006, 43.506293930021002 ], [ 142.735677090325993, 43.506245050069197 ], [ 142.735663759674992, 43.506213939821599 ], [ 142.735662659804007, 43.506178660317097 ], [ 142.735657940162014, 43.506135890359197 ], [ 142.735627390192008, 43.506090620286002 ], [ 142.735582120119005, 43.506028680379501 ], [ 142.73555461974999, 43.505973399952602 ], [ 142.735539350160991, 43.505907020092998 ], [ 142.735533519856006, 43.505862580094202 ], [ 142.735504079650013, 43.505816749743403 ], [ 142.735469370315002, 43.505763699635203 ], [ 142.735451870408014, 43.505717040109502 ], [ 142.735450210258989, 43.505659540155797 ], [ 142.735446319792004, 43.505568160042699 ], [ 142.73546715978199, 43.505487900046703 ], [ 142.735464110180999, 43.505382350215498 ], [ 142.735461889754987, 43.505345129973897 ], [ 142.735444120050005, 43.505299859900802 ], [ 142.735422459879004, 43.505254859624202 ], [ 142.735406069734012, 43.505213480018298 ], [ 142.735405799938007, 43.505171260445501 ], [ 142.735411079858011, 43.505037110374502 ], [ 142.73540720018201, 43.504946000057998 ], [ 142.735416650258003, 43.504918509581699 ], [ 142.735436650281002, 43.504865460372898 ], [ 142.735438320322004, 43.504821850448202 ], [ 142.735424989671998, 43.504780469942901 ], [ 142.735419160265991, 43.504721309840797 ], [ 142.735421940071006, 43.504666030313203 ], [ 142.735419170158991, 43.504589649992496 ], [ 142.735402780014994, 43.504545209993601 ], [ 142.735366960016989, 43.504480500175099 ], [ 142.735295579926998, 43.504391889973903 ], [ 142.735239199630001, 43.504318839842803 ], [ 142.735215040241997, 43.504260509814898 ], [ 142.73522643015599, 43.504211909552197 ], [ 142.735261709659994, 43.504176630047603 ], [ 142.735327540034007, 43.5041352504416 ], [ 142.735397259975997, 43.504108310350396 ], [ 142.735479750290011, 43.504089429983402 ], [ 142.735542799960001, 43.504081099563301 ], [ 142.735620020248007, 43.504078600347299 ], [ 142.735678069686998, 43.504089160186801 ], [ 142.735770279874998, 43.504106099816802 ], [ 142.735866099941006, 43.504139159794498 ], [ 142.735967199926989, 43.504188600024101 ], [ 142.73603830032701, 43.504228039792402 ], [ 142.736089960084001, 43.5042544303978 ], [ 142.736154679794993, 43.504270539953602 ], [ 142.736264110201006, 43.504305820357501 ], [ 142.736381880019991, 43.504342490213901 ], [ 142.736483810079989, 43.504361660162701 ], [ 142.736542140108014, 43.5043791600704 ], [ 142.736633790018004, 43.504426659562903 ], [ 142.736657120230007, 43.5044491498086 ], [ 142.73671933982601, 43.5044883197803 ], [ 142.736914310147, 43.504553869565598 ], [ 142.736992079921009, 43.5045966503153 ], [ 142.737054300415991, 43.504641649692502 ], [ 142.737172340032004, 43.504735809610096 ], [ 142.737230379577994, 43.504761639937897 ], [ 142.73734926006, 43.504795809679003 ], [ 142.737425359793008, 43.504834139684 ], [ 142.737492850314993, 43.504876079567602 ], [ 142.737588670381001, 43.504944130367498 ], [ 142.737619779728988, 43.504954129929303 ], [ 142.737733380292013, 43.504973299878003 ], [ 142.737791150042, 43.504991080374197 ], [ 142.737848370306011, 43.505016909802698 ], [ 142.737923360275005, 43.505073020303797 ], [ 142.737953080170996, 43.5050869103328 ], [ 142.738031959707001, 43.505108020119202 ], [ 142.738073340212992, 43.505126629790297 ], [ 142.738148330182014, 43.505172179552602 ], [ 142.738233879989991, 43.505240510041702 ], [ 142.738286930098013, 43.505267460025401 ], [ 142.738321920021008, 43.505276619620503 ], [ 142.738419689816993, 43.505282740406301 ], [ 142.738517740202013, 43.505299129651299 ], [ 142.738581059668007, 43.505317740221699 ], [ 142.738622450066003, 43.505335240129398 ], [ 142.738674109822, 43.505363289983997 ], [ 142.738755760169994, 43.505416349984699 ], [ 142.738806310163, 43.5054366198043 ], [ 142.738881579820998, 43.505454400300501 ], [ 142.738938520396999, 43.505466620288502 ], [ 142.739009350102009, 43.505478010202197 ], [ 142.739098230098989, 43.5054830203253 ], [ 142.739162949811004, 43.505492179920303 ], [ 142.739230440332989, 43.505505800152697 ], [ 142.739278769898988, 43.505518020140698 ], [ 142.739341260190997, 43.505545239920998 ], [ 142.739410140166001, 43.505590789683403 ], [ 142.739453470401003, 43.5056321800812 ], [ 142.739490130364999, 43.505655229705297 ], [ 142.739547070040999, 43.5056691197343 ], [ 142.739614840253012, 43.505683009763203 ], [ 142.739666220320004, 43.505695790028902 ], [ 142.739721220158003, 43.505719679619702 ], [ 142.739782599786992, 43.505756899861197 ], [ 142.739842310275009, 43.505823839998399 ], [ 142.739880080001996, 43.505864949807702 ], [ 142.739909250412012, 43.5058827204114 ], [ 142.739961740241995, 43.505903560401201 ], [ 142.740028680379993, 43.505929940214699 ], [ 142.740084500400002, 43.505957720272797 ], [ 142.740121160363003, 43.505984940053096 ], [ 142.740154769827001, 43.506026879936698 ], [ 142.74018087984399, 43.506076599855398 ], [ 142.740198650448008, 43.506123260280397 ], [ 142.740228650032009, 43.506156869743897 ], [ 142.740263360265999, 43.506175480314297 ], [ 142.740313910259005, 43.506192150147797 ], [ 142.740373070360988, 43.506214650285997 ], [ 142.740423620353994, 43.506234650308997 ], [ 142.740454729702009, 43.506246310019399 ], [ 142.74047833960401, 43.506248540337999 ], [ 142.740493340296013, 43.506240760303001 ], [ 142.740511119892005, 43.506187429606399 ], [ 142.740535559867993, 43.506138269965298 ], [ 142.740541679755012, 43.506109390036499 ], [ 142.740539179639995, 43.506068829712902 ], [ 142.740549729587002, 43.506039949783997 ], [ 142.740580570036997, 43.506001619779099 ], [ 142.740641119591999, 43.505944410306498 ], [ 142.74064834024901, 43.505918019700999 ], [ 142.740638349680012, 43.505878030446901 ], [ 142.740633630037991, 43.505831360129299 ], [ 142.740643070222006, 43.505793030124401 ], [ 142.740668350163986, 43.505739149942002 ], [ 142.740678910003993, 43.505696100294998 ], [ 142.740667529983, 43.5056416598349 ], [ 142.740657530421004, 43.505576950016398 ], [ 142.740664480382009, 43.505532510017503 ], [ 142.740680310247996, 43.505488620403703 ], [ 142.740714200300005, 43.505447239898402 ], [ 142.740768090375013, 43.5054180802803 ], [ 142.741308889593995, 43.505078970218399 ], [ 142.741979409722006, 43.504644040090596 ], [ 142.74225522999501, 43.504455730148003 ], [ 142.742848539727987, 43.504070240249597 ], [ 142.743173800231006, 43.503856939945997 ], [ 142.743292939718003, 43.5040363699827 ], [ 142.743463200267001, 43.504132750326299 ], [ 142.743917040438987, 43.504254149809398 ], [ 142.744285900074004, 43.504248049707897 ], [ 142.744680029759991, 43.504155020238201 ], [ 142.745045290308013, 43.503961999646698 ], [ 142.745366100066008, 43.503890900145102 ], [ 142.74561551984101, 43.503947849713697 ], [ 142.745866589871014, 43.504151449929601 ], [ 142.746081009830988, 43.504279499899198 ], [ 142.746242389575002, 43.504254229849003 ], [ 142.746448759702986, 43.504108420067702 ], [ 142.746690699816014, 43.503940389837297 ], [ 142.747051770423013, 43.503895129656698 ], [ 142.747238699906006, 43.503871800343497 ], [ 142.747318420309, 43.503878750304203 ], [ 142.747400350345998, 43.503895689934303 ], [ 142.747556999656013, 43.504025400052299 ], [ 142.74770086960001, 43.5040729004442 ], [ 142.747855570078997, 43.504189559600697 ], [ 142.748038320412007, 43.504354270433403 ], [ 142.748246349789014, 43.50444037962 ], [ 142.748390500321989, 43.504494820079998 ], [ 142.748503820295014, 43.504528710132 ], [ 142.748672689593008, 43.504557599953401 ], [ 142.748750739955, 43.504572880334301 ], [ 142.748816840124988, 43.504595099884099 ], [ 142.749053479634995, 43.5047123202176 ], [ 142.749096249591986, 43.504741210039001 ], [ 142.749139020450002, 43.504778430280503 ], [ 142.749169010141998, 43.504819540089898 ], [ 142.749170119904988, 43.504892860017698 ], [ 142.749177620251004, 43.504950629767897 ], [ 142.749219829931008, 43.505087840231802 ], [ 142.749215089605002, 43.505244490441001 ], [ 142.749220919909988, 43.505384749606698 ], [ 142.749370889955003, 43.505555020048298 ], [ 142.749507540140996, 43.5056089101233 ], [ 142.749715020031999, 43.505686400207402 ], [ 142.749891389676009, 43.505715299921299 ], [ 142.750103590109006, 43.505651979555402 ], [ 142.750236919998002, 43.505552549610599 ], [ 142.750265809819012, 43.5054747798374 ], [ 142.750319420204988, 43.505398400415999 ], [ 142.750441360180986, 43.505295640281801 ], [ 142.750535520097998, 43.505167879893897 ], [ 142.750736079706002, 43.504884300270398 ], [ 142.750981070319995, 43.504654060336797 ], [ 142.75126188003199, 43.504542129815597 ], [ 142.751722949854013, 43.504585200147098 ], [ 142.751825739666003, 43.504574490120802 ], [ 142.751949870390007, 43.504550769602503 ], [ 142.752002639909989, 43.504547710108902 ], [ 142.752049580023993, 43.504558269948298 ], [ 142.752195680287002, 43.504615769902003 ], [ 142.752258450266993, 43.504617719632201 ], [ 142.752314280180002, 43.504608550144702 ], [ 142.752360109632008, 43.504594670008203 ], [ 142.752386770034008, 43.504561889719596 ], [ 142.752588419619997, 43.504599119853701 ], [ 142.752664229771, 43.504709390226402 ], [ 142.752793099922002, 43.504880759639498 ], [ 142.75280531001701, 43.505009359994098 ], [ 142.752888070128989, 43.505131290077102 ], [ 142.752951119798013, 43.505145459795301 ], [ 142.753032219760996, 43.505209620127999 ], [ 142.753117489879997, 43.505251290215 ], [ 142.753169420332995, 43.505267120081697 ], [ 142.753226360008995, 43.505282119874103 ], [ 142.753327190198007, 43.505285739645302 ], [ 142.753644929670003, 43.505268530218601 ], [ 142.75379964004199, 43.505263529988099 ], [ 142.753930180233993, 43.505262979603003 ], [ 142.754011010400006, 43.5052618698396 ], [ 142.754055999884997, 43.5052688198003 ], [ 142.754167659709992, 43.505261879732103 ], [ 142.754224319696988, 43.505243549750197 ], [ 142.754313759972007, 43.505218550396002 ], [ 142.75440263997001, 43.505216609659001 ], [ 142.754467359681001, 43.505208280138199 ], [ 142.754556790063987, 43.505184680128998 ], [ 142.754625400241991, 43.505156069996801 ], [ 142.754735390026013, 43.505139960440999 ], [ 142.754853429641997, 43.505155519611698 ], [ 142.754975359724995, 43.505214409917201 ], [ 142.755058949910989, 43.505356060334101 ], [ 142.755155029880996, 43.505709090102599 ], [ 142.755265839846999, 43.5058210197245 ], [ 142.755321669759013, 43.505856849614098 ], [ 142.755367769906997, 43.505881300381901 ], [ 142.755441929801009, 43.505894079748103 ], [ 142.755511649742999, 43.505906860013702 ], [ 142.755679679973014, 43.505949629971603 ], [ 142.755787450230997, 43.505975189603497 ], [ 142.755942710087993, 43.505941310343403 ], [ 142.756040200195002, 43.505907430183903 ], [ 142.756095479723001, 43.505828830336398 ], [ 142.756205209602996, 43.505630519932701 ], [ 142.756201060130991, 43.505415820284 ], [ 142.756167469552992, 43.505204729614803 ], [ 142.755977789942989, 43.504779489681901 ], [ 142.755927259734989, 43.504569229986103 ], [ 142.755959760335003, 43.5045078503572 ], [ 142.756013920205987, 43.5044853502189 ], [ 142.756055590292988, 43.504457859742601 ], [ 142.75606225966601, 43.504441189909102 ], [ 142.756176419605993, 43.504346479606497 ], [ 142.756262250003005, 43.504264830158 ], [ 142.756364740341013, 43.504208449860201 ], [ 142.756422240294, 43.504174290011598 ], [ 142.756574169961993, 43.504126519823203 ], [ 142.756735549706008, 43.504109580193102 ], [ 142.756788320124997, 43.504104859651697 ], [ 142.756852760147012, 43.504112639686802 ], [ 142.756887199684996, 43.504122359559403 ], [ 142.756909420134008, 43.504144029623397 ], [ 142.756947189860995, 43.504198470083502 ], [ 142.756941069974999, 43.504274010437399 ], [ 142.756971059666995, 43.504346510183403 ], [ 142.75701828036901, 43.504400119670002 ], [ 142.757033829648009, 43.504437330019002 ], [ 142.757059380285995, 43.504474279564498 ], [ 142.757107430164012, 43.504496500013701 ], [ 142.757204080304007, 43.504496779702798 ], [ 142.757269079704002, 43.504502889696802 ], [ 142.757425999709994, 43.504539279863998 ], [ 142.757786240243007, 43.504591509790501 ], [ 142.758384800219005, 43.504602920388599 ], [ 142.758545609792009, 43.504645970035703 ], [ 142.758593100290994, 43.504680969851101 ], [ 142.758663920103999, 43.504742079683403 ], [ 142.758802779924991, 43.504957899887401 ], [ 142.758916099897988, 43.505052889879202 ], [ 142.75914577955399, 43.505167049819597 ], [ 142.759429639766012, 43.505210950225297 ], [ 142.759876809666991, 43.505299010041398 ], [ 142.760189830396001, 43.505325409640101 ], [ 142.76039286044201, 43.505362080395898 ], [ 142.760425360141994, 43.505341529987803 ], [ 142.760505909719996, 43.505291259684 ], [ 142.760614240254995, 43.505215429748397 ], [ 142.760696459873998, 43.5051337802999 ], [ 142.760735069568, 43.505075169683501 ], [ 142.760892010258004, 43.504921579867201 ], [ 142.761038949587999, 43.504807710407697 ], [ 142.761217269860992, 43.504725780370599 ], [ 142.761336150342999, 43.5047049502734 ], [ 142.761339490425001, 43.504697449927598 ], [ 142.761336430032003, 43.504683010412698 ], [ 142.761323659659013, 43.504675789756099 ], [ 142.761275879577994, 43.504675510066903 ], [ 142.76117673022199, 43.5046816200609 ], [ 142.761024519966014, 43.5046760595527 ], [ 142.760963689823001, 43.504683280209399 ], [ 142.760901749916002, 43.504683550006 ], [ 142.760846480281003, 43.5046796604382 ], [ 142.760779270347001, 43.504669380287901 ], [ 142.760725390164993, 43.504649099676399 ], [ 142.760677059698992, 43.5046179903281 ], [ 142.760632349903005, 43.504578000174703 ], [ 142.760588189592994, 43.504525780140803 ], [ 142.76053876015601, 43.504437929866803 ], [ 142.760507100423013, 43.5043985701381 ], [ 142.760478490290012, 43.504373290195403 ], [ 142.760379060345002, 43.504299400097402 ], [ 142.760357949660005, 43.504277179648298 ], [ 142.760330460082997, 43.504239960306101 ], [ 142.760302689917012, 43.504154690187001 ], [ 142.760285750287011, 43.504132199941203 ], [ 142.760272139947006, 43.504120810027501 ], [ 142.760255749803008, 43.504117749634602 ], [ 142.760174930429002, 43.504125529669601 ], [ 142.760086879606007, 43.504136630001703 ], [ 142.760001890074989, 43.5041435700699 ], [ 142.759923290227988, 43.504137739765 ], [ 142.759837459831004, 43.504126349851298 ], [ 142.759763860214008, 43.504107740180203 ], [ 142.759713029632991, 43.504088849920699 ], [ 142.759649989855006, 43.504060790173497 ], [ 142.759588049949002, 43.504027460399101 ], [ 142.75949279016001, 43.503968570093598 ], [ 142.759392249553002, 43.503904409760899 ], [ 142.759329199883013, 43.503874969554403 ], [ 142.759282540356992, 43.5038638503366 ], [ 142.759205329961986, 43.503864130025804 ], [ 142.759148669974991, 43.503871070094 ], [ 142.759052279738995, 43.503888290312503 ], [ 142.758969790323988, 43.503890509839302 ], [ 142.758880910326013, 43.503882450115199 ], [ 142.758808419573, 43.503864120133201 ], [ 142.758727319609989, 43.503835510000997 ], [ 142.758462079861005, 43.503722170242199 ], [ 142.758385140162005, 43.503698289644497 ], [ 142.758307380281991, 43.503676619580503 ], [ 142.758196279835005, 43.503656060179203 ], [ 142.758123789980999, 43.503631059925603 ], [ 142.758068239757989, 43.503599119603798 ], [ 142.758025469800003, 43.5035666199038 ], [ 142.757979920037002, 43.503512460032198 ], [ 142.757929100247992, 43.503433850292097 ], [ 142.757891329621003, 43.503403019733803 ], [ 142.757855220043012, 43.503383579988402 ], [ 142.757674129857008, 43.503321360392597 ], [ 142.757560530195008, 43.503269410155298 ], [ 142.757443880030991, 43.503192750145402 ], [ 142.75740332960001, 43.503184700313902 ], [ 142.757318340069986, 43.503174420163496 ], [ 142.757247790054009, 43.503161079620298 ], [ 142.757192249723005, 43.503143579712599 ], [ 142.757083650290014, 43.503095250145897 ], [ 142.756890900395007, 43.502989419726099 ], [ 142.75682480022499, 43.502939980395901 ], [ 142.756780630022007, 43.502921369825501 ], [ 142.756749800362996, 43.502917759946897 ], [ 142.756721469919995, 43.502927200130301 ], [ 142.756593150154004, 43.5029857999548 ], [ 142.756541760194011, 43.502999410294699 ], [ 142.756485100206987, 43.503006909741302 ], [ 142.756433720139995, 43.503005239700201 ], [ 142.756392329741999, 43.502997179975999 ], [ 142.756317339774, 43.5029666300061 ], [ 142.756221519707992, 43.502915240046399 ], [ 142.756185410129007, 43.502903299747601 ], [ 142.756162359605014, 43.502903299747601 ], [ 142.756136530177002, 43.502909130052501 ], [ 142.756013199849008, 43.502952730084601 ], [ 142.755941270274008, 43.5029663404245 ], [ 142.755856269951011, 43.502963000342298 ], [ 142.755820170264997, 43.502952730084601 ], [ 142.755732120341008, 43.502917449680801 ], [ 142.755664910408001, 43.502883010143002 ], [ 142.755626020124993, 43.502873839756099 ], [ 142.755561589996006, 43.502872169714998 ], [ 142.755520759874997, 43.502894109575699 ], [ 142.75540686973099, 43.502977150275498 ], [ 142.755387699783, 43.503007979934502 ], [ 142.755357149812994, 43.503064639921398 ], [ 142.755325480186997, 43.503093529742799 ], [ 142.755263819969997, 43.503139909579303 ], [ 142.755224099613002, 43.503179629936099 ], [ 142.755189929871989, 43.503236840308098 ], [ 142.755157149582999, 43.503340999787497 ], [ 142.755132980302989, 43.503379599589003 ], [ 142.755098529972997, 43.503416540141401 ], [ 142.755052429826009, 43.5034484795639 ], [ 142.754980760154012, 43.503478759737199 ], [ 142.754930489850011, 43.503484590042 ], [ 142.75488411001399, 43.503476530317798 ], [ 142.754832450257993, 43.503456809984002 ], [ 142.754797450441998, 43.503437370238601 ], [ 142.754703849902995, 43.503405420024301 ], [ 142.754625250055, 43.503387640427398 ], [ 142.754508320203001, 43.503360700336202 ], [ 142.754472209725009, 43.503347920070603 ], [ 142.754425269611005, 43.503322919817002 ], [ 142.754371109738997, 43.503279030203302 ], [ 142.754239189987004, 43.503204040234401 ], [ 142.754186969952997, 43.503177369939898 ], [ 142.754147530185008, 43.503149040396103 ], [ 142.754102260111011, 43.5031140396814 ], [ 142.754031719988006, 43.503045719984101 ], [ 142.754011999654011, 43.503022659568302 ], [ 142.753989510308003, 43.5029590604125 ], [ 142.753991729835008, 43.502918779778 ], [ 142.754028399691009, 43.502817130306497 ], [ 142.75402034985899, 43.502776019597803 ], [ 142.753977300212, 43.502716030320698 ], [ 142.753957310082001, 43.502674360233698 ], [ 142.75394452981601, 43.502623810240799 ], [ 142.753942320182006, 43.502537989736602 ], [ 142.753930379883002, 43.502505490036498 ], [ 142.753912049901004, 43.502485769702702 ], [ 142.753886490268997, 43.502476600215097 ], [ 142.753850109995, 43.502473830303202 ], [ 142.753711230389001, 43.502477149700802 ], [ 142.753642909793001, 43.5024682599025 ], [ 142.753585970117001, 43.502452430035802 ], [ 142.753525139972993, 43.502425489944599 ], [ 142.753479869899991, 43.502393820318702 ], [ 142.753450159897, 43.5023629897603 ], [ 142.753407110250009, 43.502307989922002 ], [ 142.753362680143994, 43.5022329999532 ], [ 142.753335179775007, 43.5022032800575 ], [ 142.753304350115997, 43.5021854995613 ], [ 142.75325490988601, 43.502184389797897 ], [ 142.753202420055999, 43.502189669717701 ], [ 142.753009650374992, 43.5022421496557 ], [ 142.752976319701986, 43.502259100077602 ], [ 142.752874100060012, 43.502342139878003 ], [ 142.752803550044007, 43.502379080430401 ], [ 142.752746880165006, 43.5023979697907 ], [ 142.752592730071001, 43.502433510098598 ], [ 142.752483570360994, 43.502473229556102 ], [ 142.752404129647005, 43.502518780217699 ], [ 142.752310250318004, 43.502557659708401 ], [ 142.752202200370988, 43.502587099914898 ], [ 142.752109709595999, 43.502600700362201 ], [ 142.75201193979899, 43.502597370172701 ], [ 142.751966669725988, 43.502587090022402 ], [ 142.751921389760014, 43.502566810310199 ], [ 142.751879729566014, 43.502533199947401 ], [ 142.751844739642991, 43.502484599684699 ], [ 142.751794749927996, 43.502378770164299 ], [ 142.751742820375, 43.502315170109199 ], [ 142.751700050417014, 43.502285440321003 ], [ 142.751633389968987, 43.502273500022199 ], [ 142.75158173021299, 43.502275160170697 ], [ 142.751526179989014, 43.502282110131397 ], [ 142.751480620335002, 43.502294330119398 ], [ 142.751367300361011, 43.502321819696398 ], [ 142.75131591040099, 43.502331259879902 ], [ 142.751261200144, 43.502337930151498 ], [ 142.75117065010599, 43.502344589631299 ], [ 142.751125100342989, 43.5023559804443 ], [ 142.751091489980013, 43.502367919843799 ], [ 142.751053990049996, 43.502393750171599 ], [ 142.751025100227992, 43.502405130192798 ], [ 142.75098176999299, 43.502407909997203 ], [ 142.750909549936011, 43.502410130423399 ], [ 142.750851229800986, 43.5024068002338 ], [ 142.750799009767007, 43.502393180001398 ], [ 142.750760409965011, 43.502375129708597 ], [ 142.750710690046986, 43.502342350319402 ], [ 142.750667090013991, 43.502294580130901 ], [ 142.750612100068992, 43.5022256902636 ], [ 142.750573219677989, 43.502181529953802 ], [ 142.750521280232988, 43.502142369874697 ], [ 142.750339359973992, 43.502031540123703 ], [ 142.750297980368003, 43.502019320135702 ], [ 142.750229659771009, 43.502007090255198 ], [ 142.750146049800009, 43.501993479915299 ], [ 142.750069670378991, 43.501969870013703 ], [ 142.749988299720002, 43.5019295902785 ], [ 142.749926359813998, 43.5018812598125 ], [ 142.749880259666014, 43.5018171003791 ], [ 142.749864429799999, 43.501766269797699 ], [ 142.749862220164999, 43.501705439654501 ], [ 142.749869439923003, 43.501662390007503 ], [ 142.749898610332991, 43.5016096195885 ], [ 142.749952500408, 43.501545739844197 ], [ 142.750048330366013, 43.501456299568801 ], [ 142.750069729734008, 43.5013999201703 ], [ 142.750089459961004, 43.5012871595749 ], [ 142.750113349552009, 43.501222439863902 ], [ 142.750157519753998, 43.501140779623398 ], [ 142.75015863041699, 43.501102169929403 ], [ 142.750144190002999, 43.501069400432598 ], [ 142.750100039584993, 43.501020790277401 ], [ 142.749955889952986, 43.500899690268703 ], [ 142.749909230426994, 43.500849970349996 ], [ 142.749860909852998, 43.500785530328102 ], [ 142.749833420275991, 43.500734140368401 ], [ 142.749812869868009, 43.500710810155901 ], [ 142.749795930238008, 43.5007016496616 ], [ 142.749729269790009, 43.500679150422599 ], [ 142.749673160187996, 43.500651370364601 ], [ 142.749599289875988, 43.500604700047099 ], [ 142.749538459732008, 43.500556369580998 ], [ 142.749490690442997, 43.5005341500312 ], [ 142.749454579965004, 43.500528600314802 ], [ 142.749393759713996, 43.500529700185702 ], [ 142.749208490379999, 43.500546639815802 ], [ 142.749073229646001, 43.500542469659401 ], [ 142.749026839917008, 43.500536919943002 ], [ 142.748950740184995, 43.5005194101428 ], [ 142.748862979843011, 43.500487190131899 ], [ 142.748696050382989, 43.500408030006703 ], [ 142.748625229671006, 43.500393030214397 ], [ 142.748540240139988, 43.5003844201051 ], [ 142.748479970275014, 43.500375530306698 ], [ 142.748428860003997, 43.500355530283699 ], [ 142.748364980259993, 43.500324689832702 ], [ 142.748307209610005, 43.500285250064401 ], [ 142.748260829774011, 43.500264699656299 ], [ 142.748187230156987, 43.500246080092701 ], [ 142.748126679703006, 43.500239970098697 ], [ 142.748032519784999, 43.5002402497879 ], [ 142.747946139903007, 43.500233299827102 ], [ 142.747858369667995, 43.5002185797238 ], [ 142.747800320229004, 43.500201079816101 ], [ 142.747729219827988, 43.5001721899947 ], [ 142.747672280151988, 43.500137749557702 ], [ 142.747617849584003, 43.5000966397483 ], [ 142.747578970093997, 43.500059420406103 ], [ 142.747518979917004, 43.499984700233902 ], [ 142.747453990410008, 43.499887489815997 ], [ 142.747372060371987, 43.499809989839299 ], [ 142.747340960016999, 43.499769719996699 ], [ 142.747317350115992, 43.499721109841502 ], [ 142.747306519580007, 43.499676109565002 ], [ 142.747306249784003, 43.4996236197345 ], [ 142.747323479894987, 43.499540009763798 ], [ 142.747371269868012, 43.499393639704898 ], [ 142.747396819608014, 43.499353090173102 ], [ 142.747424880253988, 43.499326699567703 ], [ 142.747461819906988, 43.499303099558603 ], [ 142.747518479894012, 43.499286990002801 ], [ 142.747558479940011, 43.499286990002801 ], [ 142.747630699996989, 43.499299770268401 ], [ 142.747671799914002, 43.499295600111999 ], [ 142.74768875033601, 43.499282550049799 ], [ 142.747691799937002, 43.499255609958603 ], [ 142.747692639903988, 43.499199780045998 ], [ 142.747699869553998, 43.499167280345901 ], [ 142.747720980238995, 43.499124510388 ], [ 142.747734589679993, 43.499089239876703 ], [ 142.747734319882994, 43.499059240291899 ], [ 142.747715720104992, 43.498985080397297 ], [ 142.74771516972001, 43.498928969896198 ], [ 142.747722670065002, 43.498891200168899 ], [ 142.747742670088002, 43.4988350896678 ], [ 142.747783510100987, 43.498752319664 ], [ 142.747790729857996, 43.498710109983698 ], [ 142.74778212964199, 43.4986059496051 ], [ 142.74779464011101, 43.498545960328002 ], [ 142.747809639903011, 43.498504569930098 ], [ 142.747869370176005, 43.498394580145899 ], [ 142.74799271039501, 43.498199879620898 ], [ 142.748046319882008, 43.498146280027001 ], [ 142.748150199672011, 43.498078230126403 ], [ 142.748297969975994, 43.498002689772498 ], [ 142.748348799658004, 43.497973520261901 ], [ 142.748402689733012, 43.497928250188799 ], [ 142.748417690423992, 43.497902700449501 ], [ 142.748442699670989, 43.497786320082803 ], [ 142.748465209702005, 43.4977216102643 ], [ 142.748500759901987, 43.497657449931502 ], [ 142.74854049015201, 43.4976096797431 ], [ 142.748610759579009, 43.497541910431003 ], [ 142.748710480005002, 43.497467190258803 ], [ 142.748761600167995, 43.497418310306998 ], [ 142.748792150138001, 43.4973694303551 ], [ 142.748839940110997, 43.497253329677598 ], [ 142.748855219592997, 43.497201109643598 ], [ 142.748881329609986, 43.497156120158998 ], [ 142.748909939741992, 43.497115569728003 ], [ 142.74894827963999, 43.497078899871497 ], [ 142.749002159821998, 43.497043909948701 ], [ 142.749042989942012, 43.497025859655899 ], [ 142.749103550288993, 43.497006970295601 ], [ 142.749288809731013, 43.496976149629702 ], [ 142.74933741988599, 43.496953930079997 ], [ 142.749376029579992, 43.496925040258603 ], [ 142.749420469579007, 43.496900319694198 ], [ 142.74950436013799, 43.496869220238501 ], [ 142.749602129934004, 43.496846169715099 ], [ 142.749716559672009, 43.496830890233603 ], [ 142.749746009771002, 43.496819510212397 ], [ 142.749838229851008, 43.496759789832602 ], [ 142.749925439806987, 43.496723129868698 ], [ 142.749954889906007, 43.496702299771499 ], [ 142.74997794043, 43.496675919957902 ], [ 142.749990719795989, 43.496648700177602 ], [ 142.749982390274994, 43.496611200246797 ], [ 142.749964339982995, 43.4965850902299 ], [ 142.749922679788, 43.496542039683597 ], [ 142.749789929960997, 43.496368160262499 ], [ 142.749766329951996, 43.496315940228598 ], [ 142.749726620387008, 43.496187339873998 ], [ 142.749695520031992, 43.4961426201859 ], [ 142.749633029741005, 43.4960790201308 ], [ 142.749614699759007, 43.4960493002352 ], [ 142.749593599864994, 43.495986520361797 ], [ 142.749574720396993, 43.495895699626999 ], [ 142.749556390414995, 43.495850700249797 ], [ 142.749505010348003, 43.4957882099581 ], [ 142.749416970316986, 43.495716540286303 ], [ 142.749400310375989, 43.495702929946397 ], [ 142.749292540119001, 43.495668770097801 ], [ 142.749265039749986, 43.495654049994599 ], [ 142.749220329953999, 43.495618210212399 ], [ 142.749165060319001, 43.4955571102726 ], [ 142.749105349832007, 43.495515170388998 ], [ 142.749005919887992, 43.495472389639197 ], [ 142.748963149930006, 43.495436000371299 ], [ 142.748939540028005, 43.495405169812898 ], [ 142.748923710160994, 43.495360180328198 ], [ 142.748905110382992, 43.495262680328601 ], [ 142.748854849971991, 43.495125200068102 ], [ 142.748855689938011, 43.495072419756497 ], [ 142.748873189845995, 43.494986319563203 ], [ 142.748871529697993, 43.494959929857004 ], [ 142.748844040121014, 43.494900220269102 ], [ 142.74878544029599, 43.494821609629803 ], [ 142.748773499996986, 43.494772729677898 ], [ 142.748775449726992, 43.494682730024103 ], [ 142.748768790247993, 43.494651900365099 ], [ 142.748744909649986, 43.494589130384199 ], [ 142.748745749617001, 43.494536639654399 ], [ 142.748754640315013, 43.494509419873999 ], [ 142.748771029560004, 43.494483860242099 ], [ 142.748827140060996, 43.494419979598497 ], [ 142.748843809893998, 43.494385260371601 ], [ 142.748844639968013, 43.494358879658797 ], [ 142.748819649606986, 43.494269999660901 ], [ 142.748816600005995, 43.494225000283699 ], [ 142.748834109806012, 43.494152790119401 ], [ 142.748854390417989, 43.494108619917 ], [ 142.748864110291009, 43.494063349843898 ], [ 142.748856340147995, 43.494021409960297 ], [ 142.748797189939012, 43.4939061402563 ], [ 142.748782069637002, 43.493851699796302 ], [ 142.74876498971301, 43.493733929977097 ], [ 142.748751939649992, 43.4937078199601 ], [ 142.748716670037993, 43.493677820375297 ], [ 142.748566690101001, 43.493588380099801 ], [ 142.748535579853012, 43.493559500171003 ], [ 142.748511979844011, 43.4935231100037 ], [ 142.748485600030989, 43.4934508899468 ], [ 142.748456450305014, 43.493330069627198 ], [ 142.748431729740986, 43.4932925696965 ], [ 142.748384800417995, 43.493244240129698 ], [ 142.748349529906989, 43.493188129628699 ], [ 142.748323150093, 43.493120640005699 ], [ 142.748297889935998, 43.493015649552802 ], [ 142.748278169602003, 43.4929753698177 ], [ 142.748193740348995, 43.492877320332198 ], [ 142.74816124964201, 43.492825940265099 ], [ 142.74814598005301, 43.492773999920303 ], [ 142.748132379606005, 43.492693999828397 ], [ 142.748122389937009, 43.492653450296601 ], [ 142.748097670270994, 43.492606789871601 ], [ 142.748041569663002, 43.492522630415202 ], [ 142.748020469768989, 43.492460689609302 ], [ 142.748017420167997, 43.492414020191099 ], [ 142.748023540054987, 43.492367080076903 ], [ 142.748039930199013, 43.492331250187199 ], [ 142.74806298971501, 43.4923032003326 ], [ 142.748101319720007, 43.492272930051897 ], [ 142.748137149609988, 43.4922540397923 ], [ 142.748187429805995, 43.492235990398797 ], [ 142.748284919913004, 43.492213219564597 ], [ 142.748406580199998, 43.492194049615897 ], [ 142.748575730086003, 43.492164889997902 ], [ 142.748682389680994, 43.492155180017697 ], [ 142.748786819856008, 43.492160180248298 ], [ 142.748910699669011, 43.492174629655601 ], [ 142.749070410271003, 43.492176020007498 ], [ 142.749152899687004, 43.492187689610397 ], [ 142.749209559674, 43.492202409713599 ], [ 142.749415089834997, 43.492276580400002 ], [ 142.74947591008501, 43.492319350357903 ], [ 142.749574500063005, 43.492403509814302 ], [ 142.749605610310994, 43.492420179647802 ], [ 142.749653379600005, 43.492434899750997 ], [ 142.749741149833994, 43.4924776796014 ], [ 142.74980751980101, 43.492529619946197 ], [ 142.749866959592993, 43.492572680385102 ], [ 142.749912229665995, 43.492594059967999 ], [ 142.749960839821, 43.492599339887803 ], [ 142.750029440106999, 43.4925996195769 ], [ 142.750076380221003, 43.492604900396003 ], [ 142.750122760056996, 43.492613509606002 ], [ 142.750221090130992, 43.492640179900498 ], [ 142.750286909712997, 43.492653790240396 ], [ 142.750329130185008, 43.4926540699295 ], [ 142.750363569722992, 43.492647959935603 ], [ 142.750410509836996, 43.492641299556503 ], [ 142.750491340003009, 43.492641580144898 ], [ 142.750570779817991, 43.4926457503013 ], [ 142.750678259593997, 43.492659640330302 ], [ 142.750713819687007, 43.492659359741801 ], [ 142.750757419719008, 43.492653810025502 ], [ 142.750786869818, 43.492645199916197 ], [ 142.75086909033601, 43.492611309864202 ], [ 142.750947690184006, 43.492584930050697 ], [ 142.751056849894013, 43.492566320379503 ], [ 142.751113230192004, 43.492561599838197 ], [ 142.75116239972499, 43.492553550006498 ], [ 142.751210169914003, 43.492536880172999 ], [ 142.751253779838009, 43.492514669616497 ], [ 142.751306829946003, 43.4925013398651 ], [ 142.751374330360989, 43.492493559830102 ], [ 142.751470430116001, 43.4924882898029 ], [ 142.751535700212997, 43.492484400235099 ], [ 142.751614589642003, 43.492467180016497 ], [ 142.751663199797008, 43.492450240386503 ], [ 142.751722639587996, 43.492419690416597 ], [ 142.751749219950995, 43.492400630185102 ], [ 142.751790690387992, 43.4923877500947 ], [ 142.751823190088004, 43.492382470175002 ], [ 142.751884290027988, 43.492381640100803 ], [ 142.752012339998004, 43.492396090407397 ], [ 142.752105939638, 43.492403589854 ], [ 142.752129550439008, 43.492401089738699 ], [ 142.752157600293003, 43.492384150108599 ], [ 142.752160100407991, 43.4923738699583 ], [ 142.752135940122002, 43.492350260056597 ], [ 142.752095389690993, 43.492322210201998 ], [ 142.752035680103006, 43.492289990191097 ], [ 142.751971800358007, 43.492257770180103 ], [ 142.751934019839013, 43.492241100346703 ], [ 142.751889030354988, 43.492233879689998 ], [ 142.751749880053012, 43.492224979999001 ], [ 142.751604060379009, 43.492231369682102 ], [ 142.751430740337014, 43.492264970152398 ], [ 142.751352129697011, 43.492262470037097 ], [ 142.751260479786993, 43.492241360250702 ], [ 142.751197150427998, 43.492239969898797 ], [ 142.75113853981199, 43.492244960236903 ], [ 142.75104271974601, 43.4922516296092 ], [ 142.750964110006009, 43.492244399959198 ], [ 142.750924119851987, 43.492233289734699 ], [ 142.75087746032699, 43.492215789827 ], [ 142.750831350287001, 43.492188849735797 ], [ 142.750776640030011, 43.492149409967503 ], [ 142.750722759848003, 43.492094410129098 ], [ 142.750682490005005, 43.4920407997433 ], [ 142.750634729708992, 43.4919635902477 ], [ 142.75060085044899, 43.491928030154597 ], [ 142.750516690093008, 43.491862760058503 ], [ 142.750481700171008, 43.4918263698912 ], [ 142.750440879943, 43.491768600141 ], [ 142.750419219771004, 43.4917235998644 ], [ 142.750401729755993, 43.491658050079103 ], [ 142.750379510205988, 43.491620550148397 ], [ 142.750347020399005, 43.491590830252797 ], [ 142.750226479768003, 43.4915125002019 ], [ 142.750185100162014, 43.491473340122702 ], [ 142.750153989914992, 43.491434170151003 ], [ 142.750130389905991, 43.4913911196047 ], [ 142.750115950391006, 43.491346120227398 ], [ 142.750105959822008, 43.491231689590997 ], [ 142.750083750165004, 43.491198080127397 ], [ 142.750070690210009, 43.491191409855801 ], [ 142.749977929637993, 43.491191130166698 ], [ 142.749870439968987, 43.491167520265002 ], [ 142.749772109894991, 43.491171679629502 ], [ 142.749718510300994, 43.491162789831002 ], [ 142.749680180295996, 43.491141680044699 ], [ 142.749621579571993, 43.491092239815202 ], [ 142.749509659843, 43.490957530365897 ], [ 142.749498000133002, 43.490919200360999 ], [ 142.749502729667, 43.490878089652298 ], [ 142.749528009610003, 43.490813649630397 ], [ 142.749529399962, 43.490786710438499 ], [ 142.74952051016399, 43.490776709977403 ], [ 142.749509130142002, 43.4907731000986 ], [ 142.749477740206004, 43.490770879672503 ], [ 142.74936108015001, 43.490773369895301 ], [ 142.749318869570004, 43.490762540259198 ], [ 142.749245269953008, 43.490733650437797 ], [ 142.749148340124009, 43.490685319971703 ], [ 142.749117229875992, 43.490678930288603 ], [ 142.749063900078994, 43.490687820086997 ], [ 142.749021960194995, 43.4906994797973 ], [ 142.748961960126991, 43.490720589583702 ], [ 142.74891168982299, 43.490733920234398 ], [ 142.74886974993899, 43.490736420349698 ], [ 142.748818920257008, 43.490730859841399 ], [ 142.748768649953007, 43.490716139738197 ], [ 142.748728380111004, 43.490687249916803 ], [ 142.748708940365987, 43.490661969974099 ], [ 142.748685329565006, 43.490605030298099 ], [ 142.748674509821001, 43.490548650000399 ], [ 142.748673679746986, 43.490455050360403 ], [ 142.748663129800008, 43.4904258799506 ], [ 142.748623979613001, 43.490357550360798 ], [ 142.748611489828988, 43.490271450167498 ], [ 142.748594829887992, 43.490236169763598 ], [ 142.748578990129005, 43.490226729580101 ], [ 142.748555110430004, 43.490225060438398 ], [ 142.748513169646998, 43.490233669648298 ], [ 142.748463730317013, 43.490247000299 ], [ 142.748432889865995, 43.490259499976098 ], [ 142.748381230109999, 43.4902800503842 ], [ 142.748307900290001, 43.490296990014301 ], [ 142.748250129640013, 43.490303930082497 ], [ 142.748155969722006, 43.490300599892898 ], [ 142.74810430996601, 43.490288649701597 ], [ 142.748021819651001, 43.490260869643599 ], [ 142.74793516997201, 43.490224760064798 ], [ 142.747879900337011, 43.490221429875199 ], [ 142.747831290182006, 43.490231700133002 ], [ 142.747754069894995, 43.490246420236197 ], [ 142.747718800282996, 43.490261699717799 ], [ 142.747649629827009, 43.490278079969599 ], [ 142.747581310129988, 43.490279470321497 ], [ 142.747507980308995, 43.490271409698003 ], [ 142.747354389593994, 43.490235579808299 ], [ 142.747243569734991, 43.490233069800503 ], [ 142.747153849770001, 43.490227520084098 ], [ 142.747097470372012, 43.490211680324897 ], [ 142.747034700390998, 43.490184740233801 ], [ 142.746989989696004, 43.490161130332098 ], [ 142.746939160013994, 43.490126410205797 ], [ 142.746908610043988, 43.490100849674697 ], [ 142.746884170068995, 43.490089459761002 ], [ 142.746854729862008, 43.490085019807999 ], [ 142.746839179684997, 43.490087789719901 ], [ 142.746795290070992, 43.490119460245097 ], [ 142.746740849611001, 43.4901608398511 ], [ 142.746646679800989, 43.490201109693601 ], [ 142.746583630130999, 43.490220830027503 ], [ 142.746521690224, 43.490230549900097 ], [ 142.746444479828995, 43.490233050015398 ], [ 142.746354210378996, 43.490228879859103 ], [ 142.746250329688991, 43.490219990060702 ], [ 142.74618061964, 43.490218599708797 ], [ 142.746107840205013, 43.490233040122902 ], [ 142.746052010292004, 43.490246639670801 ], [ 142.745958960138012, 43.490251639901402 ], [ 142.745861470031002, 43.490256079854397 ], [ 142.74577563963399, 43.490277470229202 ], [ 142.745708419808011, 43.490312739841201 ], [ 142.745644530171006, 43.490357449636697 ], [ 142.745590089710987, 43.490395230155897 ], [ 142.745535640257998, 43.4904196701318 ], [ 142.745500369745997, 43.490430780356398 ], [ 142.745282599811986, 43.490467710116903 ], [ 142.745181220136999, 43.490478820341501 ], [ 142.745109560358003, 43.4904988095726 ], [ 142.745047339862992, 43.4905279700899 ], [ 142.744878449881014, 43.490662680438497 ], [ 142.744754279586004, 43.490755170314998 ], [ 142.744637890227011, 43.490825160053198 ], [ 142.744551780140995, 43.4908609800503 ], [ 142.744483730240006, 43.490878200268902 ], [ 142.744360130116007, 43.490897640014197 ], [ 142.744303460237006, 43.490900689615302 ], [ 142.744222360273994, 43.490888750215802 ], [ 142.744112650179005, 43.490861249846901 ], [ 142.743900730335014, 43.490776799909597 ], [ 142.743823240251004, 43.490751799656003 ], [ 142.743632149603997, 43.490713189961902 ], [ 142.743528830092004, 43.4906818000252 ], [ 142.743457719797988, 43.490648179769799 ], [ 142.743369960356006, 43.490593189823997 ], [ 142.743324690282009, 43.490552630399698 ], [ 142.743304139873999, 43.49052540972 ], [ 142.743243590319992, 43.490457910204597 ], [ 142.743203600165998, 43.490425139808501 ], [ 142.743096120389993, 43.490364860050398 ], [ 142.742959189614993, 43.490307080407597 ], [ 142.742902249938993, 43.490268200017603 ], [ 142.742761999766998, 43.490144869690099 ], [ 142.742690060298003, 43.490108760111397 ], [ 142.742621460012998, 43.490089590162597 ], [ 142.742506469998006, 43.490069029861999 ], [ 142.742377109715989, 43.490046410113898 ], [ 142.742275659894005, 43.490020140017599 ], [ 142.742192610200988, 43.489985419891397 ], [ 142.742097899897999, 43.489939860236497 ], [ 142.741997360189998, 43.489873469585099 ], [ 142.741948199650011, 43.4898454197305 ], [ 142.741833220426997, 43.489795420122697 ], [ 142.741781280081995, 43.489761809759898 ], [ 142.741725729859013, 43.489706530232397 ], [ 142.741692960362002, 43.489660979570701 ], [ 142.74167851994801, 43.489624319606797 ], [ 142.74165271030401, 43.489447389685402 ], [ 142.741634660012011, 43.489423500094603 ], [ 142.741502730366989, 43.489375720013598 ], [ 142.741421349815994, 43.489337669697903 ], [ 142.741388860007987, 43.4893115596809 ], [ 142.741317210120997, 43.489187949664299 ], [ 142.741281939609991, 43.489150730322102 ], [ 142.741121130035992, 43.489018240399602 ], [ 142.741105849655014, 43.489011570128 ], [ 142.741079750430004, 43.489009070012699 ], [ 142.740884479735001, 43.489061280154097 ], [ 142.740812810063005, 43.4890721097902 ], [ 142.740717269686002, 43.489078500372699 ], [ 142.740595050021994, 43.489075160290597 ], [ 142.74045783955799, 43.4890540397124 ], [ 142.740328689716989, 43.4890209896271 ], [ 142.740239530031005, 43.489000430225801 ], [ 142.740179539854012, 43.488988210237899 ], [ 142.740108710149002, 43.4889859799192 ], [ 142.740038990207012, 43.488992650190802 ], [ 142.739986770173005, 43.489007640090698 ], [ 142.73993094026099, 43.489017359963398 ], [ 142.739847609978995, 43.489025409794998 ], [ 142.739744570156006, 43.489025970072603 ], [ 142.739565409915997, 43.489016519996497 ], [ 142.739440420339008, 43.489003729838402 ], [ 142.739342100158012, 43.4889817899778 ], [ 142.739301270037998, 43.488970679753201 ], [ 142.739160170005988, 43.488928169699399 ], [ 142.739073800016001, 43.488896509966096 ], [ 142.739042689769008, 43.488881789862901 ], [ 142.738984359741011, 43.488841510127799 ], [ 142.738891039789991, 43.488778459558397 ], [ 142.738761889948989, 43.488705680123203 ], [ 142.738626079730011, 43.488607910326898 ], [ 142.738501930120009, 43.488502349703801 ], [ 142.738428340396013, 43.488416530099002 ], [ 142.738335300133997, 43.488308480152398 ], [ 142.738291420412992, 43.488260149686297 ], [ 142.73817755005399, 43.488104600247297 ], [ 142.738130900420998, 43.488017660087102 ], [ 142.738078680386991, 43.487969880006098 ], [ 142.737980919584004, 43.487876560055398 ], [ 142.737891220303993, 43.487753510316402 ], [ 142.737858180111004, 43.487649629626802 ], [ 142.737763190119011, 43.487592959747502 ], [ 142.73772459031801, 43.487548800337002 ], [ 142.737680430007998, 43.487475189928297 ], [ 142.737664059649006, 43.487304930278498 ], [ 142.737635460308013, 43.487211319846701 ], [ 142.737663250259004, 43.487054110259102 ], [ 142.737674089787987, 43.486971899633602 ], [ 142.737675759828988, 43.486918290147102 ], [ 142.737773829997991, 43.486770250047201 ], [ 142.737859379806991, 43.486671650176703 ], [ 142.737886610379007, 43.486592769740703 ], [ 142.73784162988801, 43.486475560199104 ], [ 142.737865249681988, 43.4863891803166 ], [ 142.737961100325009, 43.486106150178799 ], [ 142.738130269995992, 43.485925890068003 ], [ 142.738170000245987, 43.485850900099102 ], [ 142.738153059716012, 43.4857806297724 ], [ 142.738207519961009, 43.485664809683399 ], [ 142.738226410220989, 43.485568149650497 ], [ 142.73811780988899, 43.485543429985498 ], [ 142.738007259826986, 43.485545639619701 ], [ 142.737841160441008, 43.485549799883501 ], [ 142.737714230128006, 43.4855200799879 ], [ 142.737543140404, 43.485463689797598 ], [ 142.737490360092011, 43.485473960055401 ], [ 142.737258989710995, 43.485510899708402 ], [ 142.737095109851992, 43.485511729782701 ], [ 142.736965950118986, 43.485490610103703 ], [ 142.736693479819991, 43.485432829561603 ], [ 142.736527380434012, 43.485423660073998 ], [ 142.736187399828992, 43.485432530087301 ], [ 142.736025750288007, 43.485399749798802 ], [ 142.735889649587989, 43.485393639804798 ], [ 142.735795479778005, 43.485444189797697 ], [ 142.735696870015005, 43.485486680066401 ], [ 142.735546880185012, 43.4854922297827 ], [ 142.735356349815987, 43.485448609965502 ], [ 142.735266629850997, 43.485445560364496 ], [ 142.735144140389991, 43.485431110057803 ], [ 142.735028320301012, 43.4853611104271 ], [ 142.734854729561988, 43.485266390231899 ], [ 142.734620309580009, 43.485190830092897 ], [ 142.734467549838001, 43.485136109943703 ], [ 142.734250629763011, 43.4849536204134 ], [ 142.734129820235012, 43.484831399849398 ], [ 142.733926520392998, 43.484660579922 ], [ 142.733815140257008, 43.484573639761798 ], [ 142.733709329622002, 43.484427529606997 ], [ 142.733632669612007, 43.484362260410101 ], [ 142.733509910354002, 43.4842889296905 ], [ 142.733466590011005, 43.4842128200658 ], [ 142.733421599627007, 43.484063670202403 ], [ 142.733392440008998, 43.484007840289799 ], [ 142.733329670028013, 43.483949229673399 ], [ 142.733204679553012, 43.483891170341401 ], [ 142.733070800176989, 43.483864779735903 ], [ 142.732886660390989, 43.4837642301353 ], [ 142.732719730031988, 43.483632289698598 ], [ 142.732536979698011, 43.483407300007102 ], [ 142.732400330410997, 43.483334249875902 ], [ 142.732211460190996, 43.483203420101901 ], [ 142.732146190094994, 43.483114809900698 ], [ 142.732075659863995, 43.482937319701698 ], [ 142.732011229735008, 43.482830939796202 ], [ 142.731881519616991, 43.482725669654101 ], [ 142.731767650156996, 43.482615669977299 ], [ 142.731722940362005, 43.482498460435799 ], [ 142.731691000040001, 43.482403740240599 ], [ 142.731697119925997, 43.482321529615099 ], [ 142.731679639804014, 43.482142099578397 ], [ 142.731631589925996, 43.482040719903502 ], [ 142.731524120041996, 43.481843229681502 ], [ 142.731508290176009, 43.481731850444703 ], [ 142.731456910107994, 43.481649909615797 ], [ 142.731461650434994, 43.481524920039199 ], [ 142.731460549665002, 43.481380489817901 ], [ 142.731416130349999, 43.481158559619999 ], [ 142.731447799975996, 43.481076070204701 ], [ 142.731544190211991, 43.4810405200042 ], [ 142.731560020079002, 43.480996919972 ], [ 142.731380590041994, 43.4809113602713 ], [ 142.731315880224003, 43.480864699846201 ], [ 142.731213940271005, 43.480816360386903 ], [ 142.731165060319, 43.480746090060201 ], [ 142.731178120273995, 43.480673870003301 ], [ 142.731301740183, 43.480566109638403 ], [ 142.731458959663001, 43.480465569930303 ], [ 142.731617850084007, 43.4804564103353 ], [ 142.731742290174992, 43.480430859696597 ], [ 142.731812299697992, 43.480259490283402 ], [ 142.731761759597987, 43.480131440313897 ], [ 142.731717600187011, 43.480071170448298 ], [ 142.731569829883995, 43.480056720141697 ], [ 142.731292899848, 43.480022539608697 ], [ 142.73097737001001, 43.479900599633098 ], [ 142.73082905022099, 43.479812270020403 ], [ 142.730709059974998, 43.479780880083702 ], [ 142.730575450396998, 43.479800040139899 ], [ 142.730429899619992, 43.479773650433799 ], [ 142.730347410205013, 43.479686149995999 ], [ 142.730316319742997, 43.479538660281101 ], [ 142.730245220240988, 43.479422279914402 ], [ 142.730186620415992, 43.479300070142301 ], [ 142.730057199880008, 43.479128689937298 ], [ 142.72998194011501, 43.478942870217502 ], [ 142.729940559608991, 43.478811210369201 ], [ 142.729932239980997, 43.478636779663802 ], [ 142.72986780985201, 43.478514009614003 ], [ 142.72983920961201, 43.478396520383299 ], [ 142.729828950145986, 43.4782373700588 ], [ 142.72978701026301, 43.478193760134097 ], [ 142.729625629618994, 43.478185970206503 ], [ 142.729455360076997, 43.4782120802235 ], [ 142.729292019810998, 43.4782595698235 ], [ 142.729186190290989, 43.478293729671996 ], [ 142.728917589774994, 43.478298989806703 ], [ 142.728788709730992, 43.4783012102328 ], [ 142.728532330103008, 43.478255369989498 ], [ 142.728398180032002, 43.478205650070798 ], [ 142.728157370366006, 43.478040379859799 ], [ 142.728053770265007, 43.4779209399995 ], [ 142.72771493, 43.477465410000796 ], [ 142.727661340298994, 43.4772834798489 ], [ 142.727513880261995, 43.4768404504266 ], [ 142.727346400415996, 43.476636569622102 ], [ 142.72722863959001, 43.476451579976597 ], [ 142.727201710291013, 43.476290759611103 ], [ 142.727201999872989, 43.476153829735601 ], [ 142.727146449649013, 43.4761224397989 ], [ 142.726991740176999, 43.476089379821197 ], [ 142.726852859671993, 43.476011330358801 ], [ 142.726736210408006, 43.4758521701417 ], [ 142.726674280394008, 43.475754400345501 ], [ 142.726565670170004, 43.475713009947597 ], [ 142.726455120108, 43.475696619803301 ], [ 142.726378460098005, 43.475636619734402 ], [ 142.726269580077002, 43.475568290144601 ], [ 142.726200420412994, 43.475548290121701 ], [ 142.726009880151992, 43.475512999825199 ], [ 142.725674350291001, 43.475346619850797 ], [ 142.725336879693003, 43.475104120358999 ], [ 142.725149120135995, 43.474943850378601 ], [ 142.724983580127997, 43.474838019958803 ], [ 142.724867480350014, 43.474768020328 ], [ 142.724671109783998, 43.4745280299448 ], [ 142.724724460266003, 43.474299719956299 ], [ 142.724696139715007, 43.474194170125003 ], [ 142.724646140107012, 43.474156670194397 ], [ 142.724487259580002, 43.474170830019901 ], [ 142.724367819718992, 43.474218319619901 ], [ 142.724176979984009, 43.474294420251503 ], [ 142.724018100355011, 43.474296920366697 ], [ 142.723881440275989, 43.474245530407103 ], [ 142.723685340406007, 43.474222739787798 ], [ 142.723611179611993, 43.474152750049498 ], [ 142.723539810314008, 43.473999420137297 ], [ 142.723455659850998, 43.473858869591297 ], [ 142.723267619705013, 43.473691940131097 ], [ 142.723205130313005, 43.473651940085098 ], [ 142.723112910232999, 43.473652209881699 ], [ 142.723037070405013, 43.4736610996802 ], [ 142.722991519743005, 43.473733309844498 ], [ 142.722868739800987, 43.4738235801942 ], [ 142.72285123, 43.473924119902399 ], [ 142.722770950219001, 43.473996619648503 ], [ 142.722674280294001, 43.473997170033599 ], [ 142.722489850026989, 43.473991050146999 ], [ 142.722328460390003, 43.473991880221298 ], [ 142.722249579953996, 43.473914939622901 ], [ 142.722286550184009, 43.473654680319399 ], [ 142.722207120262993, 43.473494129750499 ], [ 142.722158230417989, 43.473460799976102 ], [ 142.722112669864003, 43.473541349553798 ], [ 142.72193989031399, 43.473689109964603 ], [ 142.721846000193011, 43.473747990377603 ], [ 142.721834880075988, 43.473820210434603 ], [ 142.721614879822994, 43.4739671299793 ], [ 142.721520440216011, 43.473967399775901 ], [ 142.721183230422014, 43.473898509908501 ], [ 142.720982970287992, 43.473806289828602 ], [ 142.72084381998701, 43.473679069933297 ], [ 142.720705220069988, 43.473614350222199 ], [ 142.72049995970599, 43.473476850176702 ], [ 142.720367199985986, 43.473281029995697 ], [ 142.720035559693997, 43.4731743497167 ], [ 142.719875299606002, 43.473012139898501 ], [ 142.719750319922014, 43.472802149999403 ], [ 142.719740049664011, 43.472681329679801 ], [ 142.719709780281988, 43.472639659592801 ], [ 142.719478120318996, 43.4726246499079 ], [ 142.718920650368005, 43.472537139577497 ], [ 142.718442620231002, 43.472404909559103 ], [ 142.718145420375009, 43.4722660200609 ], [ 142.717817399853004, 43.472018520338601 ], [ 142.717599370014995, 43.4717099296697 ], [ 142.717520229674989, 43.471467719759602 ], [ 142.717543860261003, 43.471099420402098 ], [ 142.717564729928995, 43.470630569645301 ], [ 142.717621139903997, 43.470327540383799 ], [ 142.717606150004002, 43.470198379751601 ], [ 142.717635049718012, 43.470037289589399 ], [ 142.717732299706, 43.469663710312098 ], [ 142.71764453037099, 43.469497049749201 ], [ 142.717615379746007, 43.469312620381302 ], [ 142.717620960039, 43.468954590382197 ], [ 142.717667369553993, 43.468714340094898 ], [ 142.717641819813991, 43.468651560221502 ], [ 142.717599879930987, 43.468624059852601 ], [ 142.717528769636999, 43.468672939804499 ], [ 142.717403209889994, 43.468802649922502 ], [ 142.717204869808995, 43.4689520803744 ], [ 142.71705764989099, 43.469004570204902 ], [ 142.716940429557013, 43.469033729823003 ], [ 142.716885429719014, 43.4690809397338 ], [ 142.716804589660001, 43.469201209668299 ], [ 142.716722090351993, 43.469263420270799 ], [ 142.716595699631995, 43.469299250160397 ], [ 142.716547370065001, 43.469332849731401 ], [ 142.716310690086004, 43.469583099580603 ], [ 142.715872890221988, 43.470030270380803 ], [ 142.715557890084995, 43.470283850419499 ], [ 142.715480380216007, 43.470386620446298 ], [ 142.715281770338009, 43.470517430435201 ], [ 142.715236209783001, 43.470557710170297 ], [ 142.715153990164993, 43.470662140345702 ], [ 142.714975099720988, 43.470783789840198 ], [ 142.714925930188002, 43.470816560236202 ], [ 142.714804529805008, 43.470949599644499 ], [ 142.714738419742986, 43.4710101500985 ], [ 142.71452898022801, 43.4710512500154 ], [ 142.714275380405013, 43.471054019927202 ], [ 142.714162330227992, 43.471020959949499 ], [ 142.714078730148998, 43.4709609598806 ], [ 142.713965400283001, 43.470909290231702 ], [ 142.713785140172007, 43.470854849771698 ], [ 142.713620979724993, 43.470788180330402 ], [ 142.713542649673997, 43.470773450334597 ], [ 142.713510700358995, 43.4708339998894 ], [ 142.713374859562009, 43.4709864898348 ], [ 142.713338199598013, 43.471028429718402 ], [ 142.713311249615003, 43.471122579743501 ], [ 142.71319819044399, 43.471232850116102 ], [ 142.713120409878996, 43.471308670159097 ], [ 142.712973189960991, 43.471354499610598 ], [ 142.712937629868009, 43.471397269568499 ], [ 142.712899289970011, 43.471515040287002 ], [ 142.712883999696999, 43.471603920284799 ], [ 142.712747610314011, 43.471707520385898 ], [ 142.712713449565996, 43.471753070148203 ], [ 142.712665659593, 43.471838889753101 ], [ 142.712518720263006, 43.471913320343603 ], [ 142.712437329819011, 43.471971369782999 ], [ 142.712423990175012, 43.4720285900476 ], [ 142.712382880365993, 43.472090799750802 ], [ 142.712279550060998, 43.4721346902639 ], [ 142.712233709818008, 43.472185240256799 ], [ 142.712125929667991, 43.472249389797703 ], [ 142.71199038025199, 43.472303830257701 ], [ 142.711887880022005, 43.472328540030297 ], [ 142.711748160448991, 43.472421309595902 ], [ 142.711612600241011, 43.472494080037897 ], [ 142.711490660266008, 43.472509630215399 ], [ 142.71136899008701, 43.472585450258499 ], [ 142.711213990134013, 43.472647380272598 ], [ 142.711055109606008, 43.472652929988897 ], [ 142.710866230392014, 43.472699030136297 ], [ 142.710732619915007, 43.472694580290799 ], [ 142.710621790163998, 43.472664860395199 ], [ 142.710482909658992, 43.472611800394397 ], [ 142.710402360080991, 43.472612070191097 ], [ 142.710227369997, 43.472646230039601 ], [ 142.710050149594991, 43.4726806695774 ], [ 142.709970979577008, 43.472723720123703 ], [ 142.70980570037301, 43.472818149837899 ], [ 142.709550710196993, 43.472904800416401 ], [ 142.709312940240011, 43.472880620344498 ], [ 142.708954349963989, 43.472856169576701 ], [ 142.708885460096013, 43.472881439626903 ], [ 142.708712690438006, 43.472888930080202 ], [ 142.708537419766003, 43.472886150275798 ], [ 142.708426590014994, 43.472863370448401 ], [ 142.708347709578987, 43.472794760270098 ], [ 142.70830326958, 43.472689210438901 ], [ 142.708213000130002, 43.472657819602901 ], [ 142.708131619579007, 43.472577549714302 ], [ 142.70800719028, 43.472404500367603 ], [ 142.707923859998004, 43.472376169924502 ], [ 142.707851919630997, 43.472300890374001 ], [ 142.707729709858, 43.472293110338903 ], [ 142.707635540047988, 43.472337269749303 ], [ 142.707506650112009, 43.472372819949797 ], [ 142.70736859968099, 43.472390309965 ], [ 142.707246389908988, 43.472387249572101 ], [ 142.706906109828992, 43.472486120138498 ], [ 142.706751400357007, 43.472466399804702 ], [ 142.70664363009999, 43.472414179770702 ], [ 142.706509470136012, 43.4723105697772 ], [ 142.706375040376003, 43.472249180255602 ], [ 142.706204209656988, 43.472199460337002 ], [ 142.70603811027101, 43.472188340219901 ], [ 142.705828950446005, 43.472244439929099 ], [ 142.705564199928006, 43.4727579995822 ], [ 142.705098920378987, 43.472968799770499 ], [ 142.705010310178011, 43.473113229991696 ], [ 142.704281719926001, 43.4730893197165 ], [ 142.703958689741995, 43.472883490081202 ], [ 142.703375390361998, 43.472705710300403 ], [ 142.702772379641999, 43.472385160446898 ], [ 142.702649069999012, 43.472076010399697 ], [ 142.70226159979299, 43.471872129595297 ], [ 142.701903020308009, 43.471540480309102 ], [ 142.701495839660993, 43.471190769938197 ], [ 142.701045839594002, 43.4714374000162 ], [ 142.700411730317001, 43.470944090397602 ], [ 142.698881770377994, 43.4711590202728 ], [ 142.697650659650009, 43.471732540424597 ], [ 142.696905090197987, 43.472350249664402 ], [ 142.696397059577009, 43.472351620231301 ], [ 142.696271230033005, 43.472352720102101 ], [ 142.696364020282999, 43.471975809736001 ], [ 142.696568750047987, 43.471756119749301 ], [ 142.696935429727006, 43.471329500256402 ], [ 142.696556289940986, 43.471153109928302 ], [ 142.696627410127007, 43.470950630267602 ], [ 142.697422679712986, 43.470682619707297 ], [ 142.697497130089005, 43.470620960389198 ], [ 142.697986030331009, 43.4701587897965 ], [ 142.698536599784006, 43.469657460023903 ], [ 142.698855500281013, 43.4692947202753 ], [ 142.698813010012998, 43.469158900163301 ], [ 142.698775240284988, 43.469038630228802 ], [ 142.698768579905988, 43.469000300223897 ], [ 142.698768030420013, 43.468916139868099 ], [ 142.698754699770006, 43.468878089552298 ], [ 142.698734140368998, 43.468848369656698 ], [ 142.698714699724007, 43.468823649991599 ], [ 142.698699420242008, 43.468797260285498 ], [ 142.69868858970699, 43.468771429957698 ], [ 142.698671650076989, 43.468757260239599 ], [ 142.698651099669007, 43.468751980319801 ], [ 142.698599150331006, 43.468748089852603 ], [ 142.698525819611007, 43.468745030359003 ], [ 142.698408610069009, 43.468723919673302 ], [ 142.69833361020801, 43.468713090037198 ], [ 142.698255829642989, 43.468696420203798 ], [ 142.698220280342014, 43.4686805903372 ], [ 142.698162509691997, 43.468654470427602 ], [ 142.698110840043, 43.468622809795001 ], [ 142.69806113001701, 43.468586419627698 ], [ 142.698009460368013, 43.468541420250503 ], [ 142.697967249789002, 43.468490040183397 ], [ 142.697921700026995, 43.468436150108403 ], [ 142.697881699980996, 43.468410040091399 ], [ 142.69775254024799, 43.468365600092497 ], [ 142.697695599671988, 43.468337820034499 ], [ 142.697669770244005, 43.468320040437703 ], [ 142.69762699039299, 43.468271430282499 ], [ 142.697600890269001, 43.468215329673903 ], [ 142.69756644983201, 43.468084220210798 ], [ 142.697550619965, 43.468054229619199 ], [ 142.697532569672006, 43.468041999738702 ], [ 142.697326189651989, 43.467999780165897 ], [ 142.697268970287013, 43.467980329628702 ], [ 142.697222860246995, 43.467945610401799 ], [ 142.697192859762993, 43.467904499693098 ], [ 142.697179809700998, 43.4678492300581 ], [ 142.697199539926999, 43.467739519963096 ], [ 142.697200649689989, 43.4677142400203 ], [ 142.697154830131012, 43.4676048096144 ], [ 142.697143170420986, 43.467454540095098 ], [ 142.697111790376994, 43.467392039910898 ], [ 142.697103729753991, 43.467330939971099 ], [ 142.697125960095008, 43.4672081699213 ], [ 142.697120690068004, 43.467162059881304 ], [ 142.69709985997099, 43.467136789831201 ], [ 142.696975699569009, 43.467058729576898 ], [ 142.696891540113, 43.466997070258699 ], [ 142.696817659906998, 43.466933460311097 ], [ 142.696789049774992, 43.466903740415397 ], [ 142.69676433011, 43.466864299747797 ], [ 142.696734059828998, 43.466791249616598 ], [ 142.696710729616996, 43.466767920303397 ], [ 142.696614069584001, 43.466732919588701 ], [ 142.696546849757993, 43.466693749617001 ], [ 142.696498239601993, 43.466655969997198 ], [ 142.696471580099995, 43.466617919681397 ], [ 142.696432420019988, 43.466547929943196 ], [ 142.696388249818, 43.466505710370399 ], [ 142.696375199756005, 43.466487929874198 ], [ 142.696368810073011, 43.466469320203103 ], [ 142.696370759802988, 43.4664495998693 ], [ 142.696402700124992, 43.466382940320599 ], [ 142.696406589692998, 43.466356549715201 ], [ 142.696392150178013, 43.466314330142403 ], [ 142.696369929729002, 43.466296830234697 ], [ 142.696302709902, 43.466267110339103 ], [ 142.696242160347992, 43.466231560138603 ], [ 142.696200500152997, 43.4661985001608 ], [ 142.696174390136008, 43.466154060161898 ], [ 142.696153839727998, 43.466108790088803 ], [ 142.696143840166002, 43.466088790065797 ], [ 142.696134120294005, 43.466077679841199 ], [ 142.696105229572993, 43.466062959737897 ], [ 142.696055790243008, 43.466049340404901 ], [ 142.695993299950999, 43.466021289650897 ], [ 142.695950240411008, 43.4659832402345 ], [ 142.69592441008399, 43.465949069593997 ], [ 142.695906920069007, 43.465917960245903 ], [ 142.695893860114012, 43.465879079855803 ], [ 142.695878589625011, 43.465824080017498 ], [ 142.695864150110992, 43.465805470346403 ], [ 142.695835809774991, 43.4657896395804 ], [ 142.695670820152003, 43.465777969977502 ], [ 142.695612769814005, 43.465766019786102 ], [ 142.695550829907006, 43.465741020431899 ], [ 142.695424170288987, 43.465657969839597 ], [ 142.695267789876993, 43.465590199628203 ], [ 142.695209740437008, 43.465553810360198 ], [ 142.695063079897011, 43.465419369808203 ], [ 142.695028369663987, 43.465393259791298 ], [ 142.694915869872005, 43.465337429878701 ], [ 142.694874490265988, 43.465307430293798 ], [ 142.694843100328995, 43.465269379978103 ], [ 142.69482755015099, 43.465236329892903 ], [ 142.694823379995, 43.465194390009202 ], [ 142.694831999997007, 43.465157720152803 ], [ 142.69486394031901, 43.465104949733799 ], [ 142.694992840147989, 43.4649610797902 ], [ 142.695015889772009, 43.464927189738198 ], [ 142.695027009889003, 43.464889689807499 ], [ 142.695024509772992, 43.464872189899801 ], [ 142.695020059927998, 43.464862200230499 ], [ 142.695006179791989, 43.464854969681298 ], [ 142.694979229808013, 43.464856639722299 ], [ 142.694916729623998, 43.464882190361003 ], [ 142.694825069821007, 43.464920520365901 ], [ 142.694742850202999, 43.464933020042999 ], [ 142.694697849926001, 43.464933020042999 ], [ 142.694624240416005, 43.464919399810597 ], [ 142.694418970160001, 43.464833019928101 ], [ 142.694393139831988, 43.464816350094601 ], [ 142.694349529906987, 43.464779959927398 ], [ 142.694325650209009, 43.464738580321402 ], [ 142.694317600376991, 43.464713300378698 ], [ 142.694322599707988, 43.464671919873403 ], [ 142.694337880088995, 43.464637199747102 ], [ 142.694419550221994, 43.464540260025203 ], [ 142.694442330050009, 43.464502769987 ], [ 142.694447330280013, 43.4644755502067 ], [ 142.694436770441001, 43.464450270263903 ], [ 142.694407049646003, 43.464425000213701 ], [ 142.694262339734991, 43.464381660085699 ], [ 142.694208169971006, 43.464360269710802 ], [ 142.694132070238993, 43.464317499753001 ], [ 142.694067349628995, 43.4642716703015 ], [ 142.694046520430987, 43.464245560284603 ], [ 142.694034580132012, 43.464212779995997 ], [ 142.694037920213987, 43.464137790027202 ], [ 142.694074310381012, 43.463990300312297 ], [ 142.694065700272006, 43.463933920014497 ], [ 142.694038490384003, 43.463883090332502 ], [ 142.694004040055006, 43.4638483702063 ], [ 142.693975990199988, 43.463813370390902 ], [ 142.693967100402006, 43.463785870022001 ], [ 142.693959330258991, 43.463736990070203 ], [ 142.693945170433011, 43.4636933801456 ], [ 142.693931839783005, 43.463661990208799 ], [ 142.693929620256, 43.463627000286003 ], [ 142.693946559886001, 43.463590330429597 ], [ 142.693989060046988, 43.4635481099575 ], [ 142.694037949891992, 43.463513399723801 ], [ 142.694063510423007, 43.463488400369599 ], [ 142.69406879034301, 43.463470619873398 ], [ 142.694064620185998, 43.463451180127997 ], [ 142.694056289765996, 43.4634417399445 ], [ 142.694031290411999, 43.463432569557597 ], [ 142.693988899967991, 43.463432309653498 ], [ 142.69394351028501, 43.463440899977698 ], [ 142.693895460406992, 43.463445900208299 ], [ 142.69383991018401, 43.463441450362801 ], [ 142.693784080271001, 43.463430619827399 ], [ 142.693742969563004, 43.463415059757402 ], [ 142.693694639996011, 43.463377290030103 ], [ 142.693654639950012, 43.463331459679303 ], [ 142.693613530140993, 43.463271459610297 ], [ 142.693575479825, 43.463232580119701 ], [ 142.693548539733001, 43.4632214600026 ], [ 142.693328540380008, 43.463267290353301 ], [ 142.693265489811012, 43.463272289684603 ], [ 142.693203829592989, 43.463271730306303 ], [ 142.693131050158001, 43.463257559688799 ], [ 142.693067440210001, 43.463230619597603 ], [ 142.693001060351008, 43.463193400255399 ], [ 142.692959949641988, 43.4631678397242 ], [ 142.692891340362991, 43.4631453503778 ], [ 142.692803849818006, 43.463129790307697 ], [ 142.692741630222002, 43.4631075698586 ], [ 142.692700239824006, 43.463081459841597 ], [ 142.692652189947012, 43.463022570435399 ], [ 142.692627470281991, 43.462980349963303 ], [ 142.692591080113999, 43.4629486902301 ], [ 142.69256024955601, 43.462936470242099 ], [ 142.692485530282994, 43.462923689976499 ], [ 142.69243386962799, 43.462907850217299 ], [ 142.692397760049005, 43.462891190276402 ], [ 142.692365260348993, 43.462865910333697 ], [ 142.692300269941995, 43.462765090037102 ], [ 142.692262770011013, 43.462740919857701 ], [ 142.692236939682999, 43.462737030289901 ], [ 142.692103330104999, 43.4627778604101 ], [ 142.69202750016899, 43.462789520120403 ], [ 142.691950279882008, 43.462793409688302 ], [ 142.691886949623012, 43.462790909573002 ], [ 142.691815010155011, 43.462778960281 ], [ 142.691635570225998, 43.4627272996253 ], [ 142.691551960254998, 43.462722849779901 ], [ 142.691445020071995, 43.462728959773898 ], [ 142.691315020372002, 43.462727570321299 ], [ 142.691223640259011, 43.462714790055699 ], [ 142.69116558991999, 43.462702839864299 ], [ 142.691118919603014, 43.462688400349599 ], [ 142.691101419695002, 43.462686179923402 ], [ 142.691082530334995, 43.462686179923402 ], [ 142.691044480019002, 43.462688400349599 ], [ 142.690975039767011, 43.462695059829301 ], [ 142.690872259846998, 43.4627256097992 ], [ 142.690808929588997, 43.462728670192099 ], [ 142.690757539629004, 43.462721169846297 ], [ 142.690675050213997, 43.4626992200931 ], [ 142.690613940381013, 43.4626886701462 ], [ 142.690574770409995, 43.462685609753201 ], [ 142.690531440173999, 43.462670609960902 ], [ 142.690445330088011, 43.462632559645101 ], [ 142.690392840257999, 43.462608390365098 ], [ 142.690332559599995, 43.462581450273902 ], [ 142.690217010206993, 43.462533389604403 ], [ 142.689809809774999, 43.462349790310697 ], [ 142.688834860140986, 43.461925359767697 ], [ 142.687769640157001, 43.461458990240402 ], [ 142.687226619613, 43.4611923295626 ], [ 142.687113570334986, 43.461136780238398 ], [ 142.687094400386002, 43.461127330162299 ], [ 142.687113570334986, 43.461119839708999 ], [ 142.687063009550002, 43.461111779984797 ], [ 142.687010240030986, 43.461119560019803 ], [ 142.686786069622002, 43.4611917701842 ], [ 142.686706629806991, 43.461212319692898 ], [ 142.686559970166996, 43.461218149997798 ], [ 142.68644885982701, 43.461233419586797 ], [ 142.686281079607994, 43.461266469671997 ], [ 142.686190810157996, 43.461277859585699 ], [ 142.686102199956991, 43.461260359678 ], [ 142.686052759727005, 43.461240910040097 ], [ 142.685983869859996, 43.461191190121497 ], [ 142.685951380051989, 43.461178140059303 ], [ 142.685908600201998, 43.461169529949998 ], [ 142.685861099810012, 43.461176749707398 ], [ 142.685762769735987, 43.461230909579001 ], [ 142.685680819914012, 43.4612842303831 ], [ 142.68560721040501, 43.461313120204501 ], [ 142.685544989909999, 43.461322010002903 ], [ 142.685507489978988, 43.461327000341001 ], [ 142.685430269691011, 43.4613220001104 ], [ 142.685333050280008, 43.461301449702297 ], [ 142.68522334018499, 43.461271729806597 ], [ 142.685163900394002, 43.461260609689496 ], [ 142.685126399564012, 43.461254499695599 ], [ 142.685063900279005, 43.461250330438602 ], [ 142.684977229915006, 43.461260050311203 ], [ 142.684875010273998, 43.461284490287099 ], [ 142.684757510250989, 43.461326149582298 ], [ 142.684661129906999, 43.461351710113497 ], [ 142.684600569561013, 43.461354480025399 ], [ 142.684538080168011, 43.461350589558201 ], [ 142.684495019730008, 43.461352809984398 ], [ 142.684414470152007, 43.461362250167902 ], [ 142.684349190163005, 43.461375030433501 ], [ 142.684279470222009, 43.461372249729699 ], [ 142.684176139917014, 43.461347809753804 ], [ 142.684068089970992, 43.461333919724801 ], [ 142.683962259551009, 43.461294749753101 ], [ 142.683871710411012, 43.4612433597934 ], [ 142.683798939968995, 43.461217249776404 ], [ 142.683734220258003, 43.461204199714203 ], [ 142.683618109688013, 43.461166699783497 ], [ 142.683538949563001, 43.461117259554001 ], [ 142.683482009887001, 43.461068650298202 ], [ 142.683400630235013, 43.4610147602232 ], [ 142.683341190443997, 43.460986710368601 ], [ 142.683273969717987, 43.4609664297571 ], [ 142.683209529696001, 43.460954490357601 ], [ 142.683085919679996, 43.460951150275498 ], [ 142.682741490127995, 43.460965310101102 ], [ 142.682500110292011, 43.460991129637101 ], [ 142.68236816985501, 43.460979180345099 ], [ 142.682270400058997, 43.460953910294897 ], [ 142.682187350366007, 43.460912240207897 ], [ 142.682115689688004, 43.460871970365297 ], [ 142.68205291970699, 43.460812800370597 ], [ 142.681997919867996, 43.4607641902154 ], [ 142.681977370359988, 43.460731419819403 ], [ 142.681992370151988, 43.4606330897454 ], [ 142.682007100148013, 43.4605800396373 ], [ 142.682060709633987, 43.460496439559201 ], [ 142.682107659640991, 43.4604361696937 ], [ 142.682184330442993, 43.460361730109902 ], [ 142.682275439860007, 43.460282849673902 ], [ 142.682332939812994, 43.460242300142198 ], [ 142.682458209978989, 43.460172869782298 ], [ 142.682540989875008, 43.460106759719302 ], [ 142.682620989967006, 43.460063440275697 ], [ 142.682705439903998, 43.460021500392102 ], [ 142.682819039566994, 43.459978730434202 ], [ 142.682977929987999, 43.459926239704401 ], [ 142.68304070986099, 43.459887909699397 ], [ 142.683042370010014, 43.4598812403271 ], [ 142.683044040050987, 43.459873739981298 ], [ 142.683039039819988, 43.459862629756699 ], [ 142.683033769793013, 43.4598579101146 ], [ 142.683029599636001, 43.4598523496064 ], [ 142.683018490311014, 43.459845410437502 ], [ 142.683006270323006, 43.459840689896097 ], [ 142.68298377018499, 43.459834019624502 ], [ 142.68295709988999, 43.459829299982403 ], [ 142.682845440064995, 43.459814019601502 ], [ 142.68275489002599, 43.459785129780101 ], [ 142.682654069730006, 43.459719859684 ], [ 142.682612399643006, 43.459678470185402 ], [ 142.682559350433991, 43.459657360399 ], [ 142.682442130099986, 43.459660689689301 ], [ 142.682312970367008, 43.459642630403202 ], [ 142.682238809573988, 43.459641800329003 ], [ 142.681970489647, 43.4596490101939 ], [ 142.681806609787003, 43.459643449685601 ], [ 142.681651340038002, 43.459630389730897 ], [ 142.681547730044002, 43.459636220035698 ], [ 142.68144745024, 43.459659279552298 ], [ 142.68133133967001, 43.4597112100045 ], [ 142.681179400108988, 43.459797310197899 ], [ 142.681010240330011, 43.459870909814803 ], [ 142.680915789931987, 43.459912300212601 ], [ 142.680812189830988, 43.459935349836698 ], [ 142.680680240400989, 43.459960899575997 ], [ 142.680579969590013, 43.460012279643102 ], [ 142.680526629899987, 43.460055879675302 ], [ 142.680486629853988, 43.460090880389998 ], [ 142.680424410259008, 43.460149210417903 ], [ 142.680380800334007, 43.460181149840402 ], [ 142.680294969936995, 43.460227529676899 ], [ 142.680229410258988, 43.460253920282398 ], [ 142.68005858043901, 43.4603041797942 ], [ 142.679956369791, 43.460318899897501 ], [ 142.679803319568009, 43.460317790134098 ], [ 142.679662490232005, 43.460295289995798 ], [ 142.679528609957998, 43.4602900100761 ], [ 142.679358340415007, 43.460304439698298 ], [ 142.679245009650003, 43.460302499860603 ], [ 142.679127790215006, 43.460290549669303 ], [ 142.67898001991199, 43.460245829981297 ], [ 142.678683099745001, 43.460139440183198 ], [ 142.678578379988011, 43.460085560000799 ], [ 142.678356449791011, 43.459996109832801 ], [ 142.678225629909008, 43.4599283396213 ], [ 142.678159240156987, 43.459879170087802 ], [ 142.678128129908998, 43.4598416800496 ], [ 142.678098140217003, 43.459778900176303 ], [ 142.678086199917999, 43.459736960292702 ], [ 142.678077870397999, 43.459658909930901 ], [ 142.678083980391989, 43.459605580133598 ], [ 142.678117880336004, 43.459474209866997 ], [ 142.678128709971986, 43.459380329638698 ], [ 142.678125940059999, 43.4593389401401 ], [ 142.678142049616014, 43.459255060372897 ], [ 142.678193450368013, 43.459162569597098 ], [ 142.67821066968699, 43.459119240260897 ], [ 142.678217890343007, 43.459048139859902 ], [ 142.678204569585006, 43.458973139998598 ], [ 142.678157079984999, 43.4588223200942 ], [ 142.678125690049001, 43.458758720039 ], [ 142.678083199779991, 43.458676780109499 ], [ 142.678040699619004, 43.458577059683698 ], [ 142.678007930121993, 43.4584759596979 ], [ 142.677994329674988, 43.458400969729198 ], [ 142.677995159749003, 43.458344580438201 ], [ 142.678016560016005, 43.458247090331099 ], [ 142.678019890206002, 43.458168209895099 ], [ 142.678016009630994, 43.458137929721801 ], [ 142.678008510185009, 43.458135710195101 ], [ 142.677981290404006, 43.458133770357399 ], [ 142.677962679833996, 43.458136819958398 ], [ 142.677912950023, 43.458170430321303 ], [ 142.677878509586009, 43.4582070902852 ], [ 142.677822399983995, 43.458289860289 ], [ 142.677697119925995, 43.458417900366001 ], [ 142.677579610011009, 43.458558160430897 ], [ 142.677524059787999, 43.458622319864297 ], [ 142.677469890024014, 43.458676760324401 ], [ 142.677422389632, 43.458707869672601 ], [ 142.677377390254009, 43.458727590006397 ], [ 142.677310719914004, 43.458747590029397 ], [ 142.677237390094007, 43.458760079813999 ], [ 142.677160169806001, 43.458760360402501 ], [ 142.677017129937013, 43.458750629737899 ], [ 142.676830470249996, 43.458725079998601 ], [ 142.676690200292995, 43.458701739893598 ], [ 142.676599650253991, 43.4586809097963 ], [ 142.67651076036401, 43.458651189900699 ], [ 142.676434380042991, 43.458619520274802 ], [ 142.676279389982, 43.458536750271001 ], [ 142.676195229625989, 43.458482579607498 ], [ 142.676076070355009, 43.458392029568699 ], [ 142.675978299658993, 43.458290649893698 ], [ 142.675946639925996, 43.458245369928001 ], [ 142.675924139787014, 43.458192880097499 ], [ 142.675897480284988, 43.458060669864203 ], [ 142.675872489923989, 43.457994280112104 ], [ 142.675837490107995, 43.457937340436096 ], [ 142.675733610317991, 43.4578026300875 ], [ 142.675661949638993, 43.457711800359398 ], [ 142.675603630403003, 43.457619309583698 ], [ 142.675561689620992, 43.457522930139298 ], [ 142.675534190151012, 43.457480709667202 ], [ 142.675457809829993, 43.457395720136603 ], [ 142.675390320206986, 43.457335159789999 ], [ 142.675368369555002, 43.457322939801998 ], [ 142.67534892980899, 43.4573201599976 ], [ 142.675321989717986, 43.457327660343402 ], [ 142.675286149935999, 43.457346549703701 ], [ 142.675256709730007, 43.457372940309099 ], [ 142.675185590442993, 43.457485700005201 ], [ 142.675113650074991, 43.457591519633098 ], [ 142.675047809809001, 43.457677629719001 ], [ 142.674976140137005, 43.457734289705897 ], [ 142.674937530443003, 43.457755949877402 ], [ 142.674873370109992, 43.457778719812197 ], [ 142.674809199885004, 43.457788169888303 ], [ 142.67468281995599, 43.457788720273399 ], [ 142.674557830379996, 43.457781219927497 ], [ 142.674442000397988, 43.457756770059099 ], [ 142.674250899859004, 43.4576901096111 ], [ 142.67411813024799, 43.457652880376301 ], [ 142.674077020438006, 43.4576445499562 ], [ 142.674015069739994, 43.457644829645297 ], [ 142.673984240081012, 43.457650659950197 ], [ 142.673931740358, 43.457670380284 ], [ 142.673877850282992, 43.457704540132603 ], [ 142.67378590989199, 43.457750089894901 ], [ 142.67372897021599, 43.457767859599201 ], [ 142.673662030078987, 43.457772859829802 ], [ 142.673617859876003, 43.457764249720498 ], [ 142.673591200374005, 43.4577589698008 ], [ 142.673560090125989, 43.4577470304013 ], [ 142.673545920408003, 43.457727310067497 ], [ 142.673530089641986, 43.4576834195543 ], [ 142.673532319960998, 43.457637320306297 ], [ 142.673585379961992, 43.457509550025897 ], [ 142.673599539787006, 43.457469280183297 ], [ 142.673610380214996, 43.457379009833602 ], [ 142.673609550141009, 43.457269289846003 ], [ 142.673593449577993, 43.457153190067899 ], [ 142.673582340253006, 43.4571290297811 ], [ 142.673568509579013, 43.457129400301802 ], [ 142.673545670397004, 43.457157639913298 ], [ 142.673496220275013, 43.457240409917198 ], [ 142.673475109588992, 43.4573140104334 ], [ 142.67342900044801, 43.457405109958003 ], [ 142.673372880055013, 43.457480379616001 ], [ 142.67331788021599, 43.457525649689202 ], [ 142.673294829692992, 43.457537869677097 ], [ 142.67326400003401, 43.457542600111097 ], [ 142.673222890223997, 43.457540090103201 ], [ 142.673181499826995, 43.4575278701153 ], [ 142.673140110328006, 43.457500930024104 ], [ 142.673107619620993, 43.457464539856801 ], [ 142.673069840001006, 43.457392329692397 ], [ 142.673059290053999, 43.457385940009303 ], [ 142.673040120106009, 43.457385100042501 ], [ 142.673018459934013, 43.457396210267099 ], [ 142.67296372989199, 43.4574709304392 ], [ 142.672944550051, 43.457835340228897 ], [ 142.672543990213001, 43.458317509945303 ], [ 142.672380099561991, 43.458501930319997 ], [ 142.671130130052006, 43.458975189553499 ], [ 142.670935130051987, 43.4591418402239 ], [ 142.670582629985006, 43.459522069987699 ], [ 142.670250960013988, 43.4598156500724 ], [ 142.669729030371002, 43.460154500230097 ], [ 142.668926290115991, 43.460250029815199 ], [ 142.668355770103005, 43.459947259558497 ], [ 142.66825244969101, 43.4597645002316 ], [ 142.667797200281001, 43.459585900269197 ], [ 142.66780778979799, 43.458813190176699 ], [ 142.667625029572008, 43.458467940443299 ], [ 142.667225610074013, 43.458459320441499 ], [ 142.666571720208992, 43.459076189714601 ], [ 142.665690360322003, 43.459297270053099 ], [ 142.664854859564002, 43.458897280385401 ], [ 142.664542929713008, 43.458932270308203 ], [ 142.664014069893994, 43.458760060028901 ], [ 142.662682729723997, 43.459214150213 ], [ 142.661920830382002, 43.4589511003132 ], [ 142.660854759639989, 43.459228280361003 ], [ 142.65987534037501, 43.4596857097279 ], [ 142.659288149628992, 43.459597929600903 ], [ 142.658812060228996, 43.4598331796577 ], [ 142.658014859797987, 43.460598359726703 ], [ 142.65733016995199, 43.461054969811201 ], [ 142.656912700161001, 43.461061339709197 ], [ 142.656769670183991, 43.460682209816298 ], [ 142.656184449852987, 43.460424990221298 ], [ 142.655561400439012, 43.461578199874197 ], [ 142.655488059826013, 43.4617137402971 ], [ 142.655281939709994, 43.462506999898302 ], [ 142.655636060355988, 43.463235830269497 ], [ 142.655715199796987, 43.463700789659903 ], [ 142.655832119757008, 43.464256020299302 ], [ 142.65585267016499, 43.464401560283903 ], [ 142.655343799576997, 43.464745130083799 ], [ 142.654717730239014, 43.464989260046501 ], [ 142.65442024979501, 43.464881200207401 ], [ 142.654548580353008, 43.464795660291699 ], [ 142.654732739923986, 43.4646098495651 ], [ 142.654812179738002, 43.464509579653601 ], [ 142.654872460396007, 43.464402650262301 ], [ 142.654841629837989, 43.464328209779197 ], [ 142.65480442038799, 43.464227390382 ], [ 142.654805809840013, 43.464157950129398 ], [ 142.654854419996013, 43.464107400136598 ], [ 142.654949689677011, 43.464069900205899 ], [ 142.655110230352989, 43.464047130270998 ], [ 142.655242449579987, 43.4640157502268 ], [ 142.655309110028014, 43.463962149733597 ], [ 142.655388549842002, 43.463882160433499 ], [ 142.655447440146986, 43.4638116104177 ], [ 142.655462719629014, 43.463787999616699 ], [ 142.655472720089989, 43.463743000239397 ], [ 142.655473829854003, 43.463714120310598 ], [ 142.655443559573001, 43.463649120010999 ], [ 142.655398279606999, 43.463597460254697 ], [ 142.655256079704003, 43.4634888500306 ], [ 142.65518968995201, 43.463416909662797 ], [ 142.655116920409995, 43.463293310438097 ], [ 142.655035270062001, 43.4632083200081 ], [ 142.654973049566991, 43.463156930048498 ], [ 142.654829450318999, 43.463043610074699 ], [ 142.654806120106997, 43.463009159745098 ], [ 142.654794179807993, 43.462978330086102 ], [ 142.654790020442988, 43.4629041701915 ], [ 142.654811970195993, 43.4627616897004 ], [ 142.654810300154992, 43.462693080421502 ], [ 142.654785309793994, 43.4625994798823 ], [ 142.654760310439997, 43.462540589576697 ], [ 142.654691429565986, 43.462416160277797 ], [ 142.65467532001, 43.462334500037301 ], [ 142.654675599699004, 43.462250620270098 ], [ 142.654693659884998, 43.462192009653698 ], [ 142.654699769878988, 43.4621320203766 ], [ 142.654684219701011, 43.461929539816602 ], [ 142.654680340026005, 43.461873430214801 ], [ 142.654698400211004, 43.4617062201661 ], [ 142.65472895018101, 43.461645669711999 ], [ 142.654778400303002, 43.461580959893503 ], [ 142.654806450157992, 43.461543739652001 ], [ 142.654825059828994, 43.461456250006101 ], [ 142.654884229824006, 43.461218769630698 ], [ 142.654888960257011, 43.461177669713798 ], [ 142.654882289986006, 43.461128779869497 ], [ 142.654853410057001, 43.461047400217502 ], [ 142.654853130367997, 43.461005179745399 ], [ 142.654859250253992, 43.460953519989097 ], [ 142.654875629607005, 43.460909910064501 ], [ 142.654940080420999, 43.460857699923103 ], [ 142.65498313006799, 43.460829370379301 ], [ 142.655101179576008, 43.460759379741802 ], [ 142.655269229590999, 43.460681059583401 ], [ 142.655361720367011, 43.460625510259298 ], [ 142.65541032962301, 43.460583850064801 ], [ 142.65543588026199, 43.460553020405698 ], [ 142.655463940009014, 43.4604866297543 ], [ 142.655482549679988, 43.460396089607997 ], [ 142.655489780229004, 43.4603435898849 ], [ 142.655503670258014, 43.460297489737499 ], [ 142.655550610373012, 43.460196110062597 ], [ 142.655644780182996, 43.4600269601763 ], [ 142.655657279860009, 43.459982799866502 ], [ 142.655655330130003, 43.459928360305803 ], [ 142.655627839652993, 43.459810309898003 ], [ 142.655622289937014, 43.4597786501648 ], [ 142.65562201024801, 43.4597167102581 ], [ 142.655628120242, 43.459683099895301 ], [ 142.65563507020201, 43.459657829845099 ], [ 142.655650900068991, 43.459609779967501 ], [ 142.655698959838986, 43.459511449893697 ], [ 142.655774230396986, 43.459379799937999 ], [ 142.655860339583, 43.459201209868098 ], [ 142.655912010131004, 43.459097609767099 ], [ 142.655919790165996, 43.459038449664902 ], [ 142.655933399606994, 43.458948459903702 ], [ 142.655955069670995, 43.4588920697134 ], [ 142.656000900022008, 43.458809580298102 ], [ 142.656062009853997, 43.4587193099484 ], [ 142.656144789749987, 43.458640710100802 ], [ 142.656225889712999, 43.458581829687802 ], [ 142.65635783015, 43.458503510428798 ], [ 142.656537539876012, 43.458409079815297 ], [ 142.656710590122003, 43.458327700163402 ], [ 142.656888629807014, 43.4582552103099 ], [ 142.656833120052994, 43.457255299992298 ], [ 142.656214310042998, 43.456004010276999 ], [ 142.655692429862, 43.455370169897598 ], [ 142.655037229685007, 43.454582170431003 ], [ 142.655007239991988, 43.454181089885502 ], [ 142.655375020440999, 43.453364789653499 ], [ 142.655549470032014, 43.452967610367097 ], [ 142.655526999572004, 43.452176010015002 ], [ 142.655366760167993, 43.451448859577397 ], [ 142.654724340255996, 43.450566979882403 ], [ 142.655102380171002, 43.4502739600754 ], [ 142.655749820098009, 43.450380629562602 ], [ 142.655977880075, 43.449854859814103 ], [ 142.655967599924992, 43.449856799651698 ], [ 142.655876780090011, 43.449848190441799 ], [ 142.655794840160013, 43.449833460446001 ], [ 142.655618740313002, 43.449847899960801 ], [ 142.655439869654003, 43.449849290312699 ], [ 142.655335710174995, 43.449856230380902 ], [ 142.655176280160987, 43.449877609963899 ], [ 142.655166000011008, 43.449879270112397 ], [ 142.655031840047997, 43.449897320405199 ], [ 142.654962680383989, 43.449900930283903 ], [ 142.654902129930008, 43.449892599863702 ], [ 142.654833800339986, 43.449871210388203 ], [ 142.654756310256005, 43.449831210342303 ], [ 142.654599939735988, 43.449707889907401 ], [ 142.654562160116001, 43.449670669665899 ], [ 142.654546609937995, 43.449645389723102 ], [ 142.654538560107, 43.4496106695969 ], [ 142.654537169755002, 43.449565680112201 ], [ 142.654559390204014, 43.4494851296352 ], [ 142.654551620061, 43.449429580311097 ], [ 142.654526900396007, 43.449392080380399 ], [ 142.654445240156008, 43.449312639666701 ], [ 142.654416630024002, 43.449271529857398 ], [ 142.654400800156992, 43.449234039819302 ], [ 142.654396919582013, 43.449196539888597 ], [ 142.654419700309006, 43.449087380178597 ], [ 142.65441720019399, 43.449081000387999 ], [ 142.654398030245005, 43.449080989596197 ], [ 142.654299700171009, 43.449105989849699 ], [ 142.654252209671995, 43.449124880109302 ], [ 142.654222759573003, 43.449155150389998 ], [ 142.654194990306991, 43.449215139667103 ], [ 142.654150820104007, 43.449275139736102 ], [ 142.654069439553012, 43.449338180412802 ], [ 142.653945280051005, 43.449415399800998 ], [ 142.653887780096994, 43.449452610149997 ], [ 142.653824730427004, 43.4494762200517 ], [ 142.653723070164006, 43.449497329838103 ], [ 142.653625300366997, 43.449508709859202 ], [ 142.653541970085996, 43.449525930077797 ], [ 142.653460860231007, 43.449554540210002 ], [ 142.653356980440009, 43.449599810283203 ], [ 142.653238930033012, 43.4496398004366 ], [ 142.653175880362994, 43.449668960054602 ], [ 142.653143940040991, 43.449689790151901 ], [ 142.65305311031301, 43.449780059602197 ], [ 142.65300588961, 43.449819500269903 ], [ 142.652882839871012, 43.449889490008097 ], [ 142.652802009704999, 43.449943929568903 ], [ 142.652709789624993, 43.450022249727198 ], [ 142.652631459573996, 43.450104740041901 ], [ 142.652587290270986, 43.450180290288401 ], [ 142.652531189662994, 43.450245000106896 ], [ 142.652513130377002, 43.450260279588399 ], [ 142.652446469929004, 43.450287490375601 ], [ 142.65218926022601, 43.450339150131903 ], [ 142.652132600240009, 43.4503299797449 ], [ 142.652086220402992, 43.450311370073798 ], [ 142.652042329890008, 43.450279710340503 ], [ 142.651991779897003, 43.450231100185299 ], [ 142.651920399807011, 43.450145830066198 ], [ 142.651890410114987, 43.450099999715398 ], [ 142.651868189665009, 43.4500391695722 ], [ 142.651841249574005, 43.449863069724998 ], [ 142.651829589864008, 43.449833910107003 ], [ 142.651804870198987, 43.449807800090099 ], [ 142.651701549786992, 43.4497405802637 ], [ 142.651625719851012, 43.4496730798489 ], [ 142.651535450401013, 43.449538650088797 ], [ 142.651516009755994, 43.449518099680702 ], [ 142.651476019602995, 43.449493100326499 ], [ 142.651377690428006, 43.449455880084898 ], [ 142.651304089912003, 43.4494119895718 ], [ 142.65125825956099, 43.449376710067298 ], [ 142.651242980080013, 43.449373659566902 ], [ 142.651244650120987, 43.449389209744403 ], [ 142.651251869877996, 43.449422259829603 ], [ 142.651275200090993, 43.449487260129096 ], [ 142.651275200090993, 43.449516149950497 ], [ 142.651260200297997, 43.449554749752103 ], [ 142.651252699952011, 43.449598640265201 ], [ 142.651252699952011, 43.449633630188004 ], [ 142.651260749784001, 43.4496661298882 ], [ 142.651339069941997, 43.4498019500002 ], [ 142.65137044998599, 43.449883340444003 ], [ 142.651387389617014, 43.449968880359698 ], [ 142.651387949894001, 43.450035270111798 ], [ 142.651372950102001, 43.450095539977397 ], [ 142.651324890332006, 43.450200530430301 ], [ 142.651294059772994, 43.450234409690403 ], [ 142.651278780291989, 43.450236350427403 ], [ 142.651247670044, 43.450221359628202 ], [ 142.651229619751007, 43.450206629632397 ], [ 142.65117602015701, 43.450098870166897 ], [ 142.651137129874996, 43.450038040023699 ], [ 142.651106019627008, 43.450016649648802 ], [ 142.651077690084009, 43.450015809682 ], [ 142.651052140344007, 43.450024149994697 ], [ 142.651034090051013, 43.450039419583703 ], [ 142.65096075033901, 43.450217739857003 ], [ 142.650937420126013, 43.450302449698498 ], [ 142.65092436017099, 43.450360500037199 ], [ 142.650891030396991, 43.450412989867701 ], [ 142.650840189923002, 43.4504593795969 ], [ 142.650777140253012, 43.450491319918598 ], [ 142.650696310087, 43.4505093702114 ], [ 142.650571319611004, 43.450519359880701 ], [ 142.650490219647992, 43.450514919927798 ], [ 142.650443829918999, 43.450506579615102 ], [ 142.650402730002014, 43.450488809910802 ], [ 142.650363839720001, 43.450455200447301 ], [ 142.650344120285013, 43.450425479652303 ], [ 142.650336069553987, 43.450365209786803 ], [ 142.650361909774006, 43.4502549403134 ], [ 142.650400520368009, 43.4501521702866 ], [ 142.650441069900012, 43.450084679764302 ], [ 142.650457460044009, 43.450036629886696 ], [ 142.650458569807, 43.449998299881798 ], [ 142.650450799665009, 43.4499833000894 ], [ 142.650422470120986, 43.449992189887801 ], [ 142.650351359827994, 43.450027179810697 ], [ 142.650276639655004, 43.450078559877802 ], [ 142.650229419851996, 43.450098839589899 ], [ 142.650646900433998, 43.4497172203736 ], [ 142.651419120396014, 43.4484493102876 ], [ 142.651796080225012, 43.447174440348299 ], [ 142.651810249942997, 43.447126939956497 ], [ 142.651889419961009, 43.446858909611102 ], [ 142.65223190967501, 43.446504240378502 ], [ 142.65256412013801, 43.4461695495852 ], [ 142.652650500020997, 43.446082339628397 ], [ 142.652771879719012, 43.445960129856203 ], [ 142.653227979887987, 43.445499909893101 ], [ 142.654735419904, 43.444007039793199 ], [ 142.654944579729005, 43.443805949585098 ], [ 142.655025689583994, 43.443728460400301 ], [ 142.655688739943997, 43.4430952099762 ], [ 142.656075399859986, 43.442732749916601 ], [ 142.657337049765005, 43.441742330144599 ], [ 142.658785919634994, 43.440595809648997 ], [ 142.660363190209011, 43.439358189628898 ], [ 142.661299879985989, 43.438611620130402 ], [ 142.661783229613008, 43.4382461095705 ], [ 142.663031869924993, 43.437276779799703 ], [ 142.665351920255006, 43.435516169835502 ], [ 142.665643600072002, 43.435282030441499 ], [ 142.666149719634006, 43.434907630083202 ], [ 142.666232219840992, 43.434843190061301 ], [ 142.666614730286, 43.434532950035802 ], [ 142.667259750137987, 43.434008850328297 ], [ 142.667501979832991, 43.433804990208301 ], [ 142.667675879938002, 43.433658620149302 ], [ 142.667775319774989, 43.433574740382099 ], [ 142.668005889759996, 43.433374759937401 ], [ 142.66807894978399, 43.433311439571497 ], [ 142.668330339973011, 43.433097300200401 ], [ 142.667320420201008, 43.432446789987502 ], [ 142.666997360339991, 43.432713699777601 ], [ 142.665217629890009, 43.433507480086298 ], [ 142.664153419845007, 43.434603740170601 ], [ 142.663198419871009, 43.434998680145199 ], [ 142.662513429651, 43.435100880001798 ], [ 142.66116731991599, 43.435681629803497 ], [ 142.65988759004, 43.436399029791602 ], [ 142.659090340147003, 43.437067000341997 ], [ 142.658673109576995, 43.437416680135897 ], [ 142.658465279848997, 43.438202159702101 ], [ 142.658187220264011, 43.438567109984298 ], [ 142.657685560440001, 43.438934560381803 ], [ 142.657403050110986, 43.439297849616302 ], [ 142.656311409843994, 43.440088020046197 ], [ 142.655731150173011, 43.440367979898497 ], [ 142.654835650244991, 43.4405401596009 ], [ 142.653783199734988, 43.440901769801002 ], [ 142.65310350022699, 43.441378930293602 ], [ 142.652849879717991, 43.441805260204802 ], [ 142.652528200315999, 43.442346590023298 ], [ 142.651404080134, 43.442891789624603 ], [ 142.651381560211007, 43.443295909878501 ], [ 142.650412680100999, 43.444424389973797 ], [ 142.650115150194011, 43.446002559870401 ], [ 142.649829039878, 43.446391960021103 ], [ 142.649617379938007, 43.446679699908401 ], [ 142.649496830315002, 43.446844130152698 ], [ 142.649397090104003, 43.446979520388702 ], [ 142.649373769784006, 43.447011330308797 ], [ 142.649333220252004, 43.447145490272298 ], [ 142.649228180335996, 43.447492589911199 ], [ 142.649204039835013, 43.447572939839503 ], [ 142.649142369725013, 43.447777919615497 ], [ 142.649039310115995, 43.448117880436001 ], [ 142.647848560063011, 43.448438649724103 ], [ 142.647770220120009, 43.448611410388402 ], [ 142.647704110056992, 43.448757790339897 ], [ 142.647283550195993, 43.449687409646401 ], [ 142.647194660306013, 43.4498837703199 ], [ 142.646976890371008, 43.450168189910201 ], [ 142.646309999907004, 43.45008901 ], [ 142.645505870199997, 43.450681430303902 ], [ 142.645149489558008, 43.4513413501234 ], [ 142.644798119937008, 43.451530209551699 ], [ 142.643850099602986, 43.452613409681298 ], [ 142.640577070076006, 43.451855059963201 ], [ 142.640762649676986, 43.451055139982898 ], [ 142.642246409644002, 43.451053239715399 ], [ 142.642654489612994, 43.449608389815502 ], [ 142.642516170285006, 43.449569219843802 ], [ 142.641235460149005, 43.449265599727802 ], [ 142.640708259578986, 43.449850529578399 ], [ 142.639246169675005, 43.449547459847601 ], [ 142.63799674965, 43.451447519587497 ], [ 142.637959530307995, 43.451468349684802 ], [ 142.637459849891997, 43.451396680012898 ], [ 142.636375229733005, 43.451244989564799 ], [ 142.635414760082995, 43.451100529665901 ], [ 142.635084510142008, 43.451050809747201 ], [ 142.633671310083002, 43.450884949580903 ], [ 142.633224130289989, 43.4507991101909 ], [ 142.632527260025, 43.450516050375597 ], [ 142.631987299873998, 43.4505182600099 ], [ 142.631948420382997, 43.450551589784197 ], [ 142.631788430092001, 43.450565190231501 ], [ 142.631449839838012, 43.450810150268403 ], [ 142.630758789986004, 43.450721530174597 ], [ 142.63034965960901, 43.450811230354198 ], [ 142.629701090133011, 43.451140619644001 ], [ 142.628885030020001, 43.451843300428202 ], [ 142.628341440205986, 43.452308790418499 ], [ 142.628045360006013, 43.452399329665496 ], [ 142.627866760042991, 43.452425429789898 ], [ 142.627522899761999, 43.452402370273298 ], [ 142.627515709682001, 43.4517871503569 ], [ 142.628108710048991, 43.451752450015697 ], [ 142.628527859772987, 43.451339170166797 ], [ 142.628859519851005, 43.450813680107402 ], [ 142.628990659891002, 43.449754619580197 ], [ 142.630356409921006, 43.448941690007103 ], [ 142.631315240106005, 43.448167630032302 ], [ 142.631966039900988, 43.447642419662102 ], [ 142.632321579677011, 43.447346909632401 ], [ 142.632608240378005, 43.446867240031303 ], [ 142.633306810361006, 43.446200390036203 ], [ 142.633950119702007, 43.445604349960902 ], [ 142.635258090088996, 43.444903350009803 ], [ 142.635276429963, 43.444821410080202 ], [ 142.635321979726001, 43.444675040021302 ], [ 142.635329210274989, 43.444614209878097 ], [ 142.635327540233988, 43.444543939551401 ], [ 142.635315599935012, 43.444460340372601 ], [ 142.635288940431991, 43.444391449605902 ], [ 142.635230069912012, 43.444235630370201 ], [ 142.635154519666003, 43.4440417599195 ], [ 142.635090380017004, 43.443784009724403 ], [ 142.634989280030993, 43.443567360345597 ], [ 142.634951789993011, 43.443494869592698 ], [ 142.634875969950002, 43.443347930262902 ], [ 142.634827089997998, 43.443288219775702 ], [ 142.634709609760989, 43.443099899940599 ], [ 142.634640729786014, 43.442975459849798 ], [ 142.634440219640993, 43.4425127298787 ], [ 142.634275530391989, 43.442098590277901 ], [ 142.634067789697013, 43.441682519832597 ], [ 142.63389810021701, 43.441386150051002 ], [ 142.633782840406013, 43.441132560119698 ], [ 142.633700910368987, 43.440956749854301 ], [ 142.633618420054006, 43.440894800055197 ], [ 142.633528159597006, 43.440760649984199 ], [ 142.633480669996999, 43.4406331602923 ], [ 142.633397079811999, 43.440374290441298 ], [ 142.633147679822002, 43.439829619641401 ], [ 142.633074090097011, 43.439680739574598 ], [ 142.632987710214991, 43.439588520394103 ], [ 142.632894109675988, 43.439504920315997 ], [ 142.632813839786991, 43.439471579749799 ], [ 142.632705240354994, 43.439426580372498 ], [ 142.632539149962014, 43.439343250091099 ], [ 142.632331400274012, 43.439216309884998 ], [ 142.632198359966992, 43.439133819570301 ], [ 142.632048649825009, 43.4390149399877 ], [ 142.631926719743007, 43.438895779816598 ], [ 142.631789520069987, 43.438710509582499 ], [ 142.631719810020996, 43.438572190254497 ], [ 142.631619280205996, 43.438283599608603 ], [ 142.631510699659003, 43.437929749658402 ], [ 142.631414879592995, 43.437779480139099 ], [ 142.631302389694014, 43.437665599887701 ], [ 142.631173239853013, 43.437579210112602 ], [ 142.631061029643007, 43.437538940270002 ], [ 142.630945490142011, 43.437523099611496 ], [ 142.630826609661, 43.437526429800997 ], [ 142.630671349803009, 43.437416990401999 ], [ 142.630193899728994, 43.437157279684897 ], [ 142.629855049571006, 43.4369570096584 ], [ 142.629968939715013, 43.436834799886299 ], [ 142.631089690137003, 43.436601250447502 ], [ 142.631752959930992, 43.436707650138104 ], [ 142.632267060076998, 43.437053470041803 ], [ 142.632450660269996, 43.437010979773 ], [ 142.632695399972988, 43.436238290364997 ], [ 142.632851800171011, 43.435741399645998 ], [ 142.632984579674996, 43.435323949640697 ], [ 142.633160409725008, 43.435137580435097 ], [ 142.633653150073002, 43.435163710237198 ], [ 142.633999809942992, 43.434647109976297 ], [ 142.634221199649005, 43.434338260302603 ], [ 142.635306690351996, 43.433816399907101 ], [ 142.635831659703996, 43.433523389992601 ], [ 142.636355799879993, 43.433372040387503 ], [ 142.637129650313, 43.432898780254703 ], [ 142.637042169660987, 43.432555750048003 ], [ 142.636346980229007, 43.432008009861903 ], [ 142.636227839843002, 43.431558890230697 ], [ 142.636194240272005, 43.431431959917198 ], [ 142.636454249563997, 43.430852860371402 ], [ 142.636278999576007, 43.430539270371199 ], [ 142.636307630392992, 43.430221809688902 ], [ 142.636279610216008, 43.4295835401484 ], [ 142.636611010389998, 43.428910840063402 ], [ 142.63659212012999, 43.428864460226798 ], [ 142.636479089738003, 43.428462000121399 ], [ 142.636064739695996, 43.427237940079003 ], [ 142.635261760221994, 43.427038500126898 ], [ 142.633894920214999, 43.426865969688897 ], [ 142.631913450246003, 43.4264065096529 ], [ 142.63071830970199, 43.4258765202853 ], [ 142.629935359928993, 43.425168510118802 ], [ 142.629474030202005, 43.424725760385698 ], [ 142.629393500410004, 43.424509670385099 ], [ 142.63024678975799, 43.423820330144302 ], [ 142.630624549982997, 43.423534539987202 ], [ 142.631555600111, 43.423021859871099 ], [ 142.632106950175995, 43.422718020320502 ], [ 142.632366109608, 43.422475840088097 ], [ 142.632891099645008, 43.421644829645302 ], [ 142.632931099691007, 43.421571230028398 ], [ 142.633725219942988, 43.421029929887503 ], [ 142.634596029882999, 43.420420860434497 ], [ 142.635064070351007, 43.420147569954601 ], [ 142.635217670060001, 43.420096189887403 ], [ 142.636399550098986, 43.419762089948698 ], [ 142.637177290099999, 43.419593799814201 ], [ 142.638095050047014, 43.418671429942698 ], [ 142.639157240215013, 43.4180759699302 ], [ 142.640339950329007, 43.417874080224799 ], [ 142.640486889658007, 43.417848259789501 ], [ 142.640559109715014, 43.417834650349 ], [ 142.64134655969599, 43.4176899701162 ], [ 142.642856210246009, 43.417182569919802 ], [ 142.644413639978012, 43.416740439819598 ], [ 142.644128949691009, 43.416376580414997 ], [ 142.643768989747002, 43.4161743696516 ], [ 142.643376790007011, 43.416169089731902 ], [ 142.642797099607009, 43.416263780249402 ], [ 142.642241020006992, 43.4163990301913 ], [ 142.641933250418987, 43.416533170369703 ], [ 142.641747150111001, 43.416608990412698 ], [ 142.641339669990003, 43.4167814596968 ], [ 142.641053029972994, 43.416659240032097 ], [ 142.640969439787995, 43.416399270310301 ], [ 142.640991390440007, 43.416171240010897 ], [ 142.641300830069014, 43.415832670441503 ], [ 142.64193167031101, 43.415131380009399 ], [ 142.642284450066995, 43.414614779748398 ], [ 142.642595559737998, 43.414352870188999 ], [ 142.642491129561989, 43.4141367801884 ], [ 142.642366979951987, 43.413940409622398 ], [ 142.642342280072, 43.413572120157397 ], [ 142.642292290357005, 43.413488789875899 ], [ 142.642339240364009, 43.4133085396575 ], [ 142.642366749725994, 43.413203270414797 ], [ 142.642405079730992, 43.413056070281598 ], [ 142.642459260287012, 43.412844699923099 ], [ 142.642620370233999, 43.4127127801708 ], [ 142.642798140122011, 43.412566970389499 ], [ 142.643138410310002, 43.412288120300701 ], [ 142.642002939783993, 43.412068659641101 ], [ 142.639702000047009, 43.411609749990099 ], [ 142.637950750226992, 43.411244740352601 ], [ 142.637787140164988, 43.411314169813203 ], [ 142.637410770291012, 43.4115491302883 ], [ 142.636858840163995, 43.411912969907803 ], [ 142.636817140398989, 43.412594840379803 ], [ 142.636791849664007, 43.412724539705899 ], [ 142.636752960281001, 43.412824250239098 ], [ 142.636748229847001, 43.412900080174701 ], [ 142.63676766959199, 43.413017010027097 ], [ 142.636512680316002, 43.413191699737297 ], [ 142.636239079570004, 43.413352789899498 ], [ 142.635425769584003, 43.413867149949198 ], [ 142.635278549665003, 43.414011859859599 ], [ 142.635181039772988, 43.414170170217297 ], [ 142.634838550058987, 43.414486229755902 ], [ 142.634756610130012, 43.414529839680498 ], [ 142.63416164024801, 43.414642030105803 ], [ 142.633540840037995, 43.414809769855097 ], [ 142.633029490018998, 43.415108600181902 ], [ 142.632647840226014, 43.415378840161502 ], [ 142.63246784991199, 43.415550750067197 ], [ 142.63216313981701, 43.415851540016703 ], [ 142.631932040132, 43.416082340228002 ], [ 142.631518719812988, 43.416511440051103 ], [ 142.631412890293007, 43.416605599968598 ], [ 142.631176509787991, 43.416818619683703 ], [ 142.630992080419986, 43.416963600290103 ], [ 142.630832920203005, 43.417066079835898 ], [ 142.630567380081004, 43.417240770445297 ], [ 142.630274339588993, 43.417454069849597 ], [ 142.630051299628008, 43.417553769590903 ], [ 142.629935750235006, 43.417638480331803 ], [ 142.629871300319991, 43.417766520408698 ], [ 142.629728520355002, 43.418144250057303 ], [ 142.629712679697008, 43.418185629663199 ], [ 142.629654630256994, 43.418207020038103 ], [ 142.629300210136989, 43.4183375404453 ], [ 142.629107179653005, 43.4182122702802 ], [ 142.628833329793991, 43.4179061797266 ], [ 142.628849450142013, 43.417749259720701 ], [ 142.628956970388003, 43.417260419732798 ], [ 142.629097000227006, 43.416579669816102 ], [ 142.629195629775012, 43.416045559754899 ], [ 142.629280929570996, 43.415345919578698 ], [ 142.629230949749001, 43.415176490003198 ], [ 142.629452889839001, 43.414868480296299 ], [ 142.62958955981, 43.414577410219501 ], [ 142.629148249892012, 43.413913009977598 ], [ 142.628897179861013, 43.413575819968301 ], [ 142.628344210117007, 43.412973640221502 ], [ 142.627599039963997, 43.412390609738999 ], [ 142.626966060235986, 43.412067010284503 ], [ 142.626458609677002, 43.411945049624499 ], [ 142.626025050115999, 43.411863929876603 ], [ 142.624470480229007, 43.4117311000104 ], [ 142.624028029969992, 43.411561379953902 ], [ 142.621850470022991, 43.411384920377898 ], [ 142.620058169749001, 43.411240130427899 ], [ 142.620058999822987, 43.411213180444101 ], [ 142.620072090354995, 43.410741289978702 ], [ 142.620108270081005, 43.409712499732201 ], [ 142.620140539554001, 43.408943420202803 ], [ 142.620156169772002, 43.407890469669603 ], [ 142.62013784968201, 43.407739370076101 ], [ 142.620135069877989, 43.407687429731297 ], [ 142.620117030377003, 43.4075263296766 ], [ 142.620041769712003, 43.407370229852397 ], [ 142.619851830198002, 43.406927769700999 ], [ 142.619634380423008, 43.406465299634 ], [ 142.619511909847006, 43.406276710002302 ], [ 142.619166160090003, 43.405718689665903 ], [ 142.618936760124001, 43.405384819953703 ], [ 142.618802340255996, 43.405301489672198 ], [ 142.618460720185993, 43.405084270123197 ], [ 142.617951620270986, 43.404915659830003 ], [ 142.617289759714993, 43.404823130383299 ], [ 142.616781210184996, 43.404783109653003 ], [ 142.616157950329011, 43.404736979827902 ], [ 142.615388580319006, 43.404791940096104 ], [ 142.615186929832987, 43.404845260000897 ], [ 142.614496999636998, 43.405025760230799 ], [ 142.613760120334007, 43.405167380070701 ], [ 142.612947709668987, 43.405152900086399 ], [ 142.612090590109005, 43.405078140344102 ], [ 142.611769810028989, 43.404792600198498 ], [ 142.611698750096991, 43.404284869950999 ], [ 142.611625459847005, 43.403755199842699 ], [ 142.611597710365999, 43.403383570295702 ], [ 142.611648569725986, 43.402997770131201 ], [ 142.611676640264989, 43.4027297496784 ], [ 142.611768050056014, 43.402329789688203 ], [ 142.611879739558987, 43.401837070025003 ], [ 142.611783090317999, 43.401654309798701 ], [ 142.611647579572008, 43.401292120435201 ], [ 142.611615099657001, 43.400950209884499 ], [ 142.611691790244009, 43.400613859841897 ], [ 142.61125547965699, 43.400172219872204 ], [ 142.611051349739995, 43.399838350159897 ], [ 142.610928889956995, 43.399580039687201 ], [ 142.610979459734011, 43.399170920102101 ], [ 142.611058369847996, 43.398828460065502 ], [ 142.610953689660988, 43.398407390289002 ], [ 142.610724019897987, 43.398025469799698 ], [ 142.610629869873009, 43.397934370275202 ], [ 142.609551929877995, 43.397920709573299 ], [ 142.60883728990899, 43.397892059870898 ], [ 142.608308469659988, 43.397763439731101 ], [ 142.60828959019301, 43.397659839630101 ], [ 142.608093809581987, 43.397262369862602 ], [ 142.607654470077989, 43.396645470012601 ], [ 142.607390910262012, 43.396281050330401 ], [ 142.606858519705014, 43.395758849991097 ], [ 142.606634119968987, 43.395575530386601 ], [ 142.606254999968002, 43.395474399823897 ], [ 142.605948660303, 43.3954396698051 ], [ 142.605340410131987, 43.395373260267903 ], [ 142.605044890209996, 43.395382130281199 ], [ 142.60472463983001, 43.3954993200377 ], [ 142.604213299704014, 43.395682049686997 ], [ 142.604062489692012, 43.395690100418001 ], [ 142.603902520085001, 43.395596210297001 ], [ 142.602863800423989, 43.395001500319196 ], [ 142.602643540266996, 43.395170910109599 ], [ 142.602372450427993, 43.395331439994202 ], [ 142.602183580207992, 43.3954047500293 ], [ 142.601659469709006, 43.395568870007502 ], [ 142.601304789684008, 43.395644399569598 ], [ 142.601094539880989, 43.395651339637801 ], [ 142.60087232999399, 43.395845469992601 ], [ 142.600777609798996, 43.396000729850002 ], [ 142.600683160300008, 43.396219589762403 ], [ 142.600582050421991, 43.3963779001202 ], [ 142.600446779794993, 43.396529819895399 ], [ 142.600244280348988, 43.396804780416502 ], [ 142.600020680109992, 43.397098079912602 ], [ 142.599748190026986, 43.397414970424698 ], [ 142.599570119764991, 43.397833809882599 ], [ 142.599457059695993, 43.398140719718597 ], [ 142.599016540281013, 43.3984317799029 ], [ 142.598579069569013, 43.398710340409998 ], [ 142.598244420143999, 43.398389240171497 ], [ 142.597710079856, 43.397875099556401 ], [ 142.597008829894008, 43.397198740129902 ], [ 142.596570580367995, 43.3967723697492 ], [ 142.596417000444006, 43.3966737599862 ], [ 142.596067059847002, 43.396465709924698 ], [ 142.595263850147006, 43.396139870258999 ], [ 142.594368719840986, 43.395770700357701 ], [ 142.593727440268992, 43.395512360207398 ], [ 142.592662330003009, 43.395108179698902 ], [ 142.591656670318997, 43.394703720400599 ], [ 142.590700160383989, 43.394334820295903 ], [ 142.589591999571013, 43.393895079694303 ], [ 142.588714639869011, 43.393561739682703 ], [ 142.588156109616989, 43.393333409909097 ], [ 142.587621469855009, 43.393128119867001 ], [ 142.586807710208006, 43.3928097904396 ], [ 142.586287789649987, 43.392602279971399 ], [ 142.586126989968989, 43.392325359827701 ], [ 142.585897310312987, 43.391923459999902 ], [ 142.585594600310998, 43.391399329715497 ], [ 142.585332709636987, 43.390953819963002 ], [ 142.584799169745992, 43.390955460326403 ], [ 142.584262010083989, 43.391055980249497 ], [ 142.583531530355998, 43.391192869655399 ], [ 142.582476059921987, 43.391400599558203 ], [ 142.581654190188999, 43.391553049933499 ], [ 142.581082849994004, 43.391669409615702 ], [ 142.580723710231013, 43.391668850237402 ], [ 142.58013904028499, 43.391663000147503 ], [ 142.580307950052003, 43.391058349962996 ], [ 142.580454070098995, 43.390557579568799 ], [ 142.580631310287004, 43.389945160141203 ], [ 142.580760759601986, 43.389463270114 ], [ 142.581069059789002, 43.389494669943197 ], [ 142.582274779957004, 43.3895980200328 ], [ 142.583106359671007, 43.3896591496502 ], [ 142.583701579564007, 43.389683889999702 ], [ 142.584260400297012, 43.389613929939102 ], [ 142.584936989949995, 43.3895267496599 ], [ 142.584154599555006, 43.389137309939102 ], [ 142.583596619687995, 43.3889159202337 ], [ 142.582914760008009, 43.388637599845502 ], [ 142.582145679580009, 43.388329840150199 ], [ 142.581404380108012, 43.388025399852502 ], [ 142.580616139623004, 43.3877040298173 ], [ 142.579704299913999, 43.387336260160502 ], [ 142.579472110250009, 43.387214320184903 ], [ 142.579052439818014, 43.3869496200291 ], [ 142.578747479713002, 43.386773789978598 ], [ 142.57821920984901, 43.386580190223803 ], [ 142.577438479601994, 43.386302690017303 ], [ 142.577522079679994, 43.386191870158797 ], [ 142.577791780067002, 43.386104390405499 ], [ 142.578305899996991, 43.3860766301326 ], [ 142.578805569622006, 43.3860952595887 ], [ 142.579322179775005, 43.386107779950201 ], [ 142.579462449732006, 43.386070289912098 ], [ 142.579980460130002, 43.385929760050502 ], [ 142.580739819786999, 43.3860067303265 ], [ 142.58160723028999, 43.3860831403248 ], [ 142.582286320057989, 43.3862531400706 ], [ 142.583622280044011, 43.386441219786597 ], [ 142.584430519653012, 43.386558180215999 ], [ 142.584984059567006, 43.3866820798143 ], [ 142.585573159574011, 43.386762370387302 ], [ 142.586148929828994, 43.386691019974798 ], [ 142.586612479981994, 43.3867238101559 ], [ 142.586502240186007, 43.386383289957102 ], [ 142.586371989576008, 43.385945279651096 ], [ 142.585648479593999, 43.385747769643999 ], [ 142.585171320000995, 43.385609710220102 ], [ 142.585645179980986, 43.385164499941901 ], [ 142.586108210325989, 43.384715679785003 ], [ 142.586396249686999, 43.3845287601943 ], [ 142.586692069983002, 43.384194920159601 ], [ 142.587255940408994, 43.383578339568899 ], [ 142.587773699897014, 43.383011479796103 ], [ 142.587936190302997, 43.382825109691197 ], [ 142.587987600047995, 43.382507370219102 ], [ 142.588058740018994, 43.3819154904077 ], [ 142.587635730404998, 43.381893529862701 ], [ 142.58746937021499, 43.3818243701987 ], [ 142.587123589881998, 43.381577439747197 ], [ 142.586964159867989, 43.3815282702137 ], [ 142.586711409904012, 43.381561590095501 ], [ 142.586418390097009, 43.381595179773903 ], [ 142.586128699580001, 43.381507680235401 ], [ 142.58579624000501, 43.381364349884997 ], [ 142.585382690359012, 43.381145749876602 ], [ 142.584931360193991, 43.3810076895534 ], [ 142.584763050275001, 43.380924360171299 ], [ 142.584626960365995, 43.3808876903148 ], [ 142.584454759978996, 43.380791579767703 ], [ 142.584147580347008, 43.3806260298675 ], [ 142.583587649849989, 43.380463810156897 ], [ 142.582942719930998, 43.380266860427398 ], [ 142.582640269833007, 43.380026049862501 ], [ 142.582807770361995, 43.3796980302401 ], [ 142.583305799622991, 43.379338090080999 ], [ 142.583694949761991, 43.379060630344 ], [ 142.584538500352011, 43.378642370049498 ], [ 142.58472433985699, 43.378209639663297 ], [ 142.584695770194003, 43.3775852700443 ], [ 142.584576100107, 43.376782859841299 ], [ 142.58475720018501, 43.3765184501665 ], [ 142.58589433985199, 43.375561379953901 ], [ 142.586572339642004, 43.375190899740403 ], [ 142.58732838979401, 43.374701260255101 ], [ 142.587882239973993, 43.374265500052999 ], [ 142.588805260055011, 43.373686860060701 ], [ 142.589165190321012, 43.3735653598536 ], [ 142.589691260443004, 43.373154310323301 ], [ 142.590570079745987, 43.372541360295699 ], [ 142.591030590190002, 43.372449999967699 ], [ 142.591585819930003, 43.372260049661698 ], [ 142.591748580132986, 43.372206170378597 ], [ 142.592164090300997, 43.372159800434602 ], [ 142.592628500204995, 43.371785980139101 ], [ 142.59296569021501, 43.371784880268201 ], [ 142.593273990402992, 43.371665179604499 ], [ 142.593402599749993, 43.371558250213198 ], [ 142.593803139802986, 43.370832250008498 ], [ 142.593985360435994, 43.370262319950299 ], [ 142.59435448986801, 43.370025419637599 ], [ 142.594580860018993, 43.3699932104185 ], [ 142.594698629838007, 43.369976549578297 ], [ 142.594816670352998, 43.369974060254798 ], [ 142.595210509558001, 43.370048790319601 ], [ 142.59533993998599, 43.370091279688999 ], [ 142.596164889898006, 43.369121160313497 ], [ 142.596609869949987, 43.368312939590702 ], [ 142.597190660221003, 43.367721370045302 ], [ 142.597273160427989, 43.367658879753698 ], [ 142.597469530094997, 43.367596670050403 ], [ 142.597618400268999, 43.367583899677399 ], [ 142.597823930429996, 43.367622239574899 ], [ 142.597947519761988, 43.367662799898497 ], [ 142.598382459783011, 43.368044439799199 ], [ 142.599223719798999, 43.368726070152199 ], [ 142.599430080034011, 43.368905500188902 ], [ 142.600100819597003, 43.369298819584998 ], [ 142.600937649553003, 43.369697710281301 ], [ 142.601414519564997, 43.370040190102898 ], [ 142.601825300197987, 43.370149359705401 ], [ 142.60251244969001, 43.370148279619599 ], [ 142.603027120006004, 43.369794460246297 ], [ 142.603497639903992, 43.369263710052302 ], [ 142.603645680004007, 43.369216500141498 ], [ 142.604030640202012, 43.369129030280703 ], [ 142.604340880227994, 43.369302079627502 ], [ 142.60479359984501, 43.369372369739303 ], [ 142.605574629566007, 43.369143549835101 ], [ 142.606940090013012, 43.368148160409397 ], [ 142.607343659881991, 43.367966810320198 ], [ 142.608844329801997, 43.368007160202502 ], [ 142.610422479914007, 43.368213040199798 ], [ 142.610330290411014, 43.367948619733198 ], [ 142.610113950399011, 43.3675456002494 ], [ 142.609940369552987, 43.367243669959599 ], [ 142.609848730435004, 43.367069240153498 ], [ 142.609773469770005, 43.366948970218999 ], [ 142.609747089955988, 43.366871200445701 ], [ 142.609596840221997, 43.366687329556797 ], [ 142.609505460109006, 43.3665884401046 ], [ 142.609225229560991, 43.3663153996362 ], [ 142.60906581033899, 43.366197629817002 ], [ 142.608727800147989, 43.366031239949898 ], [ 142.608363959629003, 43.365904570439703 ], [ 142.608019840344014, 43.365787629795399 ], [ 142.607837920083995, 43.365703179858002 ], [ 142.607655730028, 43.365566800367702 ], [ 142.607460200328006, 43.365375980417397 ], [ 142.607342999780002, 43.365277090065803 ], [ 142.607248570065991, 43.3651901499057 ], [ 142.607013060105004, 43.3648340696367 ], [ 142.606916700445993, 43.364669919980997 ], [ 142.606790610099011, 43.364454660054697 ], [ 142.606544829879994, 43.364023019646801 ], [ 142.606314320150005, 43.3636822197588 ], [ 142.606289880173989, 43.363646110179999 ], [ 142.606586810233011, 43.363437249829403 ], [ 142.606841519819994, 43.363216729768503 ], [ 142.606954560105009, 43.363150349908899 ], [ 142.607306210312998, 43.362879840132699 ], [ 142.607570369976997, 43.362605160200097 ], [ 142.608089509922991, 43.362204389920798 ], [ 142.608363660154993, 43.361983859967303 ], [ 142.608666700208005, 43.361730010132 ], [ 142.608963079881988, 43.361415060356897 ], [ 142.609224180051996, 43.361161490210698 ], [ 142.609504729859992, 43.360934020189099 ], [ 142.609920540400992, 43.360585460051098 ], [ 142.610149690355996, 43.360431050053101 ], [ 142.610072479960991, 43.360387160439203 ], [ 142.609623130104012, 43.3597566403568 ], [ 142.609740130103006, 43.3587123098254 ], [ 142.610244059816011, 43.357369130081501 ], [ 142.610387720217005, 43.356438109631199 ], [ 142.610318610016009, 43.355720119687902 ], [ 142.610486730178991, 43.354538579591903 ], [ 142.610328169809009, 43.354033620155597 ], [ 142.610439010351996, 43.353707269674899 ], [ 142.610478180324009, 43.353591730174401 ], [ 142.61060679956401, 43.353366199990298 ], [ 142.610392720448004, 43.352211299612001 ], [ 142.609137909887011, 43.350818620283299 ], [ 142.608128310273997, 43.3500994899997 ], [ 142.607476739759989, 43.349407590288301 ], [ 142.605060669713993, 43.347551590133897 ], [ 142.603503070010987, 43.346989090274498 ], [ 142.602992860331995, 43.346585220032097 ], [ 142.603240340269991, 43.346595510074899 ], [ 142.603463370338005, 43.346540520129103 ], [ 142.603773630148993, 43.346482199993702 ], [ 142.607903469869001, 43.347463079757503 ], [ 142.608993629851994, 43.347925289920298 ], [ 142.609788539709001, 43.348281399866899 ], [ 142.614394449944001, 43.349941140071699 ], [ 142.615496560118004, 43.350182830173701 ], [ 142.616343420213013, 43.350374509875898 ], [ 142.61861490985001, 43.350161570200498 ], [ 142.62363272037399, 43.347783969554698 ], [ 142.625317379893005, 43.346858020381497 ], [ 142.627992710096009, 43.343324030080097 ], [ 142.629670489800986, 43.341679810375098 ], [ 142.631119380354988, 43.340365829819298 ], [ 142.632664060398014, 43.339617910438399 ], [ 142.634822249846991, 43.339095870178397 ], [ 142.636670059875996, 43.336278219564299 ], [ 142.638997449572997, 43.332314210332697 ], [ 142.639021369740988, 43.330740529851703 ], [ 142.639413600057992, 43.329023570281699 ], [ 142.640588819718005, 43.327393049949499 ], [ 142.642732030058994, 43.324837729777599 ], [ 142.645524059888004, 43.323753929800198 ], [ 142.648268619900989, 43.322688119860999 ], [ 142.65131627033, 43.32088709976 ], [ 142.651344879562998, 43.320857659553504 ], [ 142.651597640319011, 43.320852400318202 ], [ 142.651760410414994, 43.320829349794799 ], [ 142.651870400198987, 43.320819360125498 ], [ 142.651958170433005, 43.320831859802603 ], [ 142.652143160078992, 43.320853529866703 ], [ 142.652314819972986, 43.320856319563703 ], [ 142.652656740416006, 43.3208646598763 ], [ 142.652828400310995, 43.320841620144797 ], [ 142.653056989987988, 43.320828019697501 ], [ 142.653310870400986, 43.320811089960003 ], [ 142.653865279959007, 43.320825280362598 ], [ 142.654814380380003, 43.320834480427102 ], [ 142.654906599560007, 43.320811990181397 ], [ 142.654944380079002, 43.320776439980897 ], [ 142.655092680082987, 43.3211569602257 ], [ 142.655521209736008, 43.322267130124096 ], [ 142.655936399745002, 43.323332580334501 ], [ 142.656351319957992, 43.324375540299101 ], [ 142.656766509967014, 43.325447659881803 ], [ 142.657181690083007, 43.326516180377602 ], [ 142.657259190059989, 43.326545619684801 ], [ 142.656967809717003, 43.326783910349398 ], [ 142.658263230063994, 43.327286439817499 ], [ 142.660306950206007, 43.328169479637999 ], [ 142.661134099858998, 43.328644739863002 ], [ 142.662280650031988, 43.329549400284698 ], [ 142.662965849794006, 43.330489320425997 ], [ 142.663092500418998, 43.330669030151803 ], [ 142.663391329846007, 43.331492550141299 ], [ 142.663750980423998, 43.332527439589903 ], [ 142.663938999885005, 43.333050720014903 ], [ 142.664081449798999, 43.333940619863903 ], [ 142.664050339552006, 43.333955339967098 ], [ 142.664093110408999, 43.333963670387199 ], [ 142.664124479661012, 43.3343711298239 ], [ 142.664171669787009, 43.335021050081501 ], [ 142.664208309966, 43.335539039795002 ], [ 142.664136359704997, 43.335858999693201 ], [ 142.664028840359009, 43.336307829742701 ], [ 142.664002730341991, 43.336350050214797 ], [ 142.663736610157002, 43.336724720369702 ], [ 142.663345780084001, 43.3371479799955 ], [ 142.662954670321994, 43.337560409985102 ], [ 142.662714949735005, 43.337720099902903 ], [ 142.661932199612011, 43.3382288895518 ], [ 142.660995009812012, 43.3387873901261 ], [ 142.660041150179012, 43.339367829661803 ], [ 142.659229219753001, 43.339948840266899 ], [ 142.658723129869003, 43.340196000045502 ], [ 142.657745680119007, 43.340688670246102 ], [ 142.657153199561009, 43.341073029696702 ], [ 142.65672987968, 43.341348529810901 ], [ 142.655752150241995, 43.341802590317499 ], [ 142.655449389877987, 43.341866169688203 ], [ 142.654729989797005, 43.342017780096597 ], [ 142.654625260148009, 43.342384680109099 ], [ 142.654444669985992, 43.343004599882498 ], [ 142.654353250301995, 43.343629799575801 ], [ 142.65437210998499, 43.343993929676301 ], [ 142.654395960006013, 43.344597190408201 ], [ 142.654516220048009, 43.344833560120897 ], [ 142.654690069791002, 43.345189920078901 ], [ 142.654803110075989, 43.345286029726701 ], [ 142.654891150107005, 43.345376020387199 ], [ 142.655052240268986, 43.3455268501842 ], [ 142.655365260098989, 43.345830720311703 ], [ 142.655527440239013, 43.346166799658199 ], [ 142.655922110417009, 43.346551230155299 ], [ 142.656050129810012, 43.346929250284902 ], [ 142.656238980245007, 43.347339770114402 ], [ 142.656558649662003, 43.347794179557901 ], [ 142.656796389942002, 43.3481033197126 ], [ 142.657190769638987, 43.348650229824401 ], [ 142.657269089797012, 43.348772439596601 ], [ 142.657863459830992, 43.349163269669297 ], [ 142.657975949730002, 43.349241040341902 ], [ 142.657988700317986, 43.349639049702503 ], [ 142.658009780426994, 43.350078730049503 ], [ 142.658025300027987, 43.350661720062497 ], [ 142.658032490108013, 43.351253039596301 ], [ 142.658075209702986, 43.352129609693897 ], [ 142.658102079646994, 43.3531753197854 ], [ 142.658108720240989, 43.353656379738297 ], [ 142.658241690402008, 43.354750430188297 ], [ 142.658320530368002, 43.355510899608497 ], [ 142.658343859681992, 43.355545340045602 ], [ 142.658292969744991, 43.356458019721998 ], [ 142.658175920283014, 43.358156699672101 ], [ 142.658143940391, 43.358815790316598 ], [ 142.660020220256996, 43.358660900080601 ], [ 142.663014219831012, 43.3584135703302 ], [ 142.665058809616994, 43.358556430335199 ], [ 142.665164899940009, 43.358694749663101 ], [ 142.665311830277005, 43.358906120021601 ], [ 142.665545689981997, 43.359075000111297 ], [ 142.665709559947999, 43.359281100442601 ], [ 142.665983960191994, 43.359718279774903 ], [ 142.666072000223011, 43.359838270020298 ], [ 142.666286699871989, 43.360014100070799 ], [ 142.666438910127994, 43.360117700171898 ], [ 142.66651250974499, 43.360234079639199 ], [ 142.666550280371013, 43.360302130439202 ], [ 142.666658039836989, 43.360439340003701 ], [ 142.666678039859988, 43.3605171097769 ], [ 142.666693310347995, 43.360630150061503 ], [ 142.666736910379996, 43.360637100022302 ], [ 142.667000499873012, 43.360854860063903 ], [ 142.668625320301999, 43.362217549700297 ], [ 142.668680320140993, 43.362245890036 ], [ 142.669134719692011, 43.3624447697105 ], [ 142.670387120069989, 43.363000039920102 ], [ 142.670796809824992, 43.363183370316399 ], [ 142.673354179552007, 43.3630246102977 ], [ 142.67473940979599, 43.362484189693802 ], [ 142.676034080108991, 43.361989030169802 ], [ 142.678156499923006, 43.3611434003478 ], [ 142.680142249764998, 43.360357749910399 ], [ 142.681691629665011, 43.359745670426499 ], [ 142.68335211990501, 43.359098049735401 ], [ 142.685405639958987, 43.358294359797 ], [ 142.687866589771005, 43.358234480237201 ], [ 142.690342810072991, 43.358189599570601 ], [ 142.693152630290001, 43.358138349905097 ], [ 142.69504055997399, 43.358099560346602 ], [ 142.697141530057991, 43.358056050246702 ], [ 142.697394850192012, 43.358065500322802 ], [ 142.697690940285014, 43.358083020015599 ], [ 142.698052849958998, 43.358090249665501 ], [ 142.698550059936991, 43.357575340129998 ], [ 142.698972270054014, 43.357135690360003 ], [ 142.699370319884991, 43.356729370364299 ], [ 142.699576979594013, 43.356511630107804 ], [ 142.700396959851986, 43.355602619665298 ], [ 142.701117500273, 43.354788309633001 ], [ 142.701915809566998, 43.353905119625701 ], [ 142.70215886034299, 43.353641280121202 ], [ 142.70237634968899, 43.353382150366102 ], [ 142.70256328996399, 43.353159689568201 ], [ 142.702839389925998, 43.352995000319197 ], [ 142.703176880309002, 43.352666170407602 ], [ 142.704291560307013, 43.351936590001799 ], [ 142.704955140368014, 43.351494450009 ], [ 142.705876500300008, 43.350816800055398 ], [ 142.706787019805006, 43.350179970329499 ], [ 142.70753560018801, 43.349632579979797 ], [ 142.708370559553998, 43.349318210267398 ], [ 142.710295699586993, 43.348980010319401 ], [ 142.712618050383014, 43.348354629862499 ], [ 142.713129969672991, 43.348098859974598 ], [ 142.713774649581012, 43.347810590386601 ], [ 142.714359340212013, 43.3475806400347 ], [ 142.714613490419993, 43.347460669574403 ], [ 142.715371490302005, 43.347274890324101 ], [ 142.715920899629992, 43.347192429686999 ], [ 142.717017479872993, 43.347168589558898 ], [ 142.719176750307014, 43.3472273 ], [ 142.721101880448003, 43.3472129504175 ], [ 142.721939310251003, 43.347244649720899 ], [ 142.722323729956003, 43.347265770299202 ], [ 142.724855170430004, 43.347688340144899 ], [ 142.726523359764997, 43.347963940084 ], [ 142.727637430024004, 43.348328390343099 ], [ 142.728024060261987, 43.348525599976597 ], [ 142.72874481022501, 43.348984749746599 ], [ 142.729366689621003, 43.349431389946901 ], [ 142.730266040445997, 43.3500147001185 ], [ 142.730573229970986, 43.3501994100749 ], [ 142.731597850061007, 43.350647740101302 ], [ 142.732421930328002, 43.351042180052701 ], [ 142.733319340414994, 43.351545490132402 ], [ 142.733912890267987, 43.351908530254697 ], [ 142.734361740102003, 43.352153799658304 ], [ 142.734719479619997, 43.352306300395597 ], [ 142.735072510288006, 43.352429910412198 ], [ 142.735267770191996, 43.352474079715201 ], [ 142.735628849791993, 43.352520759925298 ], [ 142.735968549809002, 43.352592979982198 ], [ 142.736247139993992, 43.352643270070999 ], [ 142.736396850135009, 43.3526457701863 ], [ 142.736737370333998, 43.352708559952198 ], [ 142.736966799978006, 43.352778010097303 ], [ 142.737209830069986, 43.352899110106002 ], [ 142.737443980255989, 43.353013549735699 ], [ 142.737591460077994, 43.353134930332899 ], [ 142.737702010139998, 43.3532374296638 ], [ 142.737887540277995, 43.353409360253899 ], [ 142.737988919953011, 43.3535049096241 ], [ 142.738169730448988, 43.353692109803198 ], [ 142.738259450413011, 43.353743780351401 ], [ 142.738363600000014, 43.353776000362302 ], [ 142.738432759663993, 43.353819050009299 ], [ 142.738627460189008, 43.353994319782203 ], [ 142.738702180361997, 43.354034589624803 ], [ 142.738834949973011, 43.354085150409503 ], [ 142.738982159999011, 43.3541012698579 ], [ 142.739047150406009, 43.354142369774699 ], [ 142.739193239875988, 43.354304030107102 ], [ 142.739271569927013, 43.354345969990703 ], [ 142.739481549933998, 43.354414029783797 ], [ 142.740018449692002, 43.354674850264303 ], [ 142.740205649871001, 43.354788180130598 ], [ 142.740345909935996, 43.354924279931801 ], [ 142.740463960343988, 43.354973169776102 ], [ 142.74071422008501, 43.355053730145698 ], [ 142.740849759609006, 43.355110390132602 ], [ 142.740894199607993, 43.3551581702135 ], [ 142.741047239938013, 43.355322040180198 ], [ 142.741176940163996, 43.355468140442497 ], [ 142.741293879908994, 43.355563140326801 ], [ 142.741339980056011, 43.355606189973898 ], [ 142.741435530325987, 43.3557308998613 ], [ 142.741554950400996, 43.355981430298897 ], [ 142.741653829960001, 43.3561514102595 ], [ 142.741759930177011, 43.356271959883202 ], [ 142.741822700157996, 43.356351680285997 ], [ 142.741922960176993, 43.356555820095203 ], [ 142.741985730157012, 43.356627479874497 ], [ 142.742096829704991, 43.356693869626604 ], [ 142.742152930314006, 43.356761639837998 ], [ 142.742260140293013, 43.357003279577803 ], [ 142.742354290317991, 43.357118269592704 ], [ 142.742701749686006, 43.357511579995602 ], [ 142.743241690052002, 43.358121529884798 ], [ 142.743576930330988, 43.358499270325197 ], [ 142.743814120226006, 43.358772030205202 ], [ 142.744195750234013, 43.359205329862299 ], [ 142.744517380172994, 43.359552520332699 ], [ 142.744686250369995, 43.359733900099599 ], [ 142.744707350264008, 43.359775560294104 ], [ 142.743291890209008, 43.360162390182303 ], [ 142.742228619955, 43.360412040183697 ], [ 142.741518119565995, 43.360503940104898 ], [ 142.740177099992991, 43.360475269718101 ], [ 142.739749629741993, 43.360549130138402 ], [ 142.738537230308992, 43.360336599654502 ], [ 142.738480289734014, 43.360340199640703 ], [ 142.738680819664012, 43.360557959682197 ], [ 142.739249639959013, 43.361206520164998 ], [ 142.739790129811013, 43.361814249628097 ], [ 142.740402839718996, 43.362505029683497 ], [ 142.738999589759004, 43.362881029935799 ], [ 142.737526070372013, 43.3632928600776 ], [ 142.736780839964013, 43.363501129573599 ], [ 142.737094679975996, 43.363976649702799 ], [ 142.73758460994199, 43.364793240415899 ], [ 142.738059540116012, 43.365541499740601 ], [ 142.738421160208986, 43.366118949929799 ], [ 142.738049209603986, 43.366821070436202 ], [ 142.737570870100001, 43.367761210011999 ], [ 142.737228650182004, 43.368416400296802 ], [ 142.73682363959901, 43.369200449940998 ], [ 142.736559479936005, 43.369711760389599 ], [ 142.736720279617003, 43.370075340104997 ], [ 142.736898869686996, 43.370420019668401 ], [ 142.737169380363014, 43.370998020242602 ], [ 142.737281870261995, 43.371218550196097 ], [ 142.737295469809993, 43.371345479610298 ], [ 142.737306849830986, 43.371451860415199 ], [ 142.737417950278001, 43.371687109572598 ], [ 142.73744406029499, 43.371725439577503 ], [ 142.737365150182001, 43.372458119946401 ], [ 142.737284019642004, 43.373054429818197 ], [ 142.737137309638996, 43.374469239663803 ], [ 142.737011720215008, 43.375452999956202 ], [ 142.736930059975009, 43.375442719805797 ], [ 142.736586199693988, 43.3752932803608 ], [ 142.736194849812989, 43.375137730022402 ], [ 142.735962929945003, 43.375026339993802 ], [ 142.735646290343993, 43.3749010599361 ], [ 142.735153549996994, 43.374674400203602 ], [ 142.734716920149992, 43.374508010336598 ], [ 142.734518050367996, 43.374414679593897 ], [ 142.734302240056991, 43.374230250225999 ], [ 142.734076709871999, 43.374049150148302 ], [ 142.733879510131004, 43.373896379614401 ], [ 142.733632579680005, 43.373805829575502 ], [ 142.733349000055995, 43.373651940285001 ], [ 142.733118189952989, 43.373491670304503 ], [ 142.732891829694012, 43.373345570042197 ], [ 142.732520469944006, 43.373253340069802 ], [ 142.732180779819004, 43.373227769646 ], [ 142.731866080055994, 43.373167759684499 ], [ 142.73147056001801, 43.373092749930599 ], [ 142.731112530019004, 43.373039129652298 ], [ 142.730930320178004, 43.373036619644402 ], [ 142.730608129961013, 43.373088259615699 ], [ 142.730184819973999, 43.373159340231602 ], [ 142.729959559586007, 43.373163499595996 ], [ 142.729734860375999, 43.373139320423498 ], [ 142.729525429854988, 43.373087649875302 ], [ 142.729256840131001, 43.373094580051003 ], [ 142.728723550251999, 43.373157330246798 ], [ 142.728188860128, 43.373272560380499 ], [ 142.727891109886997, 43.3733067103366 ], [ 142.727444199889987, 43.373360290145499 ], [ 142.726963120151993, 43.373437760444503 ], [ 142.726540650131, 43.373470510156103 ], [ 142.726310670102009, 43.373481329899597 ], [ 142.726148179695002, 43.373461599673199 ], [ 142.725905699988004, 43.373385210359302 ], [ 142.725273820131008, 43.373174090012398 ], [ 142.724960790408005, 43.373051319962599 ], [ 142.724604149861989, 43.372945199961201 ], [ 142.724081700410011, 43.372760200423102 ], [ 142.723720340222002, 43.3726438101639 ], [ 142.723482310360993, 43.372591580237398 ], [ 142.723240110342999, 43.3725046301847 ], [ 142.722941240446005, 43.372385470013597 ], [ 142.722793480034994, 43.372358799719002 ], [ 142.722477389919987, 43.372351279588003 ], [ 142.722320460020995, 43.372307110285099 ], [ 142.722106870136002, 43.372224059692797 ], [ 142.721892719972999, 43.3721651702866 ], [ 142.721688849960998, 43.372082390390197 ], [ 142.721467480039991, 43.371929059578598 ], [ 142.721096130181991, 43.3716449196775 ], [ 142.720858930394996, 43.371554359746099 ], [ 142.720673119668987, 43.371516849922799 ], [ 142.720256759642012, 43.371494060202899 ], [ 142.719841239581996, 43.3714498702155 ], [ 142.719393229714001, 43.371349590411498 ], [ 142.719077979564986, 43.371317349716101 ], [ 142.718445540330009, 43.371319539565299 ], [ 142.717913079624992, 43.3713508998243 ], [ 142.717606159896008, 43.371360599911903 ], [ 142.716987879587009, 43.371369729829297 ], [ 142.716465709825002, 43.371373319923002 ], [ 142.716054629718002, 43.371329129935603 ], [ 142.715469129696999, 43.3711782902461 ], [ 142.715243040133998, 43.371051070350802 ], [ 142.715217490394991, 43.3710296898685 ], [ 142.715108890062993, 43.370968859725302 ], [ 142.714610320309987, 43.370793019782198 ], [ 142.714233130254996, 43.370644690100598 ], [ 142.713845669942003, 43.370534679631902 ], [ 142.713595129612003, 43.370491340403198 ], [ 142.713232669552013, 43.370430500367497 ], [ 142.712799369895009, 43.370323269703299 ], [ 142.712291910343993, 43.370208259903499 ], [ 142.712001379859998, 43.370143249711397 ] ] } },
{ "type": "Feature", "properties": { "NAME": "大雪山", "ZONE": "特別保護地区" }, "geometry": { "type": "LineString", "coordinates": [ [ 142.779641739975006, 43.619937659695402 ], [ 142.779245120066008, 43.619682399723203 ], [ 142.779014600443986, 43.619541299691399 ], [ 142.779045490356992, 43.618597779563999 ], [ 142.777027650006005, 43.618048890044399 ], [ 142.775791119963998, 43.617725000108898 ], [ 142.775571699773991, 43.6176675001552 ], [ 142.772749780077987, 43.6169044397882 ], [ 142.772738390164989, 43.617002480280398 ], [ 142.772173999930004, 43.616840540258899 ], [ 142.771802359590993, 43.616934960080499 ], [ 142.771770699857996, 43.6168971903532 ], [ 142.771549880322993, 43.616928289808897 ], [ 142.771404059750012, 43.616939400033502 ], [ 142.771206860008988, 43.6168710596518 ], [ 142.771065500073007, 43.616755239562799 ], [ 142.77060915978501, 43.616571910065801 ], [ 142.770199479922013, 43.616538840195503 ], [ 142.769962569716995, 43.616349680393597 ], [ 142.769950630317993, 43.616365510260302 ], [ 142.76990839995301, 43.616426059814998 ], [ 142.769845350282992, 43.616516609853797 ], [ 142.769816179873004, 43.616622430381 ], [ 142.769696439639006, 43.616968500296203 ], [ 142.769619220251002, 43.617091540142603 ], [ 142.769508660296992, 43.617192909925002 ], [ 142.769398110234988, 43.6173067901764 ], [ 142.769282829739012, 43.617397049734201 ], [ 142.769166450271996, 43.617466489986697 ], [ 142.769005350216986, 43.617543970178197 ], [ 142.768912020373989, 43.617593690096903 ], [ 142.768762300340001, 43.617679230012598 ], [ 142.769054499964994, 43.617617860276198 ], [ 142.769188110442997, 43.617601200335301 ], [ 142.769399479902006, 43.617575930285099 ], [ 142.769557800152, 43.617579819852899 ], [ 142.769656120333991, 43.617590930077498 ], [ 142.769824149664998, 43.617670930169503 ], [ 142.769981079562996, 43.6177836997581 ], [ 142.770044399928992, 43.617825090156003 ], [ 142.77016689029, 43.6179048096594 ], [ 142.770284369628001, 43.617952860436297 ], [ 142.77044074014799, 43.617996750050203 ], [ 142.770530180424004, 43.6180123101202 ], [ 142.770613779602002, 43.618007870167197 ], [ 142.770797379794999, 43.617974820082097 ], [ 142.77101430976299, 43.617913169757202 ], [ 142.771197359571005, 43.617835409876399 ], [ 142.771325959925008, 43.617762640333801 ], [ 142.771414570126012, 43.617689320406001 ], [ 142.771519569573002, 43.617583779568001 ], [ 142.771630679911993, 43.617433799630298 ], [ 142.771673729559012, 43.617446300206801 ], [ 142.772132849651001, 43.617549080126103 ], [ 142.772303659686003, 43.617597690281301 ], [ 142.772244770279997, 43.617684619649701 ], [ 142.772412810403011, 43.617735180434401 ], [ 142.77239114033901, 43.617767670242003 ], [ 142.772370859727999, 43.6178035001316 ], [ 142.772910249707991, 43.617937109709999 ], [ 142.77293498016499, 43.617872120202399 ], [ 142.77294970026901, 43.617837960353803 ], [ 142.77297136044001, 43.617857679788202 ], [ 142.77300552028899, 43.617897949630802 ], [ 142.773101059765992, 43.618056000084501 ], [ 142.773113279754, 43.618076549593198 ], [ 142.773172439856012, 43.618155160232597 ], [ 142.77319743021701, 43.618196260149404 ], [ 142.773284640174012, 43.618298200101997 ], [ 142.773344630351005, 43.6183579195825 ], [ 142.773421279568993, 43.618420130185001 ], [ 142.773525160258004, 43.618479849665498 ], [ 142.773610430377005, 43.618542630438199 ], [ 142.773650979909007, 43.618564019913798 ], [ 142.773694029555998, 43.618585129700101 ], [ 142.773775959592996, 43.618616509744299 ], [ 142.77463861987701, 43.619192309677501 ], [ 142.775539610164998, 43.619812279812997 ], [ 142.776216740309991, 43.620276970306101 ], [ 142.777117739592001, 43.6208813803716 ], [ 142.777708489855002, 43.621289409978402 ], [ 142.778327850250008, 43.621702449708401 ], [ 142.778832229623987, 43.6220535297468 ], [ 142.778954989780999, 43.622139090346899 ], [ 142.779005269977006, 43.622159639855703 ], [ 142.779123590181996, 43.622192699833398 ], [ 142.779510209628995, 43.622279089608497 ], [ 142.780460390135005, 43.622511590437703 ], [ 142.78146057024901, 43.6227490896989 ], [ 142.78194467980299, 43.622864089606203 ], [ 142.783050130059991, 43.6231513195779 ], [ 142.783738939699987, 43.623305760152903 ], [ 142.783694509594, 43.623169670244202 ], [ 142.783659239982001, 43.623107449749199 ], [ 142.783641189689007, 43.623081060042999 ], [ 142.783576210073988, 43.622879139760599 ], [ 142.783559540240987, 43.622850529628401 ], [ 142.783384589727007, 43.622316129985599 ], [ 142.782252239848987, 43.621596460108698 ], [ 142.78218362967101, 43.621546740190098 ], [ 142.781008509835004, 43.620790949942503 ], [ 142.780074179879989, 43.620197370412498 ], [ 142.779641739975006, 43.619937659695402 ] ] } },
{ "type": "Feature", "properties": { "NAME": "大雪山", "ZONE": "特別保護地区" }, "geometry": { "type": "LineString", "coordinates": [ [ 142.907247980410006, 43.776431139585597 ], [ 142.907034369841, 43.776748319679399 ], [ 142.906890490004002, 43.7768613500714 ], [ 142.90673577963301, 43.777021879956003 ], [ 142.906692720092991, 43.777084370247699 ], [ 142.906655780439991, 43.777138530119302 ], [ 142.906784959958003, 43.776704150376403 ], [ 142.906961909665, 43.776231429836798 ], [ 142.907205820193013, 43.775281010110703 ], [ 142.90708641990301, 43.774822450296 ], [ 142.907017010227008, 43.774293350358001 ], [ 142.906815679900006, 43.773672589718402 ], [ 142.906879289848007, 43.773399569934398 ], [ 142.906911800339003, 43.7732615302955 ], [ 142.907005140075, 43.772916300347198 ], [ 142.907000700122012, 43.7727835397287 ], [ 142.906980180290986, 43.772165840381398 ], [ 142.907239640097004, 43.771484280175599 ], [ 142.907095789939007, 43.771086539712201 ], [ 142.907016080327992, 43.770998489788703 ], [ 142.906818049613008, 43.770840450126897 ], [ 142.906703350079994, 43.770747960250297 ], [ 142.906716689723993, 43.770536320095303 ], [ 142.906880850171007, 43.7704610603299 ], [ 142.907139989819001, 43.770269699886903 ], [ 142.907399140258008, 43.770055850097499 ], [ 142.907734390429994, 43.7698359002068 ], [ 142.907885769713005, 43.769727309767703 ], [ 142.908190190225014, 43.769535120149797 ], [ 142.90821907015399, 43.769508180058601 ], [ 142.908663200347007, 43.769223800038503 ], [ 142.909092349632004, 43.768898570113102 ], [ 142.909364290230002, 43.768705000035901 ], [ 142.909742599941012, 43.768420319642203 ], [ 142.909914540424012, 43.768284790011201 ], [ 142.910092869690004, 43.768144260149697 ], [ 142.910250369759012, 43.767977339682702 ], [ 142.910288429967011, 43.767780970015899 ], [ 142.910273729648992, 43.767526280213801 ], [ 142.910273199947994, 43.767084390232597 ], [ 142.91029378992701, 43.766587229717103 ], [ 142.910135479568993, 43.766451409605097 ], [ 142.910138549853997, 43.766107280426802 ], [ 142.910027729995988, 43.7661031102705 ], [ 142.909833009685997, 43.766261140039802 ], [ 142.909663869691997, 43.7661147600883 ], [ 142.909598050109992, 43.7660511600332 ], [ 142.909111179636994, 43.765622300329099 ], [ 142.908931499588988, 43.765250669882697 ], [ 142.908660720016002, 43.7646737898637 ], [ 142.908477709778992, 43.764325489629798 ], [ 142.908490769732992, 43.7642302199488 ], [ 142.908548269687003, 43.764134960160398 ], [ 142.90863938000399, 43.764029139633202 ], [ 142.908920480196002, 43.763828339906098 ], [ 142.909029919595014, 43.763710579979403 ], [ 142.909059640390012, 43.763653919992599 ], [ 142.909067989696013, 43.763381459586903 ], [ 142.90916606975901, 43.762920959934497 ], [ 142.909769930338001, 43.762516309979901 ], [ 142.910023540053999, 43.762176080262101 ], [ 142.910275479729989, 43.761836130233398 ], [ 142.910625180208001, 43.761740329952403 ], [ 142.911670140264988, 43.7608382595782 ], [ 142.912254279611005, 43.760465819742002 ], [ 142.912897560174002, 43.760374749894901 ], [ 142.913727799897998, 43.759905950399499 ], [ 142.914421679917012, 43.759197180305797 ], [ 142.914612530444003, 43.758841670207097 ], [ 142.914775590121991, 43.758545330103097 ], [ 142.914940600428992, 43.758235099970101 ], [ 142.915120599736014, 43.758027909660498 ], [ 142.915544200205005, 43.757566870414898 ], [ 142.915674479594003, 43.757409120334799 ], [ 142.916095870427995, 43.756899470034703 ], [ 142.916538909742997, 43.756562590291502 ], [ 142.916620310078997, 43.756340949675199 ], [ 142.916783359864013, 43.756139040184699 ], [ 142.916823090114008, 43.756089599955303 ], [ 142.917062799907995, 43.755949349782803 ], [ 142.917248339938993, 43.755923530246903 ], [ 142.917583019940992, 43.755948540393 ], [ 142.918449880058006, 43.755968290404397 ], [ 142.919218419993996, 43.7559224996238 ], [ 142.919728660250001, 43.755786700196197 ], [ 142.920320020253001, 43.755485369754197 ], [ 142.920759720385007, 43.755172099912699 ], [ 142.921334149751004, 43.754636630076597 ], [ 142.921915529978008, 43.753956179634102 ], [ 142.922464129915994, 43.753393769706904 ], [ 142.923096339824014, 43.752655000028398 ], [ 142.923569650318996, 43.752296180424501 ], [ 142.924149060130986, 43.751953189787997 ], [ 142.924775130368005, 43.7516946400957 ], [ 142.925190379731987, 43.751479130157897 ], [ 142.925772289659989, 43.751117260053697 ], [ 142.926476689947009, 43.750688730400803 ], [ 142.926978329986014, 43.750323520214501 ], [ 142.927116660106009, 43.750152720072201 ], [ 142.927863000277, 43.749647259713399 ], [ 142.928228539615986, 43.749353149928098 ], [ 142.928706290062991, 43.748880450072903 ], [ 142.928952390440998, 43.748644940112101 ], [ 142.929098780284988, 43.748436909835704 ], [ 142.929424039888005, 43.748126689595203 ], [ 142.929729570164, 43.747985889936999 ], [ 142.92996927006601, 43.747941180141503 ], [ 142.930231470106008, 43.747862869875703 ], [ 142.930869479742995, 43.747664590048899 ], [ 142.931320270313989, 43.747572959924398 ], [ 142.931816060263003, 43.747433270029497 ], [ 142.932583770125007, 43.747178060419301 ], [ 142.933082060189008, 43.746995890148398 ], [ 142.933528970185989, 43.746844259954798 ], [ 142.933778950239002, 43.746812600221503 ], [ 142.934028930290992, 43.746788449827299 ], [ 142.934330570100002, 43.746794010335499 ], [ 142.934558600398987, 43.746872340386297 ], [ 142.934617220008988, 43.746701810040697 ], [ 142.934611940089013, 43.746671539759902 ], [ 142.934604720332004, 43.746647929858199 ], [ 142.934602499905992, 43.746621819841302 ], [ 142.934370580038006, 43.746564880165202 ], [ 142.934140459714996, 43.746475420104701 ], [ 142.934019230203006, 43.7463324000204 ], [ 142.933934800050991, 43.746190749603599 ], [ 142.933760940414999, 43.7459979898155 ], [ 142.933569300283011, 43.745852170141703 ], [ 142.933197400040001, 43.7457043899458 ], [ 142.93278134038701, 43.745563010224899 ], [ 142.932498599831007, 43.745462170143199 ], [ 142.932386389620007, 43.745417179759201 ], [ 142.93224086042801, 43.745305240244797 ], [ 142.93200034034399, 43.745012769923598 ], [ 142.931559300222006, 43.744706680269204 ], [ 142.930971329762997, 43.744285870396801 ], [ 142.930596659608, 43.744019779889101 ], [ 142.930137570092995, 43.743626199689501 ], [ 142.929845410038013, 43.743299549734601 ], [ 142.929667120341009, 43.742959030435102 ], [ 142.929527430446996, 43.742735160399498 ], [ 142.929363859954009, 43.742440750240597 ], [ 142.929341920094004, 43.742379640408203 ], [ 142.929454249913988, 43.740820939934601 ], [ 142.929690400191987, 43.7400874195989 ], [ 142.93052231984899, 43.739333929817199 ], [ 142.930972300131998, 43.738925390294703 ], [ 142.93158116004301, 43.738547120153598 ], [ 142.932099190226012, 43.738227180040496 ], [ 142.932291129832009, 43.738023319920401 ], [ 142.932365029821995, 43.737851960399801 ], [ 142.93239975984099, 43.737655040348002 ], [ 142.932437279557007, 43.737415620134897 ], [ 142.932538949713006, 43.737182040119301 ], [ 142.932664790047994, 43.737055949772397 ], [ 142.932890050435986, 43.736893200361102 ], [ 142.932942560051004, 43.736726270001597 ], [ 142.933008680006992, 43.736520749733003 ], [ 142.933146469634011, 43.736305770395198 ], [ 142.93327674003001, 43.736214959552903 ], [ 142.933408389985004, 43.736213019715301 ], [ 142.933576430107991, 43.736294959644901 ], [ 142.933780290227986, 43.736368290364503 ], [ 142.933950000392002, 43.736331910089703 ], [ 142.934034720125993, 43.736243319673598 ], [ 142.934079740187997, 43.735940849790602 ], [ 142.934157539638989, 43.735478689989698 ], [ 142.934218379675002, 43.7352939899259 ], [ 142.934451429989991, 43.734949039666603 ], [ 142.934697259670997, 43.734698799710003 ], [ 142.935071130328993, 43.7344005197683 ], [ 142.935605260175009, 43.734115850166503 ], [ 142.936129379666994, 43.733949230073101 ], [ 142.936723210107999, 43.733897869791001 ], [ 142.937405409732008, 43.733093269738802 ], [ 142.937841490093007, 43.732938859740699 ], [ 142.93814672988799, 43.732966370002103 ], [ 142.938363370273009, 43.732991659837403 ], [ 142.938612790048012, 43.733051099628703 ], [ 142.939091609790012, 43.733244429586897 ], [ 142.939265199629006, 43.733324429678902 ], [ 142.939470450100998, 43.733413319569202 ], [ 142.939742909607986, 43.733548590195397 ], [ 142.940159249850012, 43.733761639588202 ], [ 142.940678899711997, 43.733938299712896 ], [ 142.941478520217998, 43.734322730210003 ], [ 142.942043729734991, 43.734467459905503 ], [ 142.942347029692002, 43.7345257899334 ], [ 142.942677820124999, 43.734626069737502 ], [ 142.942801699938997, 43.7346241298998 ], [ 142.942849470126987, 43.734623580414102 ], [ 142.942860580352004, 43.734550530282903 ], [ 142.942869749838991, 43.734488879958 ], [ 142.942761160299, 43.734408330380298 ], [ 142.942886720046005, 43.734081710102998 ], [ 142.943005329832005, 43.733833689673197 ], [ 142.943251139729, 43.733847860290702 ], [ 142.943165099790008, 43.732740769670997 ], [ 142.943120380101988, 43.732733270224401 ], [ 142.942988169867988, 43.7327107700862 ], [ 142.942702389603994, 43.732398850126998 ], [ 142.942555200262007, 43.732023060316102 ], [ 142.942473569700013, 43.731485350268898 ], [ 142.942553589576988, 43.731055399687101 ], [ 142.942878840186012, 43.730897379810401 ], [ 142.942981610212996, 43.730828230038902 ], [ 142.94329574969899, 43.730719359910701 ], [ 142.94346295974799, 43.7305835595837 ], [ 142.943562399585005, 43.730433020267803 ], [ 142.943853770035986, 43.730238620116403 ], [ 142.943885990046994, 43.730216950052402 ], [ 142.943933770128012, 43.729951710303297 ], [ 142.94399738007499, 43.7299825399624 ], [ 142.944104590054991, 43.729922830374498 ], [ 142.944314570062005, 43.729805910414598 ], [ 142.944343180194011, 43.729763699834997 ], [ 142.944389020437001, 43.729695649934499 ], [ 142.944576229609993, 43.7294187495758 ], [ 142.944666509851999, 43.729245999703302 ], [ 142.944906490341992, 43.729125469864698 ], [ 142.945592500394014, 43.728857980011902 ], [ 142.94626081988099, 43.728431720247798 ], [ 142.946433309849994, 43.728332849681401 ], [ 142.947414060110987, 43.728177620400999 ], [ 142.947900409876013, 43.728100419898603 ], [ 142.948441479791001, 43.7280146101863 ], [ 142.948546740040001, 43.728162369697799 ], [ 142.94987776005101, 43.727658859968599 ], [ 142.950183269641997, 43.7279938295517 ], [ 142.950904870364013, 43.728110219811001 ], [ 142.951251790138002, 43.728056620216996 ], [ 142.951532050363994, 43.727741399746002 ], [ 142.951920240026993, 43.727810359760397 ], [ 142.95230426043301, 43.727854330313299 ], [ 142.952789340355991, 43.727848460438302 ], [ 142.95320166962199, 43.7278220797253 ], [ 142.953537710297013, 43.727760610164196 ], [ 142.953855740249992, 43.727642860130103 ], [ 142.95407821993399, 43.727645919623697 ], [ 142.954452899981987, 43.7278286798498 ], [ 142.955020900095008, 43.727853420199303 ], [ 142.955515029894997, 43.727629290259699 ], [ 142.955818069948009, 43.727460439847597 ], [ 142.95665718957801, 43.727002729892298 ], [ 142.957043850394001, 43.726704719747197 ], [ 142.957406850045999, 43.727021909733502 ], [ 142.958281490198999, 43.727040819778203 ], [ 142.959105020081012, 43.727216940309702 ], [ 142.959571100026011, 43.727029189745501 ], [ 142.960246900074992, 43.726715070044598 ], [ 142.960136100000994, 43.7263481601397 ], [ 142.959999459707007, 43.726176779934598 ], [ 142.959600059995012, 43.726097619809501 ], [ 142.959228821652999, 43.725902475019403 ], [ 142.958624630123012, 43.725584870445601 ], [ 142.958059979984, 43.725323219890903 ], [ 142.957965290365991, 43.724949639714303 ], [ 142.957410620003998, 43.724931850224898 ], [ 142.957008150006004, 43.725012110220902 ], [ 142.956350699724993, 43.725150690352201 ], [ 142.955907680194997, 43.72510652015 ], [ 142.95537048995601, 43.725360920370299 ], [ 142.955005230306995, 43.725535619973101 ], [ 142.954943445084012, 43.725565170796202 ], [ 142.954829779770989, 43.725532129704199 ], [ 142.954824479167002, 43.725530457864501 ], [ 142.954737070459998, 43.725511263634097 ], [ 142.954661286389012, 43.725501908886102 ], [ 142.954584191108012, 43.7255023153797 ], [ 142.954527833293014, 43.725508650204198 ], [ 142.954473936023987, 43.725521480831802 ], [ 142.954413018645994, 43.725541716477203 ], [ 142.954351627325991, 43.7255683328125 ], [ 142.954238533081991, 43.725625784202698 ], [ 142.954144873187005, 43.725675032876602 ], [ 142.954096368253005, 43.725694472622003 ], [ 142.954051269051007, 43.725707645891298 ], [ 142.954007847984002, 43.725714058057498 ], [ 142.953941644391989, 43.725718302857601 ], [ 142.953798975941993, 43.725714444765998 ], [ 142.953716487425993, 43.725708240343202 ], [ 142.953672808253998, 43.725702270643502 ], [ 142.95363876711599, 43.725693263933103 ], [ 142.953552778437995, 43.725654925834299 ], [ 142.953504760036992, 43.725620202110797 ], [ 142.953476749752014, 43.725585406441503 ], [ 142.953457172410992, 43.725547952376203 ], [ 142.953449327625009, 43.725510956065897 ], [ 142.953452740551995, 43.725480799099799 ], [ 142.953469248506991, 43.725448592578601 ], [ 142.953493716362004, 43.725420109250798 ], [ 142.953533321605988, 43.725385817201897 ], [ 142.953551815264007, 43.725366487173801 ], [ 142.953564286162987, 43.725349054715302 ], [ 142.953589391636996, 43.725288172411403 ], [ 142.953601237507002, 43.725255357948598 ], [ 142.953624449909, 43.725219999303697 ], [ 142.953650753279987, 43.725182628875402 ], [ 142.953660240228004, 43.7251578282713 ], [ 142.953662656706001, 43.725133177853998 ], [ 142.953663144139, 43.725079014385202 ], [ 142.953664671187994, 43.725050489688499 ], [ 142.953671068066001, 43.725027701767203 ], [ 142.953687259459997, 43.724999749039299 ], [ 142.953713562831012, 43.724962378611103 ], [ 142.953722941860008, 43.724946958835197 ], [ 142.953727610241003, 43.724923676286799 ], [ 142.953727617435987, 43.724899784897303 ], [ 142.953712141002995, 43.7248070297208 ], [ 142.953687974421001, 43.7247045492757 ], [ 142.953661240273988, 43.724604954755002 ], [ 142.953646274655995, 43.724560854699902 ], [ 142.95356436710199, 43.724364396899503 ], [ 142.953553222702993, 43.724324285337701 ], [ 142.953547994943989, 43.724291657933897 ], [ 142.953547794395007, 43.724262639509398 ], [ 142.953556507027002, 43.724200691508898 ], [ 142.953565734970994, 43.724163508139597 ], [ 142.953573860346012, 43.7241412130467 ], [ 142.953600239259998, 43.724105285131003 ], [ 142.953600092670001, 43.724058734423203 ], [ 142.953614444050999, 43.724045034151203 ], [ 142.953648040925003, 43.724002508808901 ], [ 142.95367560604501, 43.723959380920903 ], [ 142.953712071755007, 43.7239220374722 ], [ 142.953750285746992, 43.723887513398203 ], [ 142.953795760866001, 43.723846587949801 ], [ 142.953849920737014, 43.723803424988297 ], [ 142.953924455649002, 43.723732418116803 ], [ 142.954045255284001, 43.723617620556901 ], [ 142.95409545094401, 43.723562463337203 ], [ 142.954142712117005, 43.723530821590302 ], [ 142.954191625342986, 43.723495932391501 ], [ 142.954247137794994, 43.723461300398903 ], [ 142.954288586649, 43.723431879977497 ], [ 142.954337537647007, 43.723402431677101 ], [ 142.954395050192005, 43.723376516812898 ], [ 142.95444926132501, 43.7233594332914 ], [ 142.954514314683991, 43.723338932346003 ], [ 142.954572532296993, 43.723321364089799 ], [ 142.954633459566992, 43.723302942377103 ], [ 142.95470487563, 43.723285888533098 ], [ 142.954776172083001, 43.723270430985799 ], [ 142.954852298795004, 43.723261240813798 ], [ 142.954937536538011, 43.723260084285599 ], [ 142.955017077976009, 43.723258387264899 ], [ 142.955088843874989, 43.723254466220801 ], [ 142.955157741837013, 43.723247553132197 ], [ 142.955226328631994, 43.723232949041503 ], [ 142.955285922207992, 43.723208715010301 ], [ 142.955343160458995, 43.7231805500425 ], [ 142.955440899677996, 43.723135725133801 ], [ 142.955500848485997, 43.723106704910698 ], [ 142.955600626467998, 43.723076038928198 ], [ 142.955668115191997, 43.723052432623803 ], [ 142.955757457440995, 43.722972082695598 ], [ 142.955848015573991, 43.722899140483101 ], [ 142.955888011122994, 43.722865503140603 ], [ 142.955941284262991, 43.7228253439147 ], [ 142.95597519140199, 43.722790508675203 ], [ 142.955983800611989, 43.722763646825001 ], [ 142.955978080924012, 43.722703909358103 ], [ 142.95595735694701, 43.722644225850502 ], [ 142.955931878254006, 43.722589157663698 ], [ 142.955897483682008, 43.722535341333099 ], [ 142.955857862251008, 43.722492520113903 ], [ 142.955810894258008, 43.722453572274702 ], [ 142.955757052746009, 43.722412116226302 ], [ 142.955731763810007, 43.722384253430697 ], [ 142.95570243601901, 43.722333513680901 ], [ 142.955706338177009, 43.722280870965598 ], [ 142.955723234640004, 43.722255291548599 ], [ 142.955779642815997, 43.722204666911999 ], [ 142.955780445910989, 43.722162370896903 ], [ 142.955784265331999, 43.722138121577203 ], [ 142.955796321642993, 43.722096995580003 ], [ 142.955799272319013, 43.722079511860201 ], [ 142.95579502032399, 43.722064947339597 ], [ 142.955785924580994, 43.7220512605574 ], [ 142.955768449853991, 43.722034047533398 ], [ 142.955734105645007, 43.722001377861503 ], [ 142.955716844057008, 43.721983773632402 ], [ 142.955684939707993, 43.721945466110498 ], [ 142.955658792819008, 43.721921248267201 ], [ 142.955615741374004, 43.721891972636598 ], [ 142.95555375650099, 43.721852758598097 ], [ 142.955520537343006, 43.721834665137898 ], [ 142.955501523875995, 43.721820857846502 ], [ 142.955347873806005, 43.721713808845401 ], [ 142.955296345350007, 43.721682336171099 ], [ 142.955262458895987, 43.721653416671998 ], [ 142.955243708929999, 43.721631087404901 ], [ 142.955212938626005, 43.721577492307603 ], [ 142.955185503009005, 43.721538425757899 ], [ 142.955144257401997, 43.721489755348102 ], [ 142.955127993161994, 43.721476055076003 ], [ 142.955077782214005, 43.7214169021685 ], [ 142.955057423362007, 43.721384214510103 ], [ 142.955046638692011, 43.721368744372199 ], [ 142.955028494868998, 43.721333608759203 ], [ 142.954991531833997, 43.721261913906297 ], [ 142.954967394030007, 43.721219670051902 ], [ 142.954951202636011, 43.721183093725003 ], [ 142.954937655249012, 43.721147930233002 ], [ 142.954929518183008, 43.7211260695127 ], [ 142.954917585078988, 43.7211028706012 ], [ 142.954810580143999, 43.721242449879298 ], [ 142.954745019567014, 43.721328270383502 ], [ 142.954497800432989, 43.721651279882799 ], [ 142.954362209647996, 43.722204559892702 ], [ 142.954174999576992, 43.722265099554903 ], [ 142.953967230104013, 43.722405079930603 ], [ 142.953492799953011, 43.722775589821801 ], [ 142.953271430032999, 43.722799189830901 ], [ 142.953152549550992, 43.722793630222 ], [ 142.952921459757988, 43.722773909888197 ], [ 142.952850935821999, 43.722832549282899 ], [ 142.952738409950001, 43.722926110251898 ], [ 142.95272091004199, 43.722901670276002 ], [ 142.952665650299991, 43.722809729885299 ], [ 142.952598989851992, 43.722708350210397 ], [ 142.952555399711997, 43.7226003002638 ], [ 142.952519010444007, 43.722547810433298 ], [ 142.952461520382997, 43.722503089845901 ], [ 142.952392640407993, 43.722467810341399 ], [ 142.952180170178991, 43.722394479621698 ], [ 142.951665499862997, 43.722214209618201 ], [ 142.951460809668987, 43.7221153300586 ], [ 142.951251669628988, 43.721993950360698 ], [ 142.951010590166987, 43.721874509601101 ], [ 142.950926150122001, 43.7218183999993 ], [ 142.950820059797991, 43.7217097996677 ], [ 142.950777570429011, 43.721680630157103 ], [ 142.950611480036002, 43.721589250043998 ], [ 142.950415390057998, 43.721482590449298 ], [ 142.950461500097987, 43.721421209921097 ], [ 142.950630659876992, 43.721340389647402 ], [ 142.950847029567001, 43.721313730144701 ], [ 142.951337000003008, 43.721211530288002 ], [ 142.951808639556987, 43.721029889717798 ], [ 142.952084170248014, 43.720938239808099 ], [ 142.952125840336009, 43.720861030312399 ], [ 142.952110860327991, 43.7206488298797 ], [ 142.952391140338989, 43.7203335896236 ], [ 142.952641409973012, 43.720058350312797 ], [ 142.952798919933997, 43.719864479861997 ], [ 142.953148939671991, 43.7191578996175 ], [ 142.953436999718008, 43.7187640604132 ], [ 142.953694790382002, 43.718218840127498 ], [ 142.953930339913001, 43.718032479915202 ], [ 142.954263369659003, 43.7178464002913 ], [ 142.954599180108005, 43.7177544697931 ], [ 142.954782499712991, 43.7177930803865 ], [ 142.956044030008002, 43.718131130147697 ], [ 142.95670007015201, 43.718264469929501 ], [ 142.957108650143994, 43.718326409836102 ], [ 142.957233629828011, 43.718389740094601 ], [ 142.957333620051003, 43.718453350042203 ], [ 142.957556079949001, 43.718670559698801 ], [ 142.957882989808013, 43.7188624903118 ], [ 142.95811434040499, 43.719081080427699 ], [ 142.958293479959991, 43.719239399778601 ], [ 142.958435970343999, 43.719269400262803 ], [ 142.958761770439992, 43.719241639989797 ], [ 142.959141180021987, 43.719216090250498 ], [ 142.95941810016501, 43.719247759876403 ], [ 142.960563810372008, 43.719606360045603 ], [ 142.960814050327997, 43.7196944099692 ], [ 142.961202070019993, 43.719807470038901 ], [ 142.961916719881003, 43.719879699988297 ], [ 142.962400840226991, 43.719936369867803 ], [ 142.962278330081006, 43.7201457895967 ], [ 142.962072219856992, 43.720424639685497 ], [ 142.961923599695012, 43.7207521098222 ], [ 142.961851369745006, 43.720945419995303 ], [ 142.961733029756004, 43.721131229822603 ], [ 142.961713019840005, 43.721239269876499 ], [ 142.961892990368995, 43.721456480432401 ], [ 142.962240720432987, 43.721757839652803 ], [ 142.962544839673001, 43.721979490161502 ], [ 142.962712320417012, 43.722050319866497 ], [ 142.96280174990099, 43.722101150447898 ], [ 142.962918689645988, 43.722100600062802 ], [ 142.963049510426998, 43.722061160294501 ], [ 142.963488640388988, 43.7220045102002 ], [ 142.963638069940998, 43.722024240426499 ], [ 142.964266099800994, 43.721737329714202 ], [ 142.965039950234001, 43.721342950017302 ], [ 142.965228600120014, 43.721272099627903 ], [ 142.965475740112993, 43.721283799807701 ], [ 142.96666784994099, 43.7214471400736 ], [ 142.967889960254013, 43.7214535603337 ], [ 142.968184949575999, 43.721345239691203 ], [ 142.968325769919005, 43.721249139935999 ], [ 142.96844634022699, 43.720952789939503 ], [ 142.968546889826996, 43.720899460142199 ], [ 142.969722079809998, 43.720694230354603 ], [ 142.970325649909, 43.720568149900402 ], [ 142.970785059582994, 43.720418730240397 ], [ 142.97113199014899, 43.720232649717197 ], [ 142.971320599566013, 43.719982120178898 ], [ 142.971405609780987, 43.719701039771302 ], [ 142.971468949931989, 43.719491620042398 ], [ 142.971567869961007, 43.719001119905897 ], [ 142.971680650341995, 43.718808930287999 ], [ 142.971838690004006, 43.718674219939501 ], [ 142.972050349943999, 43.718570070352698 ], [ 142.972235610284997, 43.718516190170199 ], [ 142.972252610169988, 43.717558520109797 ], [ 142.974079709710992, 43.716809480173502 ], [ 142.975171859894004, 43.716357890104703 ], [ 142.975721530024998, 43.716357079815602 ], [ 142.97575682032101, 43.716180979968399 ], [ 142.975818209842998, 43.716003780250396 ], [ 142.975925720195988, 43.715726869999202 ], [ 142.976101820042999, 43.715648270151704 ], [ 142.976398189825005, 43.715421919785904 ], [ 142.976577080267987, 43.715258610097003 ], [ 142.976975130097998, 43.7147131200147 ], [ 142.977095120343989, 43.714670350056799 ], [ 142.977583419838993, 43.714568150200101 ], [ 142.977834239857998, 43.714468169870301 ], [ 142.978503920019989, 43.714150440290801 ], [ 142.979010830085997, 43.713962419929899 ], [ 142.979301079981013, 43.713951319597903 ], [ 142.979922140094999, 43.713968270019798 ], [ 142.980395150215998, 43.714005230357301 ], [ 142.980686230185995, 43.7140546696874 ], [ 142.981462530371999, 43.714262729641398 ], [ 142.981712229836006, 43.714265790034297 ], [ 142.982052759927001, 43.714208020283998 ], [ 142.983119909855986, 43.713905580078602 ], [ 142.983287670289997, 43.713890590178799 ], [ 142.983661520263013, 43.713935589556002 ], [ 142.984286739741009, 43.714015880128997 ], [ 142.984447009722004, 43.714017269581497 ], [ 142.98469864992299, 43.713990610078802 ], [ 142.985797170003991, 43.713968690003199 ], [ 142.986172969707013, 43.713992030108301 ], [ 142.986871510012008, 43.714092030223199 ], [ 142.987172590443009, 43.714150089555197 ], [ 142.987512839945992, 43.714182309566098 ], [ 142.988029450098992, 43.714273419882602 ], [ 142.988612170316003, 43.714397590176802 ], [ 142.98893074975399, 43.7144881402157 ], [ 142.989181829677989, 43.714595909573703 ], [ 142.989670940362004, 43.714908379918 ], [ 142.989998940199001, 43.715234740291201 ], [ 142.990105310211987, 43.715401669751401 ], [ 142.990266660277996, 43.715706360060601 ], [ 142.990403859949993, 43.715877459677202 ], [ 142.990599389649987, 43.716013279789202 ], [ 142.990850199776986, 43.716096049793002 ], [ 142.991018239900001, 43.716118270242099 ], [ 142.991798720134994, 43.716145230118499 ], [ 142.991964260142993, 43.716129959630102 ], [ 142.99210036983601, 43.7160582998508 ], [ 142.992280629947004, 43.716088300334903 ], [ 142.992798369648995, 43.716042200187502 ], [ 142.992952519743, 43.716028599740199 ], [ 142.993901350366997, 43.715647830383197 ], [ 142.994054139787011, 43.715277319592801 ], [ 142.994124699694993, 43.715152890293801 ], [ 142.9944941304, 43.7149320896444 ], [ 142.994765220239003, 43.714935700422402 ], [ 142.994797710045987, 43.714936259800702 ], [ 142.994941310193013, 43.714879320124702 ], [ 142.995154919864007, 43.714768510158798 ], [ 142.99527879967701, 43.714680460235201 ], [ 142.995526279614012, 43.714678800086702 ], [ 142.995603499901989, 43.714653250347403 ], [ 142.995862070278008, 43.714849899703303 ], [ 142.995969839637013, 43.7148754503419 ], [ 142.996101219796003, 43.714866850125198 ], [ 142.996251480322002, 43.714837960303797 ], [ 142.996415079591998, 43.714842959635099 ], [ 142.996645049729011, 43.714895460257402 ], [ 142.996860309656, 43.714901570251399 ], [ 142.997062520419007, 43.7148846297221 ], [ 142.997318609566008, 43.714802699685002 ], [ 142.997540820353009, 43.714664109661101 ], [ 142.99779303971701, 43.7144510800535 ], [ 142.997961239919988, 43.714178119624698 ], [ 142.998033600270986, 43.713965029762498 ], [ 142.998045000077013, 43.713841710226902 ], [ 142.998010580324006, 43.713500359953798 ], [ 142.998110319635998, 43.713121519642598 ], [ 142.998164789773, 43.712576029560303 ], [ 142.998152850373998, 43.712477700385698 ], [ 142.997919280251011, 43.712297719963999 ], [ 142.997890390429006, 43.712232449867798 ], [ 142.997910949831009, 43.712163569893001 ], [ 142.998000390106, 43.712089689687602 ], [ 142.998246489584005, 43.711966380044501 ], [ 142.998532580115011, 43.711866950099797 ], [ 142.998803949642991, 43.711701410092203 ], [ 142.998843679891991, 43.711524210374201 ], [ 142.998844250062007, 43.7114025599803 ], [ 142.998772309694004, 43.711332849931203 ], [ 142.998636489582992, 43.711310349793003 ], [ 142.998458729587014, 43.711292009918502 ], [ 142.998180150194003, 43.711228130174199 ], [ 142.998038790257993, 43.711102860009099 ], [ 142.998021570040009, 43.711000650259997 ], [ 142.99825100957699, 43.7107715200897 ], [ 142.998382119939009, 43.710671529867398 ], [ 142.998719870226012, 43.710482110161401 ], [ 142.998957909979993, 43.710429060053201 ], [ 142.999552020110002, 43.7103890797924 ], [ 143.000648040074992, 43.710297160086 ], [ 143.000955539865998, 43.709853039786097 ], [ 143.001218069957986, 43.708988699568998 ], [ 143.002095269580991, 43.707891050032103 ], [ 143.00283690989599, 43.707296410201302 ], [ 143.003473250389987, 43.706914790085598 ], [ 143.004407899605013, 43.706627890165201 ], [ 143.005146180052009, 43.706284609946998 ], [ 143.006258029884009, 43.705873000139 ], [ 143.007362429733007, 43.7047270300286 ], [ 143.008330739672004, 43.703423579634702 ], [ 143.00836628987301, 43.703356359808303 ], [ 143.008765730054989, 43.702821710153998 ], [ 143.008933489588998, 43.702697000266497 ], [ 143.009127100135998, 43.702530349596103 ], [ 143.0096253902, 43.702442590153602 ], [ 143.009800099695013, 43.702419259941102 ], [ 143.009987850258995, 43.702585630023002 ], [ 143.010162829551007, 43.702690900165102 ], [ 143.010334750249001, 43.702811439896202 ], [ 143.010613040060008, 43.703113350400898 ], [ 143.010810509597007, 43.703357500148698 ], [ 143.010831890079999, 43.703416099973197 ], [ 143.011222419778989, 43.7033425003563 ], [ 143.012093739634992, 43.703118919902401 ], [ 143.012495379558004, 43.703020880309602 ], [ 143.012702040166999, 43.702795350125498 ], [ 143.013622009747991, 43.701793240066102 ], [ 143.014288380404992, 43.701065259554198 ], [ 143.014716699616002, 43.700615030159703 ], [ 143.014806139891988, 43.700519770371301 ], [ 143.015139739807012, 43.700154810196501 ], [ 143.015215840438998, 43.700208409790399 ], [ 143.015378890224014, 43.700039539593298 ], [ 143.015280570041995, 43.699993710141797 ], [ 143.015410290053012, 43.699853170387698 ], [ 143.015606110233989, 43.699681800075197 ], [ 143.015709159950006, 43.6995990399639 ], [ 143.015775830291005, 43.699550990086301 ], [ 143.015790269804995, 43.699506819884 ], [ 143.015824159857004, 43.699390450309203 ], [ 143.015831949784996, 43.699256300238197 ], [ 143.015819459999989, 43.699138249830497 ], [ 143.015864730072991, 43.699108809624001 ], [ 143.015940839698004, 43.699051869948001 ], [ 143.016098609562988, 43.698933279947099 ], [ 143.016366649801, 43.698746630153003 ], [ 143.016424149755011, 43.698706909796201 ], [ 143.016508030420994, 43.698718859987501 ], [ 143.016709660223, 43.698876899649299 ], [ 143.016575229562989, 43.698981050135501 ], [ 143.016559120007997, 43.698998270354103 ], [ 143.016855470004003, 43.699135210122002 ], [ 143.017107110204989, 43.6992626998139 ], [ 143.017174039550014, 43.699296310176699 ], [ 143.01738456994201, 43.699413240029202 ], [ 143.017639259743987, 43.699534900315498 ], [ 143.017601210327996, 43.699616279967501 ], [ 143.017436200020995, 43.699978460337803 ], [ 143.017250370407993, 43.700376199901903 ], [ 143.017000920057001, 43.700819480234998 ], [ 143.016804529706008, 43.701098619905601 ], [ 143.016540100246004, 43.701340810030501 ], [ 143.016101509876989, 43.701674659957703 ], [ 143.015621809699013, 43.702032400375103 ], [ 143.015536539580012, 43.702156829674102 ], [ 143.015274600342991, 43.702463190024403 ], [ 143.015127099836008, 43.702607610353098 ], [ 143.015057379893989, 43.702689269694197 ], [ 143.014909060104998, 43.702780649807302 ], [ 143.014560749979012, 43.702995339563401 ], [ 143.014181319712009, 43.703357519933803 ], [ 143.014157420228997, 43.703508890223198 ], [ 143.014165190370989, 43.703707760005301 ], [ 143.014093250004009, 43.703809690065299 ], [ 143.013959090040004, 43.703918290396899 ], [ 143.013660489940008, 43.704051890082802 ], [ 143.013553279960007, 43.704076050369601 ], [ 143.013415789806999, 43.704089659810101 ], [ 143.013273580011997, 43.7040874303908 ], [ 143.013014999743007, 43.704051599601797 ], [ 143.012666970205004, 43.7040110500701 ], [ 143.01222144965999, 43.704174640347603 ], [ 143.011842030185989, 43.704376280041501 ], [ 143.010978449895987, 43.705180630082197 ], [ 143.010367369558992, 43.705699449869897 ], [ 143.009965719742013, 43.706096630055598 ], [ 143.009761829945006, 43.706393540329799 ], [ 143.009498229660011, 43.706647950442701 ], [ 143.008956870164013, 43.7070651198596 ], [ 143.008459929981996, 43.707767260151101 ], [ 143.008184669987003, 43.707957789620501 ], [ 143.008011349944013, 43.708036949745598 ], [ 143.007863579640997, 43.708098609963002 ], [ 143.007668600326014, 43.708168599701303 ], [ 143.006985600305001, 43.708350230378997 ], [ 143.006658960242987, 43.708468549684 ], [ 143.005778749689995, 43.708727950135 ], [ 143.005465989763991, 43.708856269901098 ], [ 143.005132680329012, 43.7090473497556 ], [ 143.004855760184995, 43.709176219906801 ], [ 143.004570499728999, 43.709278710244497 ], [ 143.004275239711006, 43.709397579934503 ], [ 143.004153580323987, 43.709475070018598 ], [ 143.004107199587992, 43.709543949993503 ], [ 143.004078860150997, 43.709695320282897 ], [ 143.004080499616009, 43.710076669702701 ], [ 143.004044110347991, 43.710202490252897 ], [ 143.003972439775993, 43.710298029730403 ], [ 143.003784119941002, 43.710357470421101 ], [ 143.003531920362008, 43.710401350142398 ], [ 143.003224149874995, 43.710779640068502 ], [ 143.003116910216988, 43.711271240075902 ], [ 143.003132449602987, 43.711487879562199 ], [ 143.003149099651012, 43.7117717397741 ], [ 143.003130480088004, 43.711914499954403 ], [ 143.00302797985799, 43.7121505800854 ], [ 143.002743250001004, 43.712623580314101 ], [ 143.002285499576004, 43.712881040028201 ], [ 143.002033020308005, 43.712996580427998 ], [ 143.001767759874014, 43.713033520081098 ], [ 143.001671380429997, 43.713074619997897 ], [ 143.001620270159009, 43.713123230153101 ], [ 143.001589159911987, 43.7132076603054 ], [ 143.001603590434001, 43.713335700382501 ], [ 143.001653310351998, 43.713443740436396 ], [ 143.002073520376996, 43.713903419907098 ], [ 143.00211683981999, 43.7140178496442 ], [ 143.002120160116988, 43.714276709602601 ], [ 143.002067080332012, 43.714773870118201 ], [ 143.002120670033008, 43.715096330131701 ], [ 143.002188149762986, 43.715232429932897 ], [ 143.002603359558009, 43.7157537597284 ], [ 143.002726400303004, 43.715938459792298 ], [ 143.002780269694, 43.716120659740803 ], [ 143.002749699938988, 43.716429510313802 ], [ 143.002675510366998, 43.716955000373197 ], [ 143.002621060014008, 43.717058319885702 ], [ 143.001929719680987, 43.717297730206298 ], [ 143.001532800299003, 43.717395500002503 ], [ 143.000683420304, 43.717621020293997 ], [ 143.000079850204997, 43.717741829821797 ], [ 142.999831540194009, 43.7177662697977 ], [ 142.999454619934994, 43.717756270235803 ], [ 142.999210759768999, 43.717706269728801 ], [ 142.999068829663003, 43.717691549625499 ], [ 142.998894399856994, 43.717708769844002 ], [ 142.998838839741012, 43.717743480077701 ], [ 142.998818560029008, 43.717843470300103 ], [ 142.998838550159007, 43.717981509938902 ], [ 142.998974899972012, 43.718464790318002 ], [ 142.998998210399009, 43.718688649561699 ], [ 142.998974880187006, 43.718812809963403 ], [ 142.998890149661008, 43.718925569659497 ], [ 142.998721550160013, 43.719034169991097 ], [ 142.998453230232997, 43.719163870216597 ], [ 142.998229909683005, 43.719271910270599 ], [ 142.998098259726987, 43.7192485800581 ], [ 142.998049369883006, 43.719238579596897 ], [ 142.997856059709989, 43.719199139828604 ], [ 142.997029470334013, 43.719012759831202 ], [ 142.996756709555001, 43.719075810400497 ], [ 142.996654210223994, 43.719166349647502 ], [ 142.996579499944005, 43.719214959802699 ], [ 142.996443660046992, 43.719361050172502 ], [ 142.996215609963002, 43.719636290382702 ], [ 142.996167550192013, 43.719758219566401 ], [ 142.996072529624001, 43.7202534402442 ], [ 142.996016140333012, 43.720397310187899 ], [ 142.995971700333996, 43.720458410127698 ], [ 142.995858369567998, 43.720592279610202 ], [ 142.995681150064996, 43.720701149738403 ], [ 142.995600050102013, 43.720764200307798 ], [ 142.99556171020501, 43.720806419880503 ], [ 142.995522550125997, 43.720883630275502 ], [ 142.99535476001401, 43.7212124700796 ], [ 142.995318369847013, 43.721310239875798 ], [ 142.995306419656004, 43.721405509556803 ], [ 142.995305030203014, 43.721551320237403 ], [ 142.995306970041014, 43.721627980247298 ], [ 142.995324979863994, 43.7223414996607 ], [ 142.995321360092987, 43.7225770303058 ], [ 142.995305800023004, 43.722671739709199 ], [ 142.995288569911992, 43.7227331202375 ], [ 142.995226069728005, 43.722802830286597 ], [ 142.995087190122007, 43.722895869648802 ], [ 142.994933030135002, 43.722970030442703 ], [ 142.994787490150998, 43.723030300308302 ], [ 142.994666390141987, 43.723064739846102 ], [ 142.99451167977, 43.723082790138797 ], [ 142.994309749595004, 43.723112219553499 ], [ 142.994163650231997, 43.7231413800708 ], [ 142.993793949731014, 43.723289420170801 ], [ 142.993699789814002, 43.723323019741699 ], [ 142.99359201955599, 43.723317190336203 ], [ 142.99312873020699, 43.723270520018701 ], [ 142.992717380302992, 43.723204409955699 ], [ 142.992672110229989, 43.723195239568803 ], [ 142.992552950059007, 43.723187740122299 ], [ 142.992479350442011, 43.723189959649098 ], [ 142.992423790326001, 43.723199680421097 ], [ 142.992331300448996, 43.723228289654003 ], [ 142.992223249603995, 43.723273280038001 ], [ 142.992091870344012, 43.723336329707998 ], [ 142.991964100063001, 43.723369379793198 ], [ 142.991744949669993, 43.723406590142197 ], [ 142.991571349937999, 43.7234560195798 ], [ 142.991177490049012, 43.723634890238102 ], [ 142.990874180199, 43.723740699973497 ], [ 142.99028032997299, 43.723939280173802 ], [ 142.990056180249013, 43.723999270350198 ], [ 142.98929040033201, 43.7241422904345 ], [ 142.989098190030006, 43.724196450306103 ], [ 142.988802379626009, 43.7242797697957 ], [ 142.988479350342004, 43.724345029999299 ], [ 142.988306309987991, 43.7243677999342 ], [ 142.98828464981699, 43.724326979706497 ], [ 142.988211880274008, 43.724273929598297 ], [ 142.988110220011009, 43.724236980052801 ], [ 142.987876909791993, 43.724157540238501 ], [ 142.987667210374013, 43.724086990222602 ], [ 142.987503620095993, 43.7239997802658 ], [ 142.987022009757993, 43.723698980423798 ], [ 142.986766769571005, 43.723506500324902 ], [ 142.986448200024995, 43.723254850231299 ], [ 142.986283769779988, 43.723187359709101 ], [ 142.98612490004399, 43.723142360331799 ], [ 142.985781869838007, 43.723077639721502 ], [ 142.985427740197991, 43.722981539966298 ], [ 142.985238869977991, 43.7229368202782 ], [ 142.985051390109987, 43.722936539689698 ], [ 142.984876679715001, 43.722978750269199 ], [ 142.984673080398011, 43.723059850232097 ], [ 142.984485040252991, 43.723159280176802 ], [ 142.984219220440991, 43.723262320000202 ], [ 142.98403145998401, 43.723300089727502 ], [ 142.983560660395995, 43.723363959579203 ], [ 142.983322070257003, 43.723381169905203 ], [ 142.982846280332012, 43.723473929578297 ], [ 142.982554909881003, 43.723507809737796 ], [ 142.982398530367988, 43.723552520432598 ], [ 142.982304369551002, 43.723616959555201 ], [ 142.982122710095013, 43.723718049648397 ], [ 142.981929390028995, 43.723844700272899 ], [ 142.981797449592989, 43.723967179841601 ], [ 142.981742449753995, 43.724051889683203 ], [ 142.981561329892003, 43.724473509844799 ], [ 142.981469660197007, 43.724630710439101 ], [ 142.981442720106003, 43.724704310055998 ], [ 142.981415209843988, 43.724836239700899 ], [ 142.981317399579012, 43.725655579641497 ], [ 142.981299619981996, 43.725763349898799 ], [ 142.981152109582013, 43.726138020053703 ], [ 142.981137099897012, 43.726224679625403 ], [ 142.98134345023999, 43.726721010066697 ], [ 142.981510629712005, 43.727161519588599 ], [ 142.981532010194002, 43.727256229891303 ], [ 142.981535340383999, 43.727365379708701 ], [ 142.981521720150994, 43.7274384298398 ], [ 142.981481999794994, 43.727541750251802 ], [ 142.981460610319004, 43.727576740174598 ], [ 142.981374500232988, 43.727677559571902 ], [ 142.981299229676011, 43.7276356196883 ], [ 142.981227849585991, 43.727609790259798 ], [ 142.981041500164991, 43.727567860268699 ], [ 142.981020369694988, 43.727563129834699 ], [ 142.980900380348004, 43.727532849661401 ], [ 142.980831219784989, 43.727501189928098 ], [ 142.980623749785991, 43.727372589573498 ], [ 142.980422100200002, 43.727259540295698 ], [ 142.980365999590987, 43.727235659698103 ], [ 142.980279619708995, 43.727220380216501 ], [ 142.980151290050003, 43.727231209852597 ], [ 142.980017139978997, 43.727247039719302 ], [ 142.97993964000301, 43.727247590104398 ], [ 142.979897979807987, 43.727240370346998 ], [ 142.979825210265005, 43.727210100066301 ], [ 142.979684669611999, 43.7271256600214 ], [ 142.979658559595009, 43.727100380078603 ], [ 142.979638850052993, 43.727070390386402 ], [ 142.979584139796003, 43.726934849963499 ], [ 142.979548860291999, 43.726890679761297 ], [ 142.979464990417, 43.7268184695969 ], [ 142.979409159605012, 43.726791530405002 ], [ 142.979357220160011, 43.726774029597898 ], [ 142.979272780114997, 43.726756810278701 ], [ 142.979180849616995, 43.726749860318002 ], [ 142.979046409964013, 43.7267487496553 ], [ 142.978956979581, 43.726741520005298 ], [ 142.978903090404998, 43.726726250416299 ], [ 142.97876561014499, 43.726656249886197 ], [ 142.978629239648001, 43.726603199777998 ], [ 142.978563689862995, 43.726561259894403 ], [ 142.978433979745006, 43.726474319734201 ], [ 142.978330109847008, 43.7264290496611 ], [ 142.97828344042901, 43.726416270294798 ], [ 142.978085680410004, 43.726380159816699 ], [ 142.978000139594997, 43.726344050237898 ], [ 142.977880709626987, 43.7262951702861 ], [ 142.97778737978399, 43.726242669663598 ], [ 142.977694059832999, 43.726172400236202 ], [ 142.977636020286013, 43.726126300088801 ], [ 142.977589910245996, 43.726071300250503 ], [ 142.977545199551997, 43.7260176997572 ], [ 142.977493809592005, 43.725982699941802 ], [ 142.977391880430986, 43.725924090224702 ], [ 142.977322170381996, 43.725870760427398 ], [ 142.977232179721, 43.7257985502631 ], [ 142.977045520035006, 43.7259865796171 ], [ 142.97691940990299, 43.726152109732297 ], [ 142.976819409787993, 43.726255709833303 ], [ 142.97663579970299, 43.726446240202002 ], [ 142.976584409742998, 43.726499569999298 ], [ 142.976390809988004, 43.726672599560999 ], [ 142.976229149656007, 43.726761750254802 ], [ 142.976100819996987, 43.726815359741202 ], [ 142.975922780312004, 43.726874240154203 ], [ 142.975578359753996, 43.726966159860602 ], [ 142.975400589866013, 43.727034490349602 ], [ 142.975244210352002, 43.727110310392703 ], [ 142.975050880394008, 43.727235569765902 ], [ 142.974982540012007, 43.727455820030201 ], [ 142.974883100174992, 43.727686620241499 ], [ 142.974797820162991, 43.727853270012602 ], [ 142.974671149753988, 43.7280413002659 ], [ 142.974551160407998, 43.728176829896903 ], [ 142.974234500122009, 43.728621210100897 ], [ 142.974121719741987, 43.728820630267997 ], [ 142.973960619687006, 43.729118920102202 ], [ 142.973872559871012, 43.729305009618699 ], [ 142.973770340229009, 43.729591910438501 ], [ 142.973722279560008, 43.729660509824797 ], [ 142.973630340068013, 43.729751889937901 ], [ 142.973550900253997, 43.729856869598997 ], [ 142.973517289890992, 43.729899639556898 ], [ 142.973415349938989, 43.730033789627797 ], [ 142.973398400415988, 43.730055180002701 ], [ 142.973379520049008, 43.730078780011901 ], [ 142.973181459657013, 43.7304384503744 ], [ 142.972900079775002, 43.730970599913398 ], [ 142.972505649715998, 43.731540240389997 ], [ 142.972370659678006, 43.731658280005803 ], [ 142.972301220324994, 43.731718819667897 ], [ 142.970417729694987, 43.7329308395867 ], [ 142.970144420329007, 43.733107200237299 ], [ 142.96906226970799, 43.733728760374198 ], [ 142.96871758025199, 43.733693479970299 ], [ 142.968203460322002, 43.733741799644498 ], [ 142.967785159557991, 43.7338709395924 ], [ 142.967391580256987, 43.734079239665299 ], [ 142.967067430418012, 43.7343308600813 ], [ 142.96692714966801, 43.734676369718798 ], [ 142.966511349918989, 43.734998809947299 ], [ 142.966327729941014, 43.735559850207103 ], [ 142.968192580323006, 43.7351627203834 ], [ 142.968231449922001, 43.735530720266702 ], [ 142.967657279560001, 43.736680839849001 ], [ 142.967845010339005, 43.737080520150101 ], [ 142.968605770240003, 43.737306619605 ], [ 142.969408460132996, 43.737463560295197 ], [ 142.968977360216996, 43.737960710018903 ], [ 142.968911240262003, 43.738185959614498 ], [ 142.968533200346997, 43.738615619715198 ], [ 142.969246979665002, 43.739253890155098 ], [ 142.969701950285014, 43.739126139659803 ], [ 142.970063600054999, 43.7389256097293 ], [ 142.970681880364992, 43.738784530381999 ], [ 142.971120149674988, 43.739232540249702 ], [ 142.971224550172991, 43.739857470146298 ], [ 142.972076409598998, 43.739795829713998 ], [ 142.972402490283002, 43.739730289821203 ], [ 142.972467770272004, 43.739725019794001 ], [ 142.972879120175008, 43.739691979601297 ], [ 142.973504319868994, 43.7399533495676 ], [ 142.973744709550999, 43.740029069785898 ], [ 142.973801499938986, 43.740049729911298 ], [ 142.974156189855989, 43.740061410305998 ], [ 142.974800010013013, 43.7402077902575 ], [ 142.975389930201004, 43.740482499867703 ], [ 142.975812380436992, 43.740622210446801 ], [ 142.976612580107002, 43.740643340018302 ], [ 142.977399160443014, 43.740743070336599 ], [ 142.977329439601988, 43.740852220153997 ], [ 142.977234160029013, 43.740982479757797 ], [ 142.977028059697005, 43.7412160597735 ], [ 142.976986670199011, 43.741254670366899 ], [ 142.976933620090989, 43.741332989626002 ], [ 142.976800009612987, 43.741486580341601 ], [ 142.976682239794002, 43.741603229605502 ], [ 142.97651224004801, 43.741749040286201 ], [ 142.976320590022993, 43.741927900152596 ], [ 142.976205310426991, 43.742087879652097 ], [ 142.976176700295014, 43.742120929737297 ], [ 142.976017270281005, 43.742201470321803 ], [ 142.97592004997, 43.742269790019002 ], [ 142.975691450400006, 43.742415599800303 ], [ 142.975470360168998, 43.742569189616603 ], [ 142.975410909586003, 43.742630289556402 ], [ 142.975208699722003, 43.7428280396825 ], [ 142.975039549835998, 43.742921349740598 ], [ 142.974736790370997, 43.743061050427301 ], [ 142.974531809695009, 43.743126319624103 ], [ 142.974465150147012, 43.743129919610297 ], [ 142.974367380350003, 43.743157970364202 ], [ 142.974271000007008, 43.743196019780697 ], [ 142.974074900136998, 43.743268229945002 ], [ 142.973923519955008, 43.743310439625198 ], [ 142.973716600340992, 43.743372650227798 ], [ 142.973626050301988, 43.7434340298568 ], [ 142.973960150240998, 43.743874540278 ], [ 142.974086780181011, 43.744307820149999 ], [ 142.974119539784994, 43.744615009675101 ], [ 142.974352830219004, 43.7448808195943 ], [ 142.974489969637006, 43.745931250227201 ], [ 142.975615390238005, 43.746373999960298 ], [ 142.976145320249998, 43.746583429581797 ], [ 142.976305840242986, 43.746875069828803 ], [ 142.976443600191999, 43.747002279831499 ], [ 142.976803259762988, 43.747493340245597 ], [ 142.976836299955011, 43.747559169720098 ], [ 142.976736010259003, 43.7479671696493 ], [ 142.976216030345995, 43.748476540260299 ], [ 142.976164090000992, 43.748521810333401 ], [ 142.976119909906004, 43.748762330417399 ], [ 142.976212379997008, 43.749060630144101 ], [ 142.976204599961989, 43.749198399986298 ], [ 142.976129869897989, 43.749485020217698 ], [ 142.976246490383005, 43.749985519916002 ], [ 142.975986189710994, 43.7507084804122 ], [ 142.975928669972006, 43.751142870047602 ], [ 142.975845620278989, 43.751296739552998 ], [ 142.975758940023013, 43.751503380376803 ], [ 142.975727819882991, 43.751714460254298 ], [ 142.975683080409993, 43.752083309996898 ], [ 142.975567510333008, 43.752509639908098 ], [ 142.975775250128009, 43.752926259839199 ], [ 142.975836889660997, 43.753279550411101 ], [ 142.975603289860004, 43.753578950008702 ], [ 142.975444410231006, 43.7537011498883 ], [ 142.975444680028005, 43.753954169649397 ], [ 142.974920799755012, 43.754747660376403 ], [ 142.974709670414995, 43.755592550056299 ], [ 142.974723279855993, 43.7556081002338 ], [ 142.975434259584006, 43.756803519566901 ], [ 142.975588399785011, 43.757044330131897 ], [ 142.975658390423007, 43.757153200260198 ], [ 142.975924159871994, 43.757966160410099 ], [ 142.976653539729, 43.757710379730398 ], [ 142.977375150342993, 43.7574584904172 ], [ 142.978210630415987, 43.7573990803035 ], [ 142.978305620408008, 43.757398529918397 ], [ 142.979082200284012, 43.757427989909999 ], [ 142.97993612005601, 43.757468370369203 ], [ 142.980137929721991, 43.7573869196708 ], [ 142.980437629693, 43.757311099627699 ], [ 142.981325040218991, 43.7572808500314 ], [ 142.981888600378994, 43.757242820400002 ], [ 142.982603809618013, 43.757146740429903 ], [ 142.983325129750995, 43.757097599674601 ], [ 142.983592609710996, 43.757081220322199 ], [ 142.984073679557014, 43.757074290146498 ], [ 142.984069219818991, 43.757349810045902 ], [ 142.984189210063988, 43.757392300314599 ], [ 142.984220310419005, 43.757476740359401 ], [ 142.984159199688008, 43.757599219928203 ], [ 142.984119480229992, 43.7576939302309 ], [ 142.98418807961599, 43.757752809744503 ], [ 142.984201969645, 43.757756419623199 ], [ 142.984269739857012, 43.757756149826598 ], [ 142.984363899773996, 43.757672820444498 ], [ 142.984655280117011, 43.757473959655698 ], [ 142.985069140028997, 43.757413419993497 ], [ 142.985660490139992, 43.757182070296501 ], [ 142.986320179733013, 43.756875729731298 ], [ 142.986631829895003, 43.756655480366298 ], [ 142.987529570034013, 43.755918090247903 ], [ 142.988307870312013, 43.755448160304503 ], [ 142.989043940225997, 43.755067659844798 ], [ 142.990076940199003, 43.754474420258497 ], [ 142.991299320308002, 43.754907989712102 ], [ 142.991973710219014, 43.755114080150904 ], [ 142.992606150353993, 43.755226859632003 ], [ 142.993159989741997, 43.755252969649 ], [ 142.993557470300999, 43.7550921600753 ], [ 142.994137710187005, 43.754886360117602 ], [ 142.994852660421998, 43.754705279824996 ], [ 142.995701499924991, 43.754395609969599 ], [ 142.996358120130992, 43.754183979707101 ], [ 142.997799139818994, 43.7537296197264 ], [ 142.998271050069008, 43.753596029933 ], [ 142.998656569644993, 43.753607700435197 ], [ 143.001188029904, 43.7534091499125 ], [ 143.002635129907986, 43.753291419663498 ], [ 143.004175840343009, 43.753182840016201 ], [ 143.006002640410003, 43.753049000211398 ], [ 143.007982749704013, 43.752902099552401 ], [ 143.009316259938004, 43.7528032496704 ], [ 143.010278180194007, 43.751881149595498 ], [ 143.011678439907996, 43.750402440220597 ], [ 143.012645909881002, 43.749589769652303 ], [ 143.01273201996699, 43.7495542203512 ], [ 143.013107270185003, 43.7494092397448 ], [ 143.015167730307013, 43.748353270187401 ], [ 143.015688259705996, 43.748088859613297 ], [ 143.016879730115988, 43.747479839623097 ], [ 143.017023760139011, 43.747406439655599 ], [ 143.017811220011993, 43.747005100105497 ], [ 143.017949200295988, 43.7469360699438 ], [ 143.018829779571007, 43.746495719602002 ], [ 143.019690019779006, 43.7460643903595 ], [ 143.020513859927007, 43.745660830383201 ], [ 143.02120315969799, 43.745311239622197 ], [ 143.021461589781012, 43.745180339701101 ], [ 143.022332370042989, 43.744732919788603 ], [ 143.022249709756011, 43.7424181997403 ], [ 143.022013650309987, 43.741724669558003 ], [ 143.021703199842989, 43.740174859782101 ], [ 143.021606279905996, 43.739764630433498 ], [ 143.021155279792993, 43.7382684202516 ], [ 143.021111409963993, 43.738117600347202 ], [ 143.021186960210002, 43.738052889629301 ], [ 143.022639939980991, 43.736839199669497 ], [ 143.022682430250001, 43.736833929642302 ], [ 143.022987689829989, 43.736717280378301 ], [ 143.023591810314002, 43.736478999606298 ], [ 143.024252279618992, 43.736959230384301 ], [ 143.024561679677987, 43.737360300137901 ], [ 143.024808030066993, 43.737577230105302 ], [ 143.026006749912, 43.7388723797567 ], [ 143.026433360411005, 43.739380110004198 ], [ 143.026421959705999, 43.739589800429101 ], [ 143.026401679993995, 43.739778669750002 ], [ 143.026477759941002, 43.740299440167199 ], [ 143.026671310233013, 43.741346810407201 ], [ 143.026998179623007, 43.742228660424502 ], [ 143.027855589664, 43.742607800210003 ], [ 143.028376090285008, 43.742911119952403 ], [ 143.02934214022801, 43.743453160235298 ], [ 143.029507899669994, 43.743550519940698 ], [ 143.029816469655003, 43.743800220304102 ], [ 143.030453900128009, 43.744240749611102 ], [ 143.030990780101007, 43.744591840441302 ], [ 143.031383510441003, 43.744774050282402 ], [ 143.031683750004987, 43.744926270431201 ], [ 143.032015660094999, 43.745073209761003 ], [ 143.032485609822999, 43.745177940309901 ], [ 143.032940289962994, 43.7452312799998 ], [ 143.033214170397997, 43.744992980341898 ], [ 143.033481670143004, 43.744559150084903 ], [ 143.033910560424005, 43.743713149742199 ], [ 143.034177790373008, 43.7429607400463 ], [ 143.034239740172012, 43.742816319717498 ], [ 143.034419199886003, 43.742151959945097 ], [ 143.034545880188006, 43.741531479894 ], [ 143.034677280132996, 43.741005989834697 ], [ 143.035087249577003, 43.740869630129502 ], [ 143.035841369784009, 43.740468590053602 ], [ 143.036684369987995, 43.740085039992799 ], [ 143.037009629591012, 43.739990059893501 ], [ 143.037257669805996, 43.739947299828202 ], [ 143.037738459961986, 43.739937870436599 ], [ 143.038660890088011, 43.740068710103102 ], [ 143.038995019704998, 43.740107600385599 ], [ 143.03947941973999, 43.740253429951998 ], [ 143.039886270334989, 43.7404356802626 ], [ 143.040544869949997, 43.740847549974603 ], [ 143.040759299802005, 43.740953929880099 ], [ 143.041613109856996, 43.741387520018201 ], [ 143.041848639602989, 43.741478620442102 ], [ 143.042090290135008, 43.741518070102998 ], [ 143.042401930404992, 43.741469469840403 ], [ 143.043127159890986, 43.741292289907399 ], [ 143.043367969555987, 43.741270080250203 ], [ 143.043674060109993, 43.741329520041504 ], [ 143.043986810142997, 43.741347859915898 ], [ 143.044843970172991, 43.741229010010997 ], [ 143.045699999754987, 43.741557050317802 ], [ 143.046573260347998, 43.741851759950897 ], [ 143.046727959928006, 43.742010080201197 ], [ 143.046989040312013, 43.742424760294597 ], [ 143.047180960133005, 43.7427241697848 ], [ 143.047303699606005, 43.7428875100507 ], [ 143.047698119773003, 43.743188300000199 ], [ 143.048033369943994, 43.743301629866501 ], [ 143.048240009869005, 43.7433569102934 ], [ 143.049241869917012, 43.7434474900098 ], [ 143.04983765998, 43.743410009864199 ], [ 143.050262899913008, 43.743355580196003 ], [ 143.05047344019701, 43.743284770276098 ], [ 143.050722309587002, 43.743223670336299 ], [ 143.051075069559005, 43.743051749638703 ], [ 143.052689080136986, 43.743536469832399 ], [ 143.052611840064998, 43.744125569839397 ], [ 143.052629869673012, 43.744408330180498 ], [ 143.052776850371998, 43.744813109637398 ], [ 143.052986490433995, 43.745084169798801 ], [ 143.053220600151008, 43.745334639981799 ], [ 143.053341979848994, 43.7453851998673 ], [ 143.053847760366011, 43.745520480385998 ], [ 143.05465019035401, 43.745545780113801 ], [ 143.055024609598007, 43.745487459978399 ], [ 143.054113560393006, 43.745771300405401 ], [ 143.052890889802995, 43.745572390153797 ], [ 143.052376779765012, 43.745341839954101 ], [ 143.051493540295013, 43.745119329693502 ], [ 143.051163019657992, 43.744999049866401 ], [ 143.050441159932006, 43.744574069837597 ], [ 143.048936309963011, 43.744200170401697 ], [ 143.048757989689989, 43.744156000199403 ], [ 143.048231340403987, 43.7446042798638 ], [ 143.047398859569995, 43.745494439616799 ], [ 143.046741359826001, 43.746239349866201 ], [ 143.046350230278989, 43.746992870225 ], [ 143.046065229726992, 43.747436989625598 ], [ 143.045898300266998, 43.747466699628703 ], [ 143.044556720416011, 43.747706920238301 ], [ 143.041999429830014, 43.747625189850801 ], [ 143.040983679752998, 43.747562939678097 ], [ 143.040524250293998, 43.747840949800199 ], [ 143.040027349682987, 43.747849550016902 ], [ 143.039115199706998, 43.747772860329398 ], [ 143.038096140124992, 43.747466480194099 ], [ 143.037596160235012, 43.747788649726502 ], [ 143.03653372994799, 43.7479477703735 ], [ 143.034914649890993, 43.748711810102101 ], [ 143.032872019727989, 43.749121700406299 ], [ 143.030582860211013, 43.747814259720499 ], [ 143.029637689828007, 43.7474087104438 ], [ 143.027505120265005, 43.7469820199045 ], [ 143.026449409712995, 43.746412040383497 ], [ 143.025438419748014, 43.745824019563003 ], [ 143.024462979983014, 43.745386529964499 ], [ 143.024775710231012, 43.745760389830302 ], [ 143.024718470181, 43.746214509692003 ], [ 143.024181799750011, 43.747189659875097 ], [ 143.023212110250995, 43.748163409813699 ], [ 143.023177029496992, 43.748185290319 ], [ 143.022334110230986, 43.748709710185203 ], [ 143.019784150019007, 43.7506504597511 ], [ 143.019452009703002, 43.750817480042798 ], [ 143.017567619749997, 43.752372290049301 ], [ 143.017310400154997, 43.752572819979797 ], [ 143.016908190061002, 43.752935830424398 ], [ 143.015096690159993, 43.754596680392602 ], [ 143.013009870009995, 43.755676089879799 ], [ 143.012304559607998, 43.757311739945003 ], [ 143.01196974021201, 43.7578717999438 ], [ 143.011374409701006, 43.758387910074099 ], [ 143.00789434005199, 43.759471249598697 ], [ 143.00717103961199, 43.760021210210802 ], [ 143.008512040298996, 43.760725550244103 ], [ 143.009600479878003, 43.7616994197925 ], [ 143.009804759981989, 43.762225640101299 ], [ 143.009932190319006, 43.762671729916597 ], [ 143.009385700189995, 43.763818229727697 ], [ 143.009190690297999, 43.764645439635501 ], [ 143.008029470384002, 43.765590109995699 ], [ 143.007798359907014, 43.7664318700349 ], [ 143.007496059994992, 43.767978550170099 ], [ 143.007111460425989, 43.768237230264099 ], [ 143.007164899939994, 43.769933060262701 ], [ 143.007519749936989, 43.771847740281103 ], [ 143.007146120296994, 43.773145579804797 ], [ 143.007371420254998, 43.773677099818499 ], [ 143.007441509817994, 43.775232860408302 ], [ 143.008146640354994, 43.775153940402198 ], [ 143.009982379683009, 43.775330880216103 ], [ 143.010688139746009, 43.775811510293103 ], [ 143.011714679888996, 43.7764839702592 ], [ 143.01373034028299, 43.779524530432901 ], [ 143.013818199550002, 43.781071580189497 ], [ 143.014158049754002, 43.782153259565497 ], [ 143.013990610379011, 43.7832582601607 ], [ 143.01417027963501, 43.783795730088997 ], [ 143.014449910335003, 43.7845416799547 ], [ 143.01433285997399, 43.787096539673698 ], [ 143.015607749698006, 43.787886700211203 ], [ 143.016031670325987, 43.789304979641301 ], [ 143.015926949668994, 43.790199689963899 ], [ 143.015094279977006, 43.791594640080703 ], [ 143.014528969736006, 43.793065850009199 ], [ 143.014160649693991, 43.793296369631904 ], [ 143.013344339570011, 43.793022710429902 ], [ 143.013358510187004, 43.792824450388302 ], [ 143.013705279774996, 43.790367509752897 ], [ 143.011557540447996, 43.7872983196619 ], [ 143.008593490098008, 43.7867174502503 ], [ 143.007698849922008, 43.785609409946503 ], [ 143.004894340201986, 43.785351149835897 ], [ 142.99908940974899, 43.784017910298502 ], [ 142.996511799880011, 43.784995510234801 ], [ 142.993761799867002, 43.787434700051499 ], [ 142.992562460388996, 43.788443709709597 ], [ 142.99084660968299, 43.7895443998543 ], [ 142.98907094956499, 43.790682499997601 ], [ 142.987002999889, 43.792032549662601 ], [ 142.981649479639998, 43.795448889754702 ], [ 142.976114889889999, 43.7951993197929 ], [ 142.973134880170988, 43.7950878398321 ], [ 142.970745379696012, 43.794990829962998 ], [ 142.968559470443012, 43.794907710122899 ], [ 142.967415680290003, 43.794789079652404 ], [ 142.966721040343998, 43.794507980359199 ], [ 142.965152055223001, 43.793644120380002 ], [ 142.960479569976002, 43.791071249938398 ], [ 142.959799650133988, 43.790666000136 ], [ 142.958114559839004, 43.789760780335897 ], [ 142.954678869934014, 43.787863959953903 ], [ 142.953945069908997, 43.7874511999131 ], [ 142.949606150404009, 43.7850866304438 ], [ 142.948380430213007, 43.785036590366502 ], [ 142.94760271989, 43.785021290200604 ], [ 142.946671149954, 43.7848454502575 ], [ 142.946032040446994, 43.784789880248901 ], [ 142.945150169745006, 43.784787349556701 ], [ 142.94440271981, 43.784868710322897 ], [ 142.943660559687004, 43.784920899779898 ], [ 142.943143659952, 43.785000880086699 ], [ 142.942398430443006, 43.785136669621799 ], [ 142.942064319713012, 43.784418149977803 ], [ 142.942026549985002, 43.784255670363102 ], [ 142.941912970108007, 43.783767119956799 ], [ 142.941907149694998, 43.783522429716498 ], [ 142.941504999855994, 43.782464790118098 ], [ 142.941224780099986, 43.781555740105503 ], [ 142.941154790360997, 43.781409920431699 ], [ 142.941349239976006, 43.780882229731297 ], [ 142.94148507987299, 43.780498669777998 ], [ 142.942359739810001, 43.780222630070497 ], [ 142.943063860409012, 43.779962410337099 ], [ 142.94384076044301, 43.779390560226297 ], [ 142.943944919921989, 43.779356129681801 ], [ 142.944132129993989, 43.779251980094998 ], [ 142.944316570154001, 43.7791489501641 ], [ 142.945504839877003, 43.778291880066398 ], [ 142.946271189963994, 43.777647549994597 ], [ 142.946722000319994, 43.777262890170398 ], [ 142.947130049712001, 43.776902110044503 ], [ 142.947214770345994, 43.776869339648499 ], [ 142.947791119764986, 43.776625500166901 ], [ 142.949239649690014, 43.776103659556398 ], [ 142.950240999822, 43.775509320099196 ], [ 142.950568489744001, 43.775131870139901 ], [ 142.950754049560004, 43.774759430303597 ], [ 142.951082939726007, 43.774098419606602 ], [ 142.951793180211013, 43.773714320060002 ], [ 142.953189499996, 43.772937240161703 ], [ 142.953434770298998, 43.772502300141198 ], [ 142.953781160371989, 43.771937669787803 ], [ 142.954032269972998, 43.771472740075097 ], [ 142.95459168965499, 43.770898389849002 ], [ 142.955391659996991, 43.7700843604051 ], [ 142.955750539856012, 43.769719420015399 ], [ 142.956153029639012, 43.768974810139497 ], [ 142.956113310180996, 43.7689656397527 ], [ 142.956560790347993, 43.768649859903299 ], [ 142.95767184967599, 43.7678230600863 ], [ 142.959472820315, 43.767670349806998 ], [ 142.959678360368002, 43.767623969970401 ], [ 142.960068050101, 43.767620369984201 ], [ 142.961030470379995, 43.767527630096197 ], [ 142.963325839715992, 43.767294390024198 ], [ 142.965020710137992, 43.7670947396307 ], [ 142.96655811016899, 43.766582900380698 ], [ 142.968043020369009, 43.766039110017097 ], [ 142.968218350396995, 43.7649156499375 ], [ 142.967525099904009, 43.764435129577699 ], [ 142.96743455975701, 43.764391800241498 ], [ 142.967354840253989, 43.764351530398997 ], [ 142.967194859854999, 43.764283199909897 ], [ 142.967087919671997, 43.764277919990199 ], [ 142.966895720162, 43.764299019884 ], [ 142.966785719585005, 43.764298470398302 ], [ 142.966720450389005, 43.764282080253999 ], [ 142.966478530059987, 43.764185420221096 ], [ 142.966341330387991, 43.764085709687897 ], [ 142.966252450389987, 43.764032930275697 ], [ 142.966103299628003, 43.7639446096562 ], [ 142.965975259550987, 43.763892109933103 ], [ 142.96588192970799, 43.763828779674597 ], [ 142.965784999877997, 43.7637623998151 ], [ 142.965706400030996, 43.7637198996538 ], [ 142.965527809961003, 43.763599639611897 ], [ 142.965422820407014, 43.7635374200161 ], [ 142.965250059742999, 43.763477980224799 ], [ 142.965015360070993, 43.763380769806901 ], [ 142.964828159891994, 43.763334940355399 ], [ 142.964624010189993, 43.763309930209303 ], [ 142.964547899666002, 43.763288549727001 ], [ 142.964475130122992, 43.763254379985803 ], [ 142.964362919912986, 43.763190219653097 ], [ 142.964256819696999, 43.763146890316897 ], [ 142.964081559816009, 43.763078010341999 ], [ 142.963956580131992, 43.762971630436503 ], [ 142.964327420074994, 43.762296719817897 ], [ 142.964592970089996, 43.761946219842301 ], [ 142.965013809639998, 43.761396570395597 ], [ 142.965116569774011, 43.761429900169901 ], [ 142.965716799791011, 43.761544900077197 ], [ 142.966042890366992, 43.761572959824399 ], [ 142.966573400442002, 43.7615946298884 ], [ 142.966946709923008, 43.7615663102372 ], [ 142.967527010064003, 43.760480619884802 ], [ 142.968085069969987, 43.759424939909202 ], [ 142.968383410166012, 43.758802529912998 ], [ 142.968538980289992, 43.758378420427903 ], [ 142.966949110212994, 43.758039549585703 ], [ 142.966593590222004, 43.758013710264699 ], [ 142.966107229664999, 43.758046200072201 ], [ 142.966069739626988, 43.757853999662501 ], [ 142.966222240364004, 43.7577848399985 ], [ 142.966240039745998, 43.757249919648203 ], [ 142.966269770433996, 43.757103269900099 ], [ 142.966348950344013, 43.756708040343902 ], [ 142.966380649646993, 43.755985360436199 ], [ 142.966144330296999, 43.7548913396637 ], [ 142.966625179808005, 43.753960910068102 ], [ 142.967404050256988, 43.753107150374802 ], [ 142.969226250291001, 43.751020779885302 ], [ 142.969572150234995, 43.749660120018703 ], [ 142.969916929622997, 43.7483039001051 ], [ 142.967425150151001, 43.744799820355603 ], [ 142.964274610084999, 43.744579220254998 ], [ 142.962400930158992, 43.743988419630099 ], [ 142.960785299902, 43.742996290246801 ], [ 142.960688989705005, 43.741867540354903 ], [ 142.960602949767008, 43.740743230415902 ], [ 142.960459179648012, 43.7388634701732 ], [ 142.962778139998989, 43.738911570412803 ], [ 142.963038390310004, 43.738927129583502 ], [ 142.96341168989801, 43.738965189791799 ], [ 142.963832489878001, 43.738992420364099 ], [ 142.964076629733, 43.738988250207697 ], [ 142.964487430150996, 43.738923829970901 ], [ 142.964610210093014, 43.7387510702059 ], [ 142.964725210001006, 43.738597760078697 ], [ 142.964865759647012, 43.738410569792102 ], [ 142.96496464999899, 43.738194479791602 ], [ 142.965157720053014, 43.737706489662898 ], [ 142.965209670289994, 43.7375001303269 ], [ 142.965224959663999, 43.7373240403724 ], [ 142.965219960333002, 43.737212390439701 ], [ 142.965156649860006, 43.737035189822301 ], [ 142.965068890417001, 43.736866319625101 ], [ 142.964938350224998, 43.736697169738797 ], [ 142.964845589651986, 43.736601349672704 ], [ 142.964665340332999, 43.736474139670001 ], [ 142.964294819650007, 43.736293879559099 ], [ 142.964096240348994, 43.736205270257202 ], [ 142.963788489646987, 43.736095279573597 ], [ 142.963637120257005, 43.736027229673098 ], [ 142.963374650420008, 43.735856690334202 ], [ 142.963310220290992, 43.735780860398599 ], [ 142.963266899947996, 43.735634770028803 ], [ 142.963194130404986, 43.735301480379199 ], [ 142.963173579997004, 43.7352370502499 ], [ 142.963109149867989, 43.735149559704602 ], [ 142.962945549697992, 43.735022900087003 ], [ 142.962778630130003, 43.734918190222501 ], [ 142.962557260209991, 43.734820420426203 ], [ 142.962418939982001, 43.7347773698799 ], [ 142.962232849565993, 43.7347204302039 ], [ 142.962090090286011, 43.734669319933303 ], [ 142.961822329737004, 43.734554060121901 ], [ 142.961631519679003, 43.734492950289599 ], [ 142.961376819983997, 43.734432669632199 ], [ 142.961255999665013, 43.734397120331003 ], [ 142.961007140167993, 43.734280189579202 ], [ 142.960911589897989, 43.734260470144797 ], [ 142.960741879734002, 43.734266019861103 ], [ 142.960589680270004, 43.7342554600216 ], [ 142.960484959613012, 43.734213240448902 ], [ 142.960301649900998, 43.7341263002887 ], [ 142.960077230379994, 43.733967149964101 ], [ 142.959877249935005, 43.733832999893202 ], [ 142.959648939946987, 43.733719119641798 ], [ 142.959397299746001, 43.733625240312698 ], [ 142.95913676974601, 43.733550250344003 ], [ 142.958806519804995, 43.733508859946099 ], [ 142.95861182018001, 43.733497739828998 ], [ 142.958362389613001, 43.733509680127803 ], [ 142.958154079646988, 43.7335085703644 ], [ 142.957901040101007, 43.733476339561598 ], [ 142.957608559887007, 43.733444119550697 ], [ 142.95732609002701, 43.733396899747298 ], [ 142.95709721976101, 43.733373559642203 ], [ 142.956887229861991, 43.733372439986297 ], [ 142.956726969773996, 43.733382159858898 ], [ 142.956465599808013, 43.733416040018398 ], [ 142.95626533967399, 43.733447980340202 ], [ 142.955964250249991, 43.733445470332398 ], [ 142.95572704956399, 43.733412969732903 ], [ 142.955581229889987, 43.733368250044897 ], [ 142.955405130043005, 43.733271039626999 ], [ 142.95529208975799, 43.7332635302878 ], [ 142.955185149574987, 43.733275479579902 ], [ 142.955052379963007, 43.733301300015199 ], [ 142.954950170214005, 43.733344909939802 ], [ 142.954671849826013, 43.733389619735298 ], [ 142.954450200216996, 43.7334223802388 ], [ 142.954292159656006, 43.733439880146499 ], [ 142.954050789711999, 43.733435709990196 ], [ 142.953882469900009, 43.733448199774799 ], [ 142.953822750419988, 43.733449590126703 ], [ 142.953649149788987, 43.733473750413403 ], [ 142.953378620226999, 43.733517069857001 ], [ 142.953147519641988, 43.733564560356299 ], [ 142.952909759578006, 43.733672319821899 ], [ 142.952723379579993, 43.733779799598302 ], [ 142.952496450051001, 43.733913939776599 ], [ 142.952167020291995, 43.734092519953997 ], [ 142.951565390030993, 43.734420800379802 ], [ 142.951261240213995, 43.734558550436901 ], [ 142.951071250338003, 43.734612429720002 ], [ 142.950929039643995, 43.734624090329604 ], [ 142.950741549882991, 43.734627419619898 ], [ 142.95042491028201, 43.734600750224601 ], [ 142.950174930228997, 43.734553810110398 ], [ 142.949976340136004, 43.734510200185802 ], [ 142.949657749904986, 43.734461310341402 ], [ 142.949415270199012, 43.734434079769102 ], [ 142.949187239899004, 43.734411030145097 ], [ 142.949030030312002, 43.734364640415997 ], [ 142.948930870163991, 43.734304920036202 ], [ 142.948818390156987, 43.734198819819802 ], [ 142.948619800063994, 43.733978569555497 ], [ 142.948482319802991, 43.733857189857602 ], [ 142.948337330203998, 43.733758310298001 ], [ 142.948172349574008, 43.7336744296314 ], [ 142.947986529855001, 43.733589989586498 ], [ 142.947766279590013, 43.733518329807197 ], [ 142.947501020055995, 43.7334777802755 ], [ 142.947247430125003, 43.733473879915799 ], [ 142.946961620183004, 43.733491100134401 ], [ 142.946577199578002, 43.733522189697503 ], [ 142.946737179976992, 43.7337693899456 ], [ 142.946840209908004, 43.734011300381397 ], [ 142.946968249984991, 43.7342010096691 ], [ 142.947204609804999, 43.734381820164998 ], [ 142.947271549942002, 43.734486809718597 ], [ 142.94739124970701, 43.734699279948003 ], [ 142.947432620319006, 43.735061460318299 ], [ 142.947526770344012, 43.735284490387102 ], [ 142.947725630234004, 43.735440590211198 ], [ 142.947822009677992, 43.735595289791 ], [ 142.947818659704012, 43.735802480100503 ], [ 142.947656160304007, 43.736089110224398 ], [ 142.947700010347006, 43.736794300116998 ], [ 142.948058029555, 43.736966780192901 ], [ 142.948152169687006, 43.737467269998703 ], [ 142.948446019567996, 43.737658089949001 ], [ 142.948413220394002, 43.738269119924098 ], [ 142.948664830018004, 43.739008750253802 ], [ 142.948414549592002, 43.739360359992801 ], [ 142.948194849712991, 43.739394800429899 ], [ 142.947977089671014, 43.739342299807397 ], [ 142.947777379922002, 43.7393806199198 ], [ 142.947608230035996, 43.739344510340999 ], [ 142.947407969902002, 43.739331179690303 ], [ 142.947248250307013, 43.7393672802759 ], [ 142.946761629845014, 43.739310329808099 ], [ 142.946541920073997, 43.739350880239101 ], [ 142.946067249804003, 43.739090899725397 ], [ 142.945307040287986, 43.739110039996497 ], [ 142.944960689784011, 43.739074749700102 ], [ 142.944286289979999, 43.739329419717102 ], [ 142.944169080438996, 43.7393344100552 ], [ 142.944044650241011, 43.7392088700934 ], [ 142.944371310088002, 43.7387614402884 ], [ 142.94359249989401, 43.738656709739502 ], [ 142.942929519681996, 43.738432819918899 ], [ 142.942514010412992, 43.738336149993501 ], [ 142.942097939967994, 43.738437789572501 ], [ 142.941178250076007, 43.739257099835498 ], [ 142.941137369594003, 43.740168370274297 ], [ 142.940747650183994, 43.740595249671202 ], [ 142.940669849833995, 43.741051310269903 ], [ 142.940167090138999, 43.741563729582602 ], [ 142.939750999908995, 43.741684250428001 ], [ 142.939222970163996, 43.742016700110803 ], [ 142.939004079674987, 43.742349149793597 ], [ 142.939039350185993, 43.7424588598886 ], [ 142.939151000119011, 43.742526909789198 ], [ 142.939487350160988, 43.742632189823901 ], [ 142.93956234013001, 43.742689679884997 ], [ 142.939630089656987, 43.743107409579501 ], [ 142.939710859569004, 43.743912589694403 ], [ 142.939808609580012, 43.7442161702402 ], [ 142.940279359704988, 43.744878039789903 ], [ 142.940347129916006, 43.745047460372199 ], [ 142.940360719571999, 43.745244109727999 ], [ 142.940297929806007, 43.745503240382398 ], [ 142.939205490042013, 43.745965369606303 ], [ 142.939106849701005, 43.746570570175798 ], [ 142.938360499638009, 43.747071870270801 ], [ 142.937716610233991, 43.748015900313703 ], [ 142.937581329714988, 43.748186429760104 ], [ 142.937251349570005, 43.748325289580599 ], [ 142.937098019658009, 43.748427490336603 ], [ 142.936724940403991, 43.749426790014503 ], [ 142.936540209762995, 43.749893670356798 ], [ 142.936440199755992, 43.750143910313398 ], [ 142.936435749910004, 43.7502630596926 ], [ 142.936452130161996, 43.750312499922103 ], [ 142.936727099676006, 43.750486929728197 ], [ 142.937010949995994, 43.750669420157799 ], [ 142.93702567009899, 43.750729410334202 ], [ 142.936975389903012, 43.750819679784598 ], [ 142.936876499551005, 43.7509238302707 ], [ 142.936616240246991, 43.751041299716299 ], [ 142.936405420274014, 43.751109060035297 ], [ 142.936111549707988, 43.751295139659099 ], [ 142.936086550353991, 43.751352080234497 ], [ 142.936067380405007, 43.751442339792298 ], [ 142.936118479883987, 43.751520669843202 ], [ 142.936250959913991, 43.751601769806001 ], [ 142.936474550259987, 43.751650110164597 ], [ 142.937338090080999, 43.751650969916497 ], [ 142.938365779556989, 43.751522689720503 ], [ 142.939439310175999, 43.751389959679003 ], [ 142.939978989738989, 43.751332760098997 ], [ 142.940771410272987, 43.751369449740501 ], [ 142.941176939764006, 43.751321409755398 ], [ 142.941811610217997, 43.751196449856401 ], [ 142.942066030223003, 43.751204229891499 ], [ 142.942291289710994, 43.751258680244099 ], [ 142.942413770179996, 43.751331449786697 ], [ 142.942712069906008, 43.751432279975901 ], [ 142.942880940103009, 43.7514353403689 ], [ 142.943081759616007, 43.7513792496528 ], [ 142.943360919971013, 43.751204829739301 ], [ 142.943577289659999, 43.751109019565803 ], [ 142.943753109818005, 43.751084299900697 ], [ 142.943890320282009, 43.751082360063002 ], [ 142.944394160063013, 43.751249029619203 ], [ 142.944687179869987, 43.751380960163402 ], [ 142.944872159623003, 43.751417079634699 ], [ 142.945009370087007, 43.751416249560499 ], [ 142.945131589751014, 43.751345150058803 ], [ 142.945197699814003, 43.7512554399867 ], [ 142.945205760438, 43.751107399886699 ], [ 142.945210769661003, 43.751050470103301 ], [ 142.94554047011701, 43.750880779724397 ], [ 142.945788229742988, 43.750773850333097 ], [ 142.945905450076992, 43.750781359672203 ], [ 142.945991820067007, 43.750826350056201 ], [ 142.946032650186993, 43.750898570113101 ], [ 142.946003749574004, 43.751124370093699 ], [ 142.945986790158003, 43.751379339585 ], [ 142.946051490083988, 43.7515443202144 ], [ 142.946155359981987, 43.751628760259202 ], [ 142.94635256961601, 43.751681810367401 ], [ 142.946585049759989, 43.751682379638297 ], [ 142.946736150253003, 43.751647940100497 ], [ 142.946812539566992, 43.751461579888101 ], [ 142.946961430426001, 43.751239110097004 ], [ 142.947196700267995, 43.751047190275798 ], [ 142.947494749983008, 43.750867500335097 ], [ 142.947844449562012, 43.7506953098409 ], [ 142.948025830228005, 43.750563939574299 ], [ 142.948226659633008, 43.750382579592603 ], [ 142.948451099838991, 43.750263160416701 ], [ 142.948747189930998, 43.750151509584697 ], [ 142.949110780437991, 43.749954600324699 ], [ 142.949451049726008, 43.7497040896722 ], [ 142.949799379637994, 43.74939357985 ], [ 142.950099090401011, 43.749128619790199 ], [ 142.950606299941001, 43.748736459620098 ], [ 142.951479760182991, 43.749713029832598 ], [ 142.952054399990999, 43.750191880151299 ], [ 142.952802349948996, 43.750835429611499 ], [ 142.952972540350999, 43.751695609564898 ], [ 142.952934490035005, 43.751730050002003 ], [ 142.952457549875987, 43.752162759703801 ], [ 142.95240060030801, 43.752413559937999 ], [ 142.951727009894, 43.7530181903374 ], [ 142.951295070012009, 43.753741409838398 ], [ 142.951143660152013, 43.754466859658002 ], [ 142.951186990386987, 43.754504079899597 ], [ 142.951261420078993, 43.754528250078899 ], [ 142.951421410369989, 43.754519089584498 ], [ 142.951712219643014, 43.754434389635499 ], [ 142.952042469584995, 43.754322739702801 ], [ 142.952336340149998, 43.754273310265198 ], [ 142.952641589838009, 43.754211390143702 ], [ 142.953032400125011, 43.754113630239999 ], [ 142.953531799952998, 43.754044209772601 ], [ 142.953976770112007, 43.753960900175599 ], [ 142.954362009998988, 43.753888150418 ], [ 142.954816420342013, 43.753856219988698 ], [ 142.955022230191986, 43.7538570599555 ], [ 142.955111389878994, 43.753895950238103 ], [ 142.955221379662987, 43.754008989623301 ], [ 142.955231089643007, 43.754100090047302 ], [ 142.955166369931987, 43.754191739957001 ], [ 142.954773619807014, 43.7543575398687 ], [ 142.954580570437003, 43.754466409997001 ], [ 142.954190590223988, 43.754878839986603 ], [ 142.954109480368004, 43.755022160444497 ], [ 142.954108359813006, 43.755165190421401 ], [ 142.95419889995901, 43.7553282303138 ], [ 142.954363869796993, 43.7555032096056 ], [ 142.954654949765995, 43.7556937498669 ], [ 142.955086010110989, 43.755875410222203 ], [ 142.955173769553994, 43.7560448299051 ], [ 142.955347630088994, 43.756240370396903 ], [ 142.955598440215994, 43.756416740040699 ], [ 142.955903949808004, 43.756620059668201 ], [ 142.956060039738986, 43.756768099768202 ], [ 142.956117250110992, 43.757005840047697 ], [ 142.953534419677993, 43.7570104904419 ], [ 142.953134750168999, 43.7568757702008 ], [ 142.953028919748988, 43.756879380079504 ], [ 142.953516079802995, 43.757182680036799 ], [ 142.953765499577997, 43.757327389947299 ], [ 142.952504509775991, 43.757220429979 ], [ 142.951983160194999, 43.7574123300152 ], [ 142.952480309918997, 43.757808680126601 ], [ 142.952938019874011, 43.758443329895897 ], [ 142.952897140290986, 43.759322660012899 ], [ 142.952696860371987, 43.759743979801002 ], [ 142.952767639715006, 43.760583870149702 ], [ 142.953218459964006, 43.760158939583597 ], [ 142.954068959615, 43.759667930430801 ], [ 142.954300880381993, 43.759658209658802 ], [ 142.954644710086001, 43.760113159594802 ], [ 142.954301140285992, 43.760029279827599 ], [ 142.954073109986012, 43.760022319974297 ], [ 142.953801180179994, 43.760143130401303 ], [ 142.952913150021999, 43.761156859701501 ], [ 142.953573069841013, 43.761554330368199 ], [ 142.953939409576009, 43.7619087396968 ], [ 142.953957719773001, 43.762258969875703 ], [ 142.953431069587992, 43.762850259731898 ], [ 142.952940570350989, 43.762775539559698 ], [ 142.951072469818996, 43.761604519732899 ], [ 142.950636140346006, 43.761205670405602 ], [ 142.95036675022601, 43.760787099844897 ], [ 142.950154309673991, 43.7599124902694 ], [ 142.950096539924004, 43.759754449708304 ], [ 142.949880760188989, 43.759165079904697 ], [ 142.949522759867989, 43.758804559682901 ], [ 142.949235570365005, 43.758584859803598 ], [ 142.948017089717013, 43.758108780296098 ], [ 142.946832500020008, 43.757742949577597 ], [ 142.94506517032201, 43.757354060241902 ], [ 142.945061560443008, 43.757308509580199 ], [ 142.945005180144989, 43.757234630274098 ], [ 142.944791879842001, 43.756954659629997 ], [ 142.944581079653005, 43.756769679877003 ], [ 142.944014479785011, 43.756253350312001 ], [ 142.942633239831991, 43.755679769905598 ], [ 142.942389389558997, 43.7553625799193 ], [ 142.942173320243, 43.754968460126499 ], [ 142.942086940360014, 43.7549315195741 ], [ 142.941695030201998, 43.754923729646599 ], [ 142.941450050380013, 43.754997599959403 ], [ 142.941013970018986, 43.755101739653803 ], [ 142.940779550036012, 43.755119780054002 ], [ 142.940548499814014, 43.755098529973303 ], [ 142.940355970252, 43.755076719615097 ], [ 142.939342470279001, 43.754712010351199 ], [ 142.938983620098014, 43.754590070375599 ], [ 142.937903160203007, 43.754623369572997 ], [ 142.937473459632997, 43.754800000020197 ], [ 142.936716000242996, 43.755336569727099 ], [ 142.936320460421001, 43.755736500039603 ], [ 142.936093809682006, 43.755926470130603 ], [ 142.935841030039995, 43.756319179786502 ], [ 142.936250420320988, 43.7566316501307 ], [ 142.936363459706001, 43.756744700307799 ], [ 142.936386789918998, 43.756806630321897 ], [ 142.936327619923986, 43.756877460026899 ], [ 142.935966540323989, 43.757049369932602 ], [ 142.935596280444003, 43.757182109866598 ], [ 142.935414350292007, 43.7572926500359 ], [ 142.934946309824994, 43.757837839744703 ], [ 142.93496433044001, 43.758483310156798 ], [ 142.934849889910993, 43.758467750086801 ], [ 142.934751010350993, 43.758459690362599 ], [ 142.934574920395988, 43.758487740217198 ], [ 142.93421717008701, 43.758533549883602 ], [ 142.933893860213999, 43.758565760002 ], [ 142.933658319675999, 43.758613249602 ], [ 142.932901159761002, 43.758808749624301 ], [ 142.932505350142009, 43.758884000396399 ], [ 142.932371200071003, 43.758894550343399 ], [ 142.932244820143012, 43.758869550089898 ], [ 142.931594329715011, 43.758699830033301 ], [ 142.931380739828995, 43.758653719993298 ], [ 142.93127992043199, 43.758657880257097 ], [ 142.931201309793011, 43.758682869718797 ], [ 142.931069649944988, 43.758749249578401 ], [ 142.930986879941003, 43.758790909772799 ], [ 142.930753840417992, 43.758888389987398 ], [ 142.930337199802011, 43.759065849609399 ], [ 142.929823339774998, 43.759257190267299 ], [ 142.929482809684004, 43.759336889985697 ], [ 142.929046179837997, 43.759405199790301 ], [ 142.928703430219002, 43.759427690035999 ], [ 142.928105700318014, 43.759488489602298 ], [ 142.927839330121003, 43.759536249898197 ], [ 142.927589910346001, 43.759594849722703 ], [ 142.92731826023001, 43.759685110179902 ], [ 142.92713048988, 43.7597809203534 ], [ 142.926947170276009, 43.759886460292101 ], [ 142.926735510335988, 43.759940049993503 ], [ 142.926420539876005, 43.759994199972503 ], [ 142.925754199797012, 43.7600563898906 ], [ 142.925462560449006, 43.760089709772402 ], [ 142.925187299554011, 43.760163029700202 ], [ 142.925063690437014, 43.760219679794503 ], [ 142.925024800155001, 43.760267729672101 ], [ 142.924646479652012, 43.7606484999285 ], [ 142.924279819757999, 43.761012329655401 ], [ 142.923864549709009, 43.761404210136298 ], [ 142.92347706961101, 43.761762490146999 ], [ 142.923175130327991, 43.761973839821003 ], [ 142.922649599799001, 43.762403769718397 ], [ 142.922035729765014, 43.7628811802225 ], [ 142.921125780430998, 43.7634416404196 ], [ 142.920308320072991, 43.763927929930198 ], [ 142.919433929932012, 43.764495599992102 ], [ 142.918503420296986, 43.765063830331698 ], [ 142.918076209948993, 43.765434039849303 ], [ 142.917666229713006, 43.765774540263003 ], [ 142.917180139852007, 43.7661816903329 ], [ 142.916625160123004, 43.766603570398601 ], [ 142.916144899668012, 43.767024050219902 ], [ 142.91567325022001, 43.767437320176299 ], [ 142.915165219599004, 43.767787529670898 ], [ 142.914470809879987, 43.768245780118797 ], [ 142.913433080373011, 43.768932050074199 ], [ 142.912898380356012, 43.769292269922502 ], [ 142.912528400165996, 43.7695152802062 ], [ 142.911840380130002, 43.769978529985302 ], [ 142.911477619696996, 43.770299589754401 ], [ 142.911221519757987, 43.7705242700792 ], [ 142.910780989551, 43.770779219785297 ], [ 142.910519609691988, 43.770983630290502 ], [ 142.909908809944, 43.771401059611399 ], [ 142.909564099803987, 43.771897089679101 ], [ 142.909337989557002, 43.772178719572402 ], [ 142.909257709776, 43.772334529814898 ], [ 142.909250480125991, 43.7724964500513 ], [ 142.909191589820011, 43.772712249570802 ], [ 142.90905686957899, 43.772922500273403 ], [ 142.908985750292004, 43.773093310308198 ], [ 142.90898130044701, 43.773345499995003 ], [ 142.908900169907014, 43.7736976700116 ], [ 142.908668230254989, 43.7741603801975 ], [ 142.908405460044008, 43.774509210132102 ], [ 142.908127690040999, 43.774866660068497 ], [ 142.907983249927014, 43.7751543900632 ], [ 142.907715750182007, 43.775626259844202 ], [ 142.90751214007301, 43.776015650102401 ], [ 142.907489639934994, 43.776058699749299 ], [ 142.907247980410006, 43.776431139585597 ] ] } },
{ "type": "Feature", "properties": { "NAME": "大雪山", "ZONE": "特別保護地区" }, "geometry": { "type": "LineString", "coordinates": [ [ 143.090296210002009, 43.245686909923101 ], [ 143.090528420351006, 43.2456688596303 ], [ 143.09060369990101, 43.2456594203462 ], [ 143.090175399575003, 43.245405819623002 ], [ 143.089883199950009, 43.245275540234204 ], [ 143.089781840059999, 43.245046949657201 ], [ 143.08975546024601, 43.244965849694402 ], [ 143.089671860168011, 43.244855299632498 ], [ 143.089656579787999, 43.244805579713898 ], [ 143.089715479986012, 43.244743649699799 ], [ 143.089948249711995, 43.244672550198203 ], [ 143.090175469721999, 43.244599509959599 ], [ 143.090243249825988, 43.244522580153102 ], [ 143.090261589700987, 43.244404259948801 ], [ 143.090309090093001, 43.244320659870702 ], [ 143.090353539983994, 43.244233729603103 ], [ 143.09036078042601, 43.244078740441701 ], [ 143.090303290365, 43.2439120897713 ], [ 143.090236920398013, 43.243769040009298 ], [ 143.090222759672997, 43.243580439585799 ], [ 143.090298880088994, 43.243462679659103 ], [ 143.090428320411007, 43.243394910347 ], [ 143.090459990037004, 43.243352140389099 ], [ 143.090442779710997, 43.243261590350301 ], [ 143.090471960012991, 43.2430418895717 ], [ 143.090534190401002, 43.242860519697402 ], [ 143.090641980442996, 43.242708590029601 ], [ 143.090874760062007, 43.242490009806303 ], [ 143.091003380202011, 43.242242260072402 ], [ 143.091218120320008, 43.241971729611798 ], [ 143.091324799700004, 43.241708700396401 ], [ 143.091502590272995, 43.241435960301501 ], [ 143.091694549663998, 43.241105710360401 ], [ 143.091803439577006, 43.240966839747998 ], [ 143.091991219818993, 43.2408610201201 ], [ 143.092145930191009, 43.240867970080899 ], [ 143.092268979929997, 43.240911310209 ], [ 143.092316480322012, 43.240899920295199 ], [ 143.092359539861008, 43.240816320217199 ], [ 143.092355939875006, 43.240613559967997 ], [ 143.092327339635006, 43.240464400212097 ], [ 143.092322899681989, 43.240440519614502 ], [ 143.092382069677001, 43.240331359904502 ], [ 143.092453189862994, 43.2401808196893 ], [ 143.092596809794998, 43.239983619948198 ], [ 143.092663210338998, 43.2398650200548 ], [ 143.092684040436012, 43.239840859768002 ], [ 143.09273738012601, 43.239740310167299 ], [ 143.092763220346995, 43.2396605996571 ], [ 143.092849330431989, 43.239511719590297 ], [ 143.092884059552006, 43.239433119742799 ], [ 143.092972399956011, 43.239307300092001 ], [ 143.093044069628007, 43.239188149813501 ], [ 143.093229089851008, 43.238873459942397 ], [ 143.093427429932007, 43.238570710370098 ], [ 143.093752440423003, 43.238215200271398 ], [ 143.093900219720013, 43.238092440114201 ], [ 143.094104399998002, 43.2378655195782 ], [ 143.094330510244987, 43.237653320044799 ], [ 143.094523020021001, 43.237404740236698 ], [ 143.094736920173006, 43.237172539781099 ], [ 143.094999700275991, 43.236971449572899 ], [ 143.095364700021008, 43.236720929927102 ], [ 143.095659700135002, 43.236524009875303 ], [ 143.096213589884997, 43.236206829781501 ], [ 143.096571910366009, 43.236039080139598 ], [ 143.097021889748987, 43.235868830382401 ], [ 143.097239649789998, 43.235819950430503 ], [ 143.097650180411989, 43.235773569694601 ], [ 143.09811127001899, 43.235673590264099 ], [ 143.098521250255999, 43.235517229636599 ], [ 143.098779579613989, 43.235418910354603 ], [ 143.099023179876014, 43.235327809930702 ], [ 143.099245940147995, 43.235301150427901 ], [ 143.099393709552004, 43.235302549773003 ], [ 143.099659520371006, 43.235352269691603 ], [ 143.099775069764007, 43.235371439640403 ], [ 143.100007000423005, 43.2353717301214 ], [ 143.100218930159997, 43.235382840345899 ], [ 143.100373359943006, 43.235433119642899 ], [ 143.100507510014012, 43.235515619850197 ], [ 143.100615550067999, 43.235549230213003 ], [ 143.100713040175009, 43.235604230051401 ], [ 143.100838859826013, 43.235747830198399 ], [ 143.100899410279993, 43.235804490185203 ], [ 143.101007450334009, 43.235832549932397 ], [ 143.101129380417007, 43.235904209711698 ], [ 143.101202429648993, 43.235969770288797 ], [ 143.101344920032005, 43.235998099832599 ], [ 143.101513509640995, 43.236082819566697 ], [ 143.101622660358004, 43.236193929906101 ], [ 143.101798750312014, 43.236397530122098 ], [ 143.101883739843004, 43.236468629623701 ], [ 143.101986779665992, 43.236513080414497 ], [ 143.102114549947004, 43.236532250363197 ], [ 143.102340640407988, 43.236585029775497 ], [ 143.102446190239988, 43.236621970327903 ], [ 143.102543950143001, 43.236672249624803 ], [ 143.102463670361999, 43.236813339763998 ], [ 143.102277829958012, 43.237109699653097 ], [ 143.102026429875991, 43.237499939770501 ], [ 143.102801610406004, 43.238072420306104 ], [ 143.103792329652009, 43.238759329679503 ], [ 143.104605570390987, 43.239350970271197 ], [ 143.104901909596009, 43.239712610148999 ], [ 143.105292960002004, 43.2401800804465 ], [ 143.105407660434992, 43.240316739626003 ], [ 143.105672070109989, 43.240598669892798 ], [ 143.106205600109007, 43.241167250068699 ], [ 143.106855780269996, 43.241889699749997 ], [ 143.107282389870988, 43.242376890381401 ], [ 143.107808420422003, 43.242980740169202 ], [ 143.108143640017005, 43.243445159966299 ], [ 143.108553569891995, 43.2440370595628 ], [ 143.108974590205008, 43.244688680438401 ], [ 143.109373130166006, 43.245224199737201 ], [ 143.109823589786998, 43.245899710203602 ], [ 143.109909959777013, 43.246048860066999 ], [ 143.109650769767001, 43.246662960327498 ], [ 143.109285469648995, 43.247398989771703 ], [ 143.109013779961998, 43.248040030123398 ], [ 143.108874609876011, 43.2483208299425 ], [ 143.109253989780001, 43.2486899800587 ], [ 143.109813619903008, 43.249212729883801 ], [ 143.110320209809998, 43.249677149680899 ], [ 143.110588230263005, 43.249911299866802 ], [ 143.110645970335014, 43.250254330073503 ], [ 143.110675120060989, 43.250427640223599 ], [ 143.11085782992501, 43.251246740045197 ], [ 143.111008880056005, 43.251917240388501 ], [ 143.111122719837994, 43.252453859558202 ], [ 143.112096510246005, 43.252541109984399 ], [ 143.11350304992601, 43.252676420180798 ], [ 143.114172460291002, 43.252368420366501 ], [ 143.114853810054996, 43.252068189795303 ], [ 143.115198520196003, 43.2519068298365 ], [ 143.115698490193012, 43.251653259690301 ], [ 143.116150410312997, 43.251448020010301 ], [ 143.116874260239001, 43.251136969695601 ], [ 143.117476170189008, 43.250850069775097 ], [ 143.117568109681002, 43.250817579967503 ], [ 143.118317760257014, 43.2510134199335 ], [ 143.119066839763008, 43.251219809846503 ], [ 143.119492909770003, 43.251345099796701 ], [ 143.12051558012999, 43.251606500339904 ], [ 143.121420209975014, 43.251837900398897 ], [ 143.12154047001701, 43.251889839844402 ], [ 143.121594049826001, 43.252194260357001 ], [ 143.121720939670013, 43.252835590290402 ], [ 143.121872819874994, 43.253468040317998 ], [ 143.121992489961997, 43.254095210425803 ], [ 143.122088269557992, 43.254670989674601 ], [ 143.122150460375991, 43.255062350347401 ], [ 143.122195160279006, 43.255325099873602 ], [ 143.122323700379013, 43.2560117097727 ], [ 143.122466410197006, 43.256723870310502 ], [ 143.122306970290992, 43.256912180253103 ], [ 143.121987260404012, 43.257286850408001 ], [ 143.121815880198994, 43.257487660027699 ], [ 143.121243670359007, 43.258163960098798 ], [ 143.122008020354002, 43.258350359881398 ], [ 143.123654199681994, 43.258775380379703 ], [ 143.124307180332011, 43.258817900326001 ], [ 143.125727299775008, 43.258897109913804 ], [ 143.127035760291989, 43.258978539927902 ], [ 143.128186190141008, 43.259046070020297 ], [ 143.128683070068007, 43.259092469641899 ], [ 143.12951351033999, 43.259588839653397 ], [ 143.130428930251014, 43.260133540130902 ], [ 143.130809699607994, 43.260371579884698 ], [ 143.131261580157997, 43.260654340225798 ], [ 143.131564870223002, 43.260848219669803 ], [ 143.131890369945012, 43.261064869948001 ], [ 143.13208257035501, 43.261193199606602 ], [ 143.13248610964601, 43.2614620699188 ], [ 143.132688299725004, 43.261583449616701 ], [ 143.132939099959998, 43.261745940023303 ], [ 143.133001029973997, 43.261814269612998 ], [ 143.133213760106997, 43.262108960360401 ], [ 143.133298749637987, 43.262228949706397 ], [ 143.133673669804011, 43.262720850087298 ], [ 143.133973049616998, 43.263141650067297 ], [ 143.134214389882004, 43.263482170266101 ], [ 143.134524600230009, 43.263856030131898 ], [ 143.134546819780013, 43.263916299997398 ], [ 143.135262289823004, 43.264064090085903 ], [ 143.136034970238001, 43.264196609685897 ], [ 143.136811259631997, 43.2644029995989 ], [ 143.137445910301011, 43.264501899842998 ], [ 143.137559509964007, 43.264519409643199 ], [ 143.137975850206004, 43.264533309564698 ], [ 143.138539389681, 43.264755800040298 ], [ 143.139221809638997, 43.264929969942301 ], [ 143.139833399892012, 43.265078039719903 ], [ 143.140398889996987, 43.265199709898901 ], [ 143.140738279748007, 43.265493569672699 ], [ 143.141084890156009, 43.265832150033901 ], [ 143.141786169796006, 43.266445160316003 ], [ 143.142316929883009, 43.266704590444597 ], [ 143.143059900293991, 43.266906529612797 ], [ 143.14392813997199, 43.266965449596 ], [ 143.144184769611996, 43.2670571102976 ], [ 143.144536669832007, 43.2672729296022 ], [ 143.144817459758002, 43.267579289952401 ], [ 143.144829950441988, 43.267623450262199 ], [ 143.144932709676993, 43.267805369622302 ], [ 143.145026580012996, 43.267991460037997 ], [ 143.145087959642012, 43.268113390121002 ], [ 143.145102950440986, 43.268140060415597 ], [ 143.14530401996501, 43.2685455701221 ], [ 143.145659250373996, 43.268927190237797 ], [ 143.146032249589013, 43.269125239838097 ], [ 143.146291370351008, 43.269574909854398 ], [ 143.146724080051996, 43.269939600232497 ], [ 143.147028180406011, 43.2703459400133 ], [ 143.147291199729011, 43.270577590083903 ], [ 143.147501999917012, 43.270785900049397 ], [ 143.148250510152991, 43.271139499988102 ], [ 143.148281890197012, 43.271170880032201 ], [ 143.148917629945004, 43.271569459563104 ], [ 143.148326269942004, 43.272217959791199 ], [ 143.148171770011004, 43.273270869854898 ], [ 143.148157549931, 43.274127139556001 ], [ 143.148023940352999, 43.274486249640901 ], [ 143.147947259658991, 43.274716209885398 ], [ 143.14785448020001, 43.275037550242899 ], [ 143.147688639818995, 43.275361110127299 ], [ 143.147650290028992, 43.275656630049603 ], [ 143.147720519886008, 43.2762909902372 ], [ 143.147825500446999, 43.276519849711498 ], [ 143.147943520277011, 43.276941459980499 ], [ 143.148044030308, 43.277426949993902 ], [ 143.148254799918988, 43.278086590124197 ], [ 143.148582459813014, 43.279462800168197 ], [ 143.148785999773992, 43.280175760203299 ], [ 143.148945939702998, 43.280842620091001 ], [ 143.148868669953004, 43.281765259759098 ], [ 143.148904470165007, 43.282253249887702 ], [ 143.149029719645995, 43.282504329811204 ], [ 143.149286330400002, 43.282975380309701 ], [ 143.149496549626008, 43.283437829692303 ], [ 143.14913462016699, 43.283854699634801 ], [ 143.148923790301012, 43.284081329689798 ], [ 143.148890459627012, 43.284186589939303 ], [ 143.148754349933, 43.284300460298198 ], [ 143.148580469612995, 43.284427379819903 ], [ 143.148378820027006, 43.284526239594499 ], [ 143.147985229934989, 43.284777860010401 ], [ 143.147546650358009, 43.285070860032299 ], [ 143.147486929977987, 43.285115020342097 ], [ 143.147406929885989, 43.2852472197835 ], [ 143.147154170029012, 43.285397470417102 ], [ 143.146954999873998, 43.285665200388799 ], [ 143.147024700029988, 43.286003209680501 ], [ 143.147080789846996, 43.286230960290801 ], [ 143.147067440309996, 43.2865564699053 ], [ 143.147150179736997, 43.287025020288603 ], [ 143.147242360246992, 43.2875130104173 ], [ 143.147114279699991, 43.288030709649703 ], [ 143.147122870024987, 43.288455089830698 ], [ 143.146915919833987, 43.2888425303586 ], [ 143.146697579729988, 43.289319119781702 ], [ 143.146457029967991, 43.289522700212601 ], [ 143.146141209648988, 43.289924019977697 ], [ 143.146019540369991, 43.290078990253399 ], [ 143.145950369914004, 43.290191199564397 ], [ 143.146060910083008, 43.290296190017301 ], [ 143.146375310372008, 43.290524769802502 ], [ 143.146679159815989, 43.290693370203002 ], [ 143.146954110444, 43.291027780407902 ], [ 143.147240450086997, 43.291328850046597 ], [ 143.147531799852999, 43.291522449801398 ], [ 143.147875089964003, 43.291664379907402 ], [ 143.148109220364006, 43.291793539640302 ], [ 143.148385570338007, 43.291935190057103 ], [ 143.148770800331988, 43.2920790797859 ], [ 143.149237130290004, 43.292279339919801 ], [ 143.149524870177004, 43.292435720332399 ], [ 143.149515959694014, 43.292805390256703 ], [ 143.149537609973009, 43.293057849740102 ], [ 143.149585079788011, 43.293410019756799 ], [ 143.149889180141997, 43.293922459753901 ], [ 143.149686689688991, 43.294194920159597 ], [ 143.149670019855989, 43.2943304497906 ], [ 143.149418359869998, 43.294633179577701 ], [ 143.149411130219988, 43.294766209992801 ], [ 143.149393620419005, 43.295038399702499 ], [ 143.14938999974899, 43.295099219953201 ], [ 143.149344440094012, 43.295346129720301 ], [ 143.149044460433998, 43.2955638600843 ], [ 143.148632519675004, 43.296133489768899 ], [ 143.148522510106005, 43.296583700277701 ], [ 143.148388340249994, 43.296947809693798 ], [ 143.148458839904009, 43.297719919938501 ], [ 143.148310510221989, 43.298001270142699 ], [ 143.148147179848991, 43.298288170063202 ], [ 143.148113830288992, 43.2986042296017 ], [ 143.148256030191988, 43.298745600329397 ], [ 143.148352129947, 43.298794769862901 ], [ 143.148516269710001, 43.299021130121197 ], [ 143.148684569736986, 43.299200550265397 ], [ 143.148278229956986, 43.299154430332898 ], [ 143.147973539647012, 43.299135260384098 ], [ 143.147628850192007, 43.299146359816802 ], [ 143.147188609566996, 43.299179120320296 ], [ 143.146897800293004, 43.299211330438702 ], [ 143.146637270294008, 43.299272979864298 ], [ 143.146250079778014, 43.299371839638901 ], [ 143.145972039978005, 43.299452929709098 ], [ 143.145672619696001, 43.299543750443902 ], [ 143.145264310399995, 43.2996634502082 ], [ 143.144884890025992, 43.299733709743101 ], [ 143.144560189801012, 43.299803419792198 ], [ 143.144209379558987, 43.299840630141098 ], [ 143.144082719941991, 43.299843960330698 ], [ 143.143860799636002, 43.299828400260701 ], [ 143.143603589934003, 43.299837569748199 ], [ 143.143410830145996, 43.299848390390999 ], [ 143.143090020388001, 43.299899220073101 ], [ 143.142813649729987, 43.2999517000111 ], [ 143.14252589005801, 43.300011969876699 ], [ 143.142237300310995, 43.300068619971 ], [ 143.141951760165995, 43.300138890297703 ], [ 143.14169704967901, 43.300221090131302 ], [ 143.141589839700003, 43.300274970313801 ], [ 143.141287350031007, 43.300407169755303 ], [ 143.140911820125012, 43.300554930166101 ], [ 143.140512670423988, 43.300707119738 ], [ 143.140274910359011, 43.3008037698783 ], [ 143.140018810420003, 43.300888750415702 ], [ 143.139692440153993, 43.300982900440701 ], [ 143.139329130235012, 43.301127319870098 ], [ 143.139001089928996, 43.301237580350197 ], [ 143.138693330232996, 43.301340059895999 ], [ 143.138487229902012, 43.301381169705401 ], [ 143.138389460105998, 43.301389500125502 ], [ 143.138194200202008, 43.301387550395297 ], [ 143.138018930429013, 43.301383939617303 ], [ 143.137688399899986, 43.301365599742802 ], [ 143.137388430132006, 43.301354490417602 ], [ 143.137207880440002, 43.301366150127897 ], [ 143.137075109928986, 43.301397530171997 ], [ 143.136921229631014, 43.301447250090703 ], [ 143.136770960111988, 43.301519730051702 ], [ 143.136737910026994, 43.3015355599183 ], [ 143.136604859827003, 43.301624439916097 ], [ 143.136389869697013, 43.301760250135601 ], [ 143.136074320073988, 43.301931890244703 ], [ 143.13569821999701, 43.302156860151101 ], [ 143.135595729659002, 43.302234620031903 ], [ 143.135432669982009, 43.3023718197039 ], [ 143.135186840301003, 43.302570409796701 ], [ 143.134999620336004, 43.3027514900893 ], [ 143.134789349849001, 43.302907300331803 ], [ 143.134712400257001, 43.302992020065901 ], [ 143.134536009929008, 43.3031842096837 ], [ 143.134395730079007, 43.303347520271998 ], [ 143.134183230171999, 43.303551939770401 ], [ 143.133992390436987, 43.303734969793197 ], [ 143.13381850022401, 43.303910780058601 ], [ 143.13361044026999, 43.304147419567897 ], [ 143.13345016039699, 43.304332670016898 ], [ 143.133328769906996, 43.304488209563402 ], [ 143.133171539634986, 43.304677349580203 ], [ 143.132899029767003, 43.304980090159198 ], [ 143.132715690377012, 43.305239219914299 ], [ 143.132607070260008, 43.3054105902267 ], [ 143.132535399689004, 43.305505019940902 ], [ 143.132402899873995, 43.305698609803201 ], [ 143.132255939859988, 43.305917469715602 ], [ 143.132100660216992, 43.306154659610002 ], [ 143.131980650186989, 43.306373520421801 ], [ 143.131931479754002, 43.306481000198197 ], [ 143.131854520269997, 43.306648759732603 ], [ 143.131775069664002, 43.306798459981103 ], [ 143.131743130241006, 43.306864839840699 ], [ 143.13169728010601, 43.307013989703997 ], [ 143.131626999886009, 43.3072064698029 ], [ 143.131578100149, 43.307374500033298 ], [ 143.131525300052999, 43.307624470193304 ], [ 143.131472790436987, 43.307829440076802 ], [ 143.131460010171992, 43.307892489746799 ], [ 143.131408050042012, 43.308092739988098 ], [ 143.131358869715996, 43.308289660039897 ], [ 143.1312738604, 43.3085060297296 ], [ 143.131237470233003, 43.308617399973201 ], [ 143.131119950426012, 43.3088545898676 ], [ 143.131074389871003, 43.308966800077897 ], [ 143.131024390264002, 43.309054570312398 ], [ 143.130921610343989, 43.309197879978299 ], [ 143.130780500420002, 43.309352299868898 ], [ 143.130658549651997, 43.309503949847603 ], [ 143.130597429928002, 43.309598660150201 ], [ 143.130359650077992, 43.309899170410603 ], [ 143.130145200441007, 43.310146080177603 ], [ 143.129857980362004, 43.310447710093896 ], [ 143.129598810136997, 43.310704620322198 ], [ 143.129139649574995, 43.311230099589601 ], [ 143.129029089621014, 43.311330079919401 ], [ 143.128672709878003, 43.311631149558103 ], [ 143.12837272032499, 43.311887500407998 ], [ 143.128090780165991, 43.312101350197302 ], [ 143.127871899568987, 43.3122860502612 ], [ 143.127720239697993, 43.312384640239102 ], [ 143.127580799814012, 43.312479630230897 ], [ 143.12742358033401, 43.312575999782702 ], [ 143.127264150320002, 43.312680990235698 ], [ 143.127209149582995, 43.312687930303902 ], [ 143.127154989710988, 43.312690149830701 ], [ 143.126868609599001, 43.312851790377998 ], [ 143.126348639577998, 43.313064810093103 ], [ 143.126208380413004, 43.312883159630303 ], [ 143.126102579670004, 43.312602920088899 ], [ 143.125910399945013, 43.312162979837801 ], [ 143.125852360398, 43.311958560339498 ], [ 143.125746000278014, 43.311570000155498 ], [ 143.125648799753009, 43.311338359977498 ], [ 143.125628260136011, 43.311249759668797 ], [ 143.125624099872994, 43.311078669944798 ], [ 143.125629670273014, 43.310914530181599 ], [ 143.125560509709999, 43.3107842696785 ], [ 143.125453860008008, 43.310667609622698 ], [ 143.125333879654988, 43.3106017900407 ], [ 143.125147510449011, 43.3105167897182 ], [ 143.125060849978013, 43.310480410342798 ], [ 143.124893649822013, 43.310405969859801 ], [ 143.124794489674002, 43.310361529860899 ], [ 143.124730889619002, 43.310328479775698 ], [ 143.124467030328987, 43.310180439675698 ], [ 143.124291499753014, 43.310056010376698 ], [ 143.124099300242989, 43.309906300235802 ], [ 143.123968490253986, 43.309764649818902 ], [ 143.123847949623013, 43.3096030002784 ], [ 143.123800739713005, 43.309485240351698 ], [ 143.123726870299009, 43.309338589704304 ], [ 143.123696879707012, 43.309224720244799 ], [ 143.123706610372011, 43.309089730207099 ], [ 143.12373024005899, 43.308891700391797 ], [ 143.123856090286012, 43.3084889803823 ], [ 143.124014159626, 43.308090419737297 ], [ 143.123487829600009, 43.307829340251999 ], [ 143.123015100066993, 43.307606579979797 ], [ 143.122324900074005, 43.3072627295915 ], [ 143.121859949677003, 43.307025529804498 ], [ 143.121120859840005, 43.306646960189298 ], [ 143.12065092000401, 43.306400869704497 ], [ 143.120181529653991, 43.306136729826399 ], [ 143.119888509846987, 43.305950089924899 ], [ 143.119614929785001, 43.305790380222 ], [ 143.119250529888006, 43.305601230312703 ], [ 143.119101940301988, 43.305487910338996 ], [ 143.118899469635011, 43.305338200197902 ], [ 143.118641720339014, 43.305121280123203 ], [ 143.118474530076014, 43.3049215802669 ], [ 143.11841120970999, 43.304829649768699 ], [ 143.118292900297007, 43.304486079968797 ], [ 143.118020189880014, 43.303872270189302 ], [ 143.117969090401004, 43.303753670295798 ], [ 143.117759689558, 43.303267620004803 ], [ 143.117488919878014, 43.302679080275503 ], [ 143.117362010248996, 43.302339120354297 ], [ 143.117324520211014, 43.302214969845103 ], [ 143.117055149875, 43.301566430046897 ], [ 143.116940179646008, 43.301242579681499 ], [ 143.116845490027998, 43.300888459934598 ], [ 143.116713310371011, 43.300425739856202 ], [ 143.116578639593001, 43.299951909553201 ], [ 143.116471729987012, 43.299599449954798 ], [ 143.116390090430997, 43.299335589765803 ], [ 143.116128160187003, 43.299347250375497 ], [ 143.115468490378987, 43.299358900193297 ], [ 143.115147409924987, 43.2993447295758 ], [ 143.114600239909009, 43.299294450278801 ], [ 143.114452189916989, 43.299281949702397 ], [ 143.114175839942988, 43.2991369601028 ], [ 143.114111960199011, 43.299114739653703 ], [ 143.114054460245001, 43.2990839099946 ], [ 143.113903929922998, 43.2990036401061 ], [ 143.113665900060994, 43.298791990058497 ], [ 143.113455949733009, 43.298404259948803 ], [ 143.11330349036399, 43.2980945703084 ], [ 143.113298789607995, 43.297813210211601 ], [ 143.113377429925009, 43.297311330054001 ], [ 143.112576109700001, 43.2972174399331 ], [ 143.111838949808003, 43.297164370039802 ], [ 143.111101819594012, 43.2968163396026 ], [ 143.110614110053007, 43.296349999752898 ], [ 143.110471390343008, 43.295797010224 ], [ 143.110581679601012, 43.295454829876697 ], [ 143.110599460097006, 43.295403449809598 ], [ 143.110611969666991, 43.295342900254802 ], [ 143.110671690047013, 43.2953128997707 ], [ 143.110756130092, 43.295287350031302 ], [ 143.110934450364994, 43.295264029711298 ], [ 143.111032220161007, 43.295254309838697 ], [ 143.111106100365987, 43.2952448696552 ], [ 143.111255809607997, 43.295262369562899 ], [ 143.111329140327996, 43.295262089873702 ], [ 143.111443290376002, 43.295256540157403 ], [ 143.11151106957999, 43.295267099996799 ], [ 143.111559069994996, 43.295271899678603 ], [ 143.111565230351005, 43.2952721002274 ], [ 143.111622170027005, 43.295264599881499 ], [ 143.111710219950993, 43.2952448804471 ], [ 143.111775769735999, 43.295240999872398 ], [ 143.111832429722995, 43.295248770014901 ], [ 143.111928810067013, 43.295254049934599 ], [ 143.111958809650986, 43.295250440056002 ], [ 143.112034080209014, 43.295241279561601 ], [ 143.112103239872994, 43.295230449925498 ], [ 143.112159069785008, 43.295224060242298 ], [ 143.112266840042992, 43.295195180313499 ], [ 143.112321560191987, 43.295179069858399 ], [ 143.112464330264999, 43.295170189952401 ], [ 143.112570429582007, 43.2951451896989 ], [ 143.112643479713, 43.295141310023602 ], [ 143.11269626002499, 43.295141310023602 ], [ 143.112668239848006, 43.295009619598403 ], [ 143.112685749647994, 43.294844489681601 ], [ 143.112740049813993, 43.294758990235401 ], [ 143.112736719623996, 43.294714179715797 ], [ 143.112875709846008, 43.294607449974002 ], [ 143.113076380070993, 43.294494460051503 ], [ 143.113305750360013, 43.294386490144603 ], [ 143.113617809713986, 43.294246079892801 ], [ 143.113801339759988, 43.294170310211797 ], [ 143.113902560255013, 43.2941109396683 ], [ 143.113912760365992, 43.293969460122597 ], [ 143.113647720265988, 43.293749799813597 ], [ 143.113499910392989, 43.2936716199495 ], [ 143.113290930431987, 43.293559930446598 ], [ 143.113102349793991, 43.293485470178503 ], [ 143.112862790186, 43.293418450001603 ], [ 143.11259265992399, 43.293332820153701 ], [ 143.111933830081995, 43.2932023995713 ], [ 143.11162292006199, 43.293139109782302 ], [ 143.111444529642, 43.2930683700095 ], [ 143.111322210151997, 43.292993909741298 ], [ 143.111250849847011, 43.292908279893403 ], [ 143.111225370254999, 43.2927668003477 ], [ 143.111230960440992, 43.292535929989398 ], [ 143.111312510065005, 43.292357220309597 ], [ 143.111322700283011, 43.292286490429397 ], [ 143.111322700283011, 43.2921673500433 ], [ 143.11123934032301, 43.291861989739203 ], [ 143.111224050049998, 43.291713070102297 ], [ 143.111275020026, 43.291631159850297 ], [ 143.111371859923992, 43.2915976502115 ], [ 143.111713339699008, 43.291530639927302 ], [ 143.111850950361003, 43.291497130288498 ], [ 143.11192229987401, 43.2914301200042 ], [ 143.111963079633, 43.291303529634398 ], [ 143.112065009692998, 43.291165779577199 ], [ 143.11214656021599, 43.291076430133302 ], [ 143.112279560053992, 43.290912570059199 ], [ 143.112452839626997, 43.290752479943102 ], [ 143.112542760140002, 43.290651889872997 ], [ 143.112649790256, 43.290469459698002 ], [ 143.112680369902989, 43.290357770195101 ], [ 143.112690560120996, 43.2902758599432 ], [ 143.112710949551001, 43.290045030054301 ], [ 143.112729509758992, 43.2897322197663 ], [ 143.112791740147003, 43.289547409985197 ], [ 143.112887499957992, 43.289382260283297 ], [ 143.113002890171003, 43.289255609658802 ], [ 143.113089529957989, 43.289192309977302 ], [ 143.113369839646992, 43.289028500265303 ], [ 143.113731689965988, 43.288864689653799 ], [ 143.114083350067006, 43.288734379688002 ], [ 143.114545279640993, 43.288555599861198 ], [ 143.114840869711003, 43.288443910358403 ], [ 143.115044729830998, 43.288339669940001 ], [ 143.11529445987199, 43.288276380150997 ], [ 143.115503410153991, 43.288209359974097 ], [ 143.115630819806995, 43.288142349689799 ], [ 143.115707270273987, 43.288045550262098 ], [ 143.115807329744996, 43.287907730057803 ], [ 143.115822620018008, 43.287684340260299 ], [ 143.115837910290992, 43.2875763703533 ], [ 143.115904159748993, 43.287457239859897 ], [ 143.115995899591013, 43.287360440432202 ], [ 143.116230330365994, 43.2872077904074 ], [ 143.116301679879001, 43.287151949702903 ], [ 143.116330389836008, 43.287110919933198 ], [ 143.116325299673008, 43.287017849994001 ], [ 143.116253950160001, 43.286947110221099 ], [ 143.116146920044002, 43.2867162803323 ], [ 143.116045450437014, 43.286567310333297 ], [ 143.115882370076008, 43.2864072202172 ], [ 143.115805930400001, 43.286369990083102 ], [ 143.115586789898998, 43.286258299680902 ], [ 143.115464480301995, 43.2861875599081 ], [ 143.115331979587012, 43.2861428896828 ], [ 143.115245339800992, 43.286101930060198 ], [ 143.115202710136998, 43.286057189687703 ], [ 143.11513645977999, 43.285978999930997 ], [ 143.115161950164008, 43.285811459831201 ], [ 143.115151750053002, 43.285621589564897 ], [ 143.115279159706006, 43.285506179566703 ], [ 143.115447330230012, 43.285424270214101 ], [ 143.115687309821993, 43.285357209567699 ], [ 143.116013469645992, 43.285301359869997 ], [ 143.116258079847, 43.285286469794897 ], [ 143.116431350427007, 43.285264129735999 ], [ 143.116538369750003, 43.285204560442303 ], [ 143.116630109591995, 43.285107760115203 ], [ 143.116706550167009, 43.284977460041901 ], [ 143.116747320032999, 43.284787579883101 ], [ 143.116217319874011, 43.284776410303301 ], [ 143.115937029970013, 43.284750349748997 ], [ 143.115636349737997, 43.2847019500351 ], [ 143.115231900331992, 43.284593909981098 ], [ 143.115063729808014, 43.2845120096217 ], [ 143.114803830233001, 43.284329580345997 ], [ 143.114666230361991, 43.284206720363997 ], [ 143.114482769564006, 43.284065239919101 ], [ 143.114304409721001, 43.283927489861902 ], [ 143.114233060207994, 43.283912599786802 ], [ 143.114069989737999, 43.2838865302393 ], [ 143.113820280381987, 43.283812069971198 ], [ 143.113697969886005, 43.283707829552803 ], [ 143.113584489832988, 43.283588569556997 ], [ 143.113538629803998, 43.283502939709102 ], [ 143.113451999910012, 43.283443370415398 ], [ 143.113350079742986, 43.2834582703831 ], [ 143.113171719898986, 43.283532729751897 ], [ 143.112998450217987, 43.283558790306103 ], [ 143.112743649799995, 43.283540169843199 ], [ 143.112600959767008, 43.283473159558802 ], [ 143.112437890196986, 43.283413590265098 ], [ 143.112356360358007, 43.283413590265098 ], [ 143.112285009944998, 43.283447099903903 ], [ 143.112014920153001, 43.283584849961002 ], [ 143.111760119733987, 43.2836220800951 ], [ 143.111479839722989, 43.283558790306103 ], [ 143.111158789846002, 43.283454539995198 ], [ 143.110980430002996, 43.283383810114898 ], [ 143.110868319616998, 43.283272109820203 ], [ 143.110796979996991, 43.283126919671801 ], [ 143.110740919857989, 43.282884920203102 ], [ 143.110647390364988, 43.282676360225999 ], [ 143.110509800387007, 43.282374789664999 ], [ 143.110495010136987, 43.282199760011103 ], [ 143.110479719863008, 43.2819465900632 ], [ 143.110265690210014, 43.281492380269299 ], [ 143.110088340304998, 43.281067859794099 ], [ 143.109691369660993, 43.280367879674102 ], [ 143.109613150227005, 43.280203989922398 ], [ 143.109577480416988, 43.279798179842302 ], [ 143.109643719981989, 43.279578520432601 ], [ 143.109654930031013, 43.279392279829999 ], [ 143.109619260220995, 43.279228460225497 ], [ 143.109568300136999, 43.278934339648202 ], [ 143.109553009863987, 43.278614160315399 ], [ 143.10956142032299, 43.278290180447598 ], [ 143.109622559834008, 43.278152430390499 ], [ 143.109704089671993, 43.278051909568099 ], [ 143.10985186986801, 43.277984890290597 ], [ 143.11003530998201, 43.277951379752601 ], [ 143.110386899936003, 43.277958829736299 ], [ 143.110789459865998, 43.277966279720196 ], [ 143.110986379917989, 43.277958759589197 ], [ 143.111373639682, 43.277828449623399 ], [ 143.111541790421001, 43.277713039625297 ], [ 143.111684469663004, 43.277534329945503 ], [ 143.111786379937996, 43.277337009695401 ], [ 143.111796570156002, 43.277184369563102 ], [ 143.111750710127012, 43.277154580419698 ], [ 143.111499220112989, 43.277053990349501 ], [ 143.111117060404013, 43.2769869701727 ], [ 143.110627890365009, 43.276931130367501 ], [ 143.110133630163006, 43.276927399979698 ], [ 143.109751469554993, 43.276919959888403 ], [ 143.109471220121009, 43.276882729754298 ], [ 143.109241919979013, 43.276823159561303 ], [ 143.109033010165007, 43.276826880056703 ], [ 143.10888014969899, 43.276901340324699 ], [ 143.10855403034401, 43.276994420156498 ], [ 143.108141299981014, 43.277035369886597 ], [ 143.107906909675989, 43.2769869701727 ], [ 143.107754040217003, 43.276916230399898 ], [ 143.107606279805992, 43.276789649922598 ], [ 143.107483980101989, 43.276666789940599 ], [ 143.107346409909013, 43.276607219747603 ], [ 143.107269970233006, 43.276536479974801 ], [ 143.10716120982201, 43.276435889904597 ], [ 143.107115349793986, 43.276324200401703 ], [ 143.107084780039003, 43.276175279865399 ], [ 143.107115349793986, 43.275992849690503 ], [ 143.107176500095989, 43.2757694598928 ], [ 143.107319170343999, 43.275434389585598 ], [ 143.107444790344999, 43.275166260314798 ], [ 143.107758939722999, 43.274734309640799 ], [ 143.107972939700005, 43.274693359910799 ], [ 143.108181850411995, 43.274626339733999 ], [ 143.108248089977991, 43.274577940020102 ], [ 143.108304130330993, 43.274455080038102 ], [ 143.108385660170001, 43.2743694501901 ], [ 143.108549219871009, 43.274261439813799 ], [ 143.108834560367001, 43.274134850343202 ], [ 143.109186129635987, 43.2740194403451 ], [ 143.109282939856001, 43.273963589748 ], [ 143.109349180321004, 43.2739114704382 ], [ 143.109349180321004, 43.273837010169999 ], [ 143.10916575009901, 43.273676920054001 ], [ 143.109082450394993, 43.273546539941002 ], [ 143.108965259738994, 43.273341769707102 ], [ 143.108960159683988, 43.273192850070103 ], [ 143.108909210392, 43.273151900340103 ], [ 143.108827690445992, 43.273151900340103 ], [ 143.108705399734987, 43.273196569666098 ], [ 143.10850158997701, 43.273233799800202 ], [ 143.108251930082986, 43.273278479918098 ], [ 143.108104169672004, 43.2733380501111 ], [ 143.10795641016, 43.273397620304102 ], [ 143.107665980401009, 43.273438570034202 ], [ 143.107584459555, 43.273494419731797 ], [ 143.107385739959994, 43.273628450193002 ], [ 143.107125889847993, 43.273621000209197 ], [ 143.106809990388996, 43.273613550225299 ], [ 143.106397279811006, 43.273661949939203 ], [ 143.106137419806004, 43.273669399923101 ], [ 143.105984560238994, 43.273505590211002 ], [ 143.105841899884012, 43.273323160036 ], [ 143.105575210427986, 43.273140659713803 ], [ 143.105539539717995, 43.273095979596 ], [ 143.10534083001599, 43.272961950034102 ], [ 143.105305170098006, 43.272868870202402 ], [ 143.105305170098006, 43.272772069875302 ], [ 143.105279689605993, 43.2726454902973 ], [ 143.105269500286994, 43.272582199608998 ], [ 143.105086079958994, 43.272477950197398 ], [ 143.104887370255994, 43.272425829988201 ], [ 143.10472259017601, 43.272384800218497 ], [ 143.104579929820005, 43.272355020068296 ], [ 143.104467840119014, 43.272310339950401 ], [ 143.104411789871989, 43.272228439590997 ], [ 143.104376129955, 43.272083240449398 ], [ 143.104411789871989, 43.271926869929203 ], [ 143.104523879574003, 43.271710930115503 ], [ 143.104585019983006, 43.271632750251399 ], [ 143.104659720369995, 43.271610340045299 ], [ 143.104950140237008, 43.271520979809502 ], [ 143.105087699638005, 43.271468859600397 ], [ 143.105169219584013, 43.271398119827602 ], [ 143.105184509856997, 43.271342280022402 ], [ 143.105260929747999, 43.271182189906298 ], [ 143.105317519587999, 43.271025769923497 ], [ 143.105388850215007, 43.2707874900508 ], [ 143.105490749698987, 43.270619959843401 ], [ 143.10578960970301, 43.270243859766502 ], [ 143.106095309951002, 43.269927400029601 ], [ 143.106338109815994, 43.269718830160102 ], [ 143.106429819980008, 43.269636929800598 ], [ 143.106465479897992, 43.269558740043998 ], [ 143.106501149708009, 43.269380040256799 ], [ 143.106424729818002, 43.269246009795701 ], [ 143.106251499707014, 43.269160379947699 ], [ 143.10598657022399, 43.269182710114102 ], [ 143.105803149895991, 43.269268339962103 ], [ 143.105558599950001, 43.269409820407098 ], [ 143.105436320030009, 43.269499169851002 ], [ 143.105263099811992, 43.269662990354902 ], [ 143.105171389648007, 43.269733730127697 ], [ 143.10503383024701, 43.269797019916702 ], [ 143.104937029919995, 43.269815629587796 ], [ 143.104824940219004, 43.269819359975699 ], [ 143.104723039837012, 43.269789569932897 ], [ 143.104641529783009, 43.2696964999936 ], [ 143.104605859972992, 43.269551299952703 ], [ 143.104554909781001, 43.269443330045803 ], [ 143.104519249864012, 43.269398649927901 ], [ 143.104228839889004, 43.269402370423201 ], [ 143.103062119720988, 43.269677880430002 ], [ 143.102068619770989, 43.269878920276099 ], [ 143.101391000395012, 43.269990619671503 ], [ 143.101187210422012, 43.270005509746603 ], [ 143.10098850971201, 43.269960829628801 ], [ 143.100856039575007, 43.269882649764703 ], [ 143.100759240146999, 43.269782129841602 ], [ 143.100708289956003, 43.269670430446197 ], [ 143.100708289956003, 43.269428439970703 ], [ 143.100673210101007, 43.2693055296266 ], [ 143.10055093018201, 43.268977900309999 ], [ 143.100561699563002, 43.268735849579997 ], [ 143.100627930135005, 43.268572039867898 ], [ 143.100714540244013, 43.268426839827001 ], [ 143.10071964029899, 43.268370990129299 ], [ 143.100918330217013, 43.268177390374397 ], [ 143.101066079835988, 43.268021019854402 ], [ 143.10116346022599, 43.267875780243202 ], [ 143.101199120143008, 43.2675295295643 ], [ 143.10116685966301, 43.267276290368699 ], [ 143.101207619636, 43.267205549696499 ], [ 143.10145725974499, 43.266911430018602 ], [ 143.101496329892001, 43.266814560443798 ], [ 143.101567649727002, 43.266367789841802 ], [ 143.101576150119001, 43.2662336901329 ], [ 143.101606709982008, 43.266058709941703 ], [ 143.101728980009, 43.265920949992001 ], [ 143.101897100170987, 43.265801820397897 ], [ 143.102131450006993, 43.265708739666799 ], [ 143.102409389982, 43.265652870183999 ], [ 143.102485809872007, 43.265570959931999 ], [ 143.102475619654001, 43.265395979740802 ], [ 143.102424670362012, 43.265343860431003 ], [ 143.10235686957401, 43.265290619666501 ], [ 143.102439660262007, 43.265023709876502 ], [ 143.102452999906006, 43.2649223302016 ], [ 143.102457449751995, 43.264887330386202 ], [ 143.102336630330996, 43.264786230400397 ], [ 143.102305250287003, 43.264761790424501 ], [ 143.102073879905987, 43.2646751200609 ], [ 143.101994719781004, 43.264628179946698 ], [ 143.101918069662986, 43.264532080191501 ], [ 143.101999180418005, 43.2645329102658 ], [ 143.101991129687008, 43.264485689563102 ], [ 143.101910590002007, 43.264330150016598 ], [ 143.101769499862996, 43.264210440359697 ], [ 143.101029584448014, 43.263685866709501 ], [ 143.100775945054011, 43.263887912896998 ], [ 143.100612200092996, 43.264018349667303 ], [ 143.100492350141991, 43.264130960075903 ], [ 143.100430908459998, 43.264194594305302 ], [ 143.100282899836003, 43.264350380266002 ], [ 143.100068180401991, 43.264537850241801 ], [ 143.099573240312992, 43.2641531499481 ], [ 143.099504909823992, 43.264111210064499 ], [ 143.099266049888001, 43.263972889837099 ], [ 143.098906920019004, 43.263780669642401 ], [ 143.098334749749, 43.263479299630099 ], [ 143.098002290174009, 43.263273200198199 ], [ 143.097774259874001, 43.263075440179598 ], [ 143.097273770068995, 43.262597980212803 ], [ 143.096796609575989, 43.262097190033401 ], [ 143.096598030275004, 43.261885260296701 ], [ 143.096344999721993, 43.261625009986403 ], [ 143.095923670041998, 43.2611153300086 ], [ 143.095555949847011, 43.260691750224296 ], [ 143.095422369946988, 43.260518699978199 ], [ 143.095235999842004, 43.260345100246397 ], [ 143.094869910118007, 43.260362860058102 ], [ 143.094608819841, 43.260355349819697 ], [ 143.094280790325996, 43.260268680355502 ], [ 143.093914160111012, 43.260145619824598 ], [ 143.093504750043991, 43.260036450222202 ], [ 143.093215330224012, 43.259971719719303 ], [ 143.092795360318007, 43.259893379775797 ], [ 143.092495660346998, 43.259864200372697 ], [ 143.092408439597989, 43.259810869676102 ], [ 143.092247630023991, 43.259734199773703 ], [ 143.091935999647006, 43.259558099926601 ], [ 143.091690470338989, 43.259382549565203 ], [ 143.091478279798991, 43.259187560357802 ], [ 143.091206109874008, 43.258836470426999 ], [ 143.090852570190009, 43.258333440036402 ], [ 143.090531520313988, 43.257870139895203 ], [ 143.090487389680987, 43.257516840330098 ], [ 143.090517419842996, 43.257190759646001 ], [ 143.090575489966994, 43.256983279754699 ], [ 143.090866659868993, 43.256175600423802 ], [ 143.091003079827999, 43.255778420238101 ], [ 143.091021169691004, 43.255460949663203 ], [ 143.091006210368988, 43.254987380163598 ], [ 143.091067619674988, 43.254760189831103 ], [ 143.091249580403996, 43.2544968899197 ], [ 143.091561539932997, 43.254171659994299 ], [ 143.091839880106988, 43.253891969938699 ], [ 143.092062379574998, 43.253690340137297 ], [ 143.091891049731998, 43.253239539673203 ], [ 143.09169276990599, 43.252784019567002 ], [ 143.091453370376996, 43.2524443204492 ], [ 143.09119313985201, 43.252095450045097 ], [ 143.090977629913993, 43.251757980346703 ], [ 143.090873199739008, 43.251564100003399 ], [ 143.090623799749011, 43.2512791201355 ], [ 143.090466049669004, 43.251060520127098 ], [ 143.090161389935986, 43.250529449774398 ], [ 143.089981699996002, 43.250142820435002 ], [ 143.089875079970994, 43.249636760228398 ], [ 143.089946210049987, 43.249428450262897 ], [ 143.089962600194013, 43.2493806701819 ], [ 143.090138459922002, 43.2489687797855 ], [ 143.090198459991001, 43.2488779599501 ], [ 143.090191799612001, 43.248746030305199 ], [ 143.090152920121, 43.248694089960502 ], [ 143.089783500208995, 43.248656849933901 ], [ 143.089580470163014, 43.248399929813097 ], [ 143.089458549971994, 43.248215500445198 ], [ 143.089391349930992, 43.248044950314402 ], [ 143.08931192990201, 43.247713599603102 ], [ 143.088995319978011, 43.247151699591399 ], [ 143.089066170368, 43.246974499873403 ], [ 143.089107569758994, 43.246696749655399 ], [ 143.089278729629996, 43.246029330389398 ], [ 143.089385669812998, 43.245989059647599 ], [ 143.089595940300995, 43.245914069678697 ], [ 143.089824549762994, 43.2458424296846 ], [ 143.090097600124011, 43.245750220396502 ], [ 143.090184819974013, 43.245713289736699 ], [ 143.090296210002009, 43.245686909923101 ] ] } },
{ "type": "Feature", "properties": { "NAME": "大雪山", "ZONE": "特別保護地区" }, "geometry": { "type": "LineString", "coordinates": [ [ 143.11109091981001, 43.402267460375199 ], [ 143.111165889993998, 43.4026388102331 ], [ 143.11117367002899, 43.4026851999622 ], [ 143.111181159582998, 43.402732140076402 ], [ 143.111543009901993, 43.403552919831597 ], [ 143.112255399767008, 43.4039279101451 ], [ 143.112833340087008, 43.404620100337503 ], [ 143.112634630384008, 43.406208560277001 ], [ 143.11248676025599, 43.407580660419299 ], [ 143.112353319750014, 43.409220229730003 ], [ 143.11145000021699, 43.410340659993601 ], [ 143.110447810119013, 43.411260539642299 ], [ 143.109134370054988, 43.410947740146199 ], [ 143.107793130148991, 43.410405539784001 ], [ 143.107661240074009, 43.409917519977697 ], [ 143.107739060210008, 43.409191470310198 ], [ 143.107647549695002, 43.407332739814301 ], [ 143.10778734031399, 43.406279499699302 ], [ 143.107710229742992, 43.404912110205899 ], [ 143.107144780108001, 43.404008019954297 ], [ 143.106562639954006, 43.403534159973702 ], [ 143.104162999622986, 43.404430159924097 ], [ 143.10334334042301, 43.404323500329397 ], [ 143.102883970318999, 43.403753260005097 ], [ 143.10278649010499, 43.403591609565296 ], [ 143.102376009844988, 43.4028699998508 ], [ 143.102502409559008, 43.402622240224403 ], [ 143.102519080290989, 43.402598640215203 ], [ 143.102605200270006, 43.402476430443102 ], [ 143.102787990173994, 43.401912319897797 ], [ 143.102981050334989, 43.401621790313499 ], [ 143.103443839661992, 43.400890479612102 ], [ 143.10408439977499, 43.399842540101297 ], [ 143.103870569771004, 43.399118719853199 ], [ 143.103667840099007, 43.3984382298406 ], [ 143.103520370169008, 43.3981963104115 ], [ 143.103115159937005, 43.397562749721303 ], [ 143.102713559583009, 43.3969494696425 ], [ 143.102045310243, 43.396428670446902 ], [ 143.101287070241995, 43.395849269628201 ], [ 143.100423569991989, 43.395208199598898 ], [ 143.100008919575998, 43.394658239885999 ], [ 143.099617049887001, 43.3941485500158 ], [ 143.099280459726003, 43.393554699789703 ], [ 143.098941370348001, 43.392988070243398 ], [ 143.098283480298988, 43.39181759001 ], [ 143.097181130004998, 43.391371760098799 ], [ 143.096382290110995, 43.391687539948201 ], [ 143.096165629940003, 43.3919069601383 ], [ 143.095716170364994, 43.392429959974798 ], [ 143.094629880165002, 43.392267719579799 ], [ 143.093796939777008, 43.391789680449598 ], [ 143.093203979880002, 43.391260819731201 ], [ 143.092163799719998, 43.391174129582602 ], [ 143.091452169782002, 43.391388539649498 ], [ 143.091125209561, 43.391853490046699 ], [ 143.091097130028999, 43.392180130109097 ], [ 143.091031250192003, 43.392837850186801 ], [ 143.090974260154013, 43.393440580318703 ], [ 143.090932310378008, 43.393570009848197 ], [ 143.090349740347989, 43.395005979842303 ], [ 143.090154719665009, 43.395461769745097 ], [ 143.088612930043013, 43.395244519618998 ], [ 143.088021339812997, 43.394856759831796 ], [ 143.087042309954995, 43.394263440205698 ], [ 143.086030759712003, 43.393929270119898 ], [ 143.084247850157993, 43.394024760134798 ], [ 143.082856810294004, 43.394501630146301 ], [ 143.082299309766, 43.395018799677999 ], [ 143.081862000031009, 43.396365629770202 ], [ 143.082448549561008, 43.397339449855899 ], [ 143.082537050045005, 43.398589080321997 ], [ 143.080946349893992, 43.398340999637597 ], [ 143.079462630395994, 43.397605189627903 ], [ 143.078938240208004, 43.397345200121002 ], [ 143.078694659731013, 43.397219369678297 ], [ 143.07838190969801, 43.397113259569402 ], [ 143.078036109578989, 43.397055200237403 ], [ 143.077726689734988, 43.396998810047201 ], [ 143.077375050319006, 43.397034350355199 ], [ 143.07708283990101, 43.397074899886903 ], [ 143.076724229840011, 43.397364590403697 ], [ 143.076385340112012, 43.397617059779598 ], [ 143.076255049931007, 43.397930639887299 ], [ 143.076121970053009, 43.398274219579697 ], [ 143.075844159579987, 43.398910829871099 ], [ 143.075764719765999, 43.3988899997738 ], [ 143.074974519659008, 43.398709999566996 ], [ 143.074129040022996, 43.398475270217702 ], [ 143.073218859563013, 43.398147499707498 ], [ 143.072682799771997, 43.397964160317898 ], [ 143.071875130333012, 43.3974441902973 ], [ 143.07065388966501, 43.396661719862699 ], [ 143.069646780275008, 43.396039799996899 ], [ 143.068231879597988, 43.395747020308903 ], [ 143.067351949633007, 43.395528690097102 ], [ 143.066428720010009, 43.3947720697753 ], [ 143.066405950074994, 43.394629859980199 ], [ 143.066303199832987, 43.394399610153997 ], [ 143.06621572008001, 43.394049079601501 ], [ 143.066199370405002, 43.393581069710798 ], [ 143.066106099916993, 43.392806970165701 ], [ 143.066029779850993, 43.391888989885203 ], [ 143.065997309827992, 43.3914515299643 ], [ 143.066055930337001, 43.391383210267101 ], [ 143.066345649632012, 43.391128790261597 ], [ 143.066692599984009, 43.390793829671701 ], [ 143.067002330093999, 43.390500520282998 ], [ 143.06714955990401, 43.390299430074798 ], [ 143.067303739675992, 43.389963910106502 ], [ 143.067575989640005, 43.389391190351297 ], [ 143.067830180318992, 43.388877350109802 ], [ 143.067962139640997, 43.388588770255701 ], [ 143.067945479700001, 43.388557380319 ], [ 143.067803279797999, 43.388287679932702 ], [ 143.067627480324006, 43.387958260065801 ], [ 143.066529780424986, 43.387711319721802 ], [ 143.065281259723008, 43.387403550133897 ], [ 143.064380489768013, 43.387155509918998 ], [ 143.063251409825, 43.386870789955097 ], [ 143.062836440149994, 43.386749680053903 ], [ 143.061127110428004, 43.386359139562799 ], [ 143.060006080317009, 43.386104140393897 ], [ 143.059400850069011, 43.385965259888998 ], [ 143.058420369604988, 43.3857491501034 ], [ 143.057446550418007, 43.385515810206599 ], [ 143.056590510044003, 43.385311090334703 ], [ 143.057732110349008, 43.385045040296497 ], [ 143.058362359735014, 43.384879789870602 ], [ 143.058634570128987, 43.384771759709103 ], [ 143.058896219784998, 43.384756490120097 ], [ 143.059440920262006, 43.384566789825698 ], [ 143.059905619749003, 43.384455979859801 ], [ 143.060835849694996, 43.384420720140298 ], [ 143.062122999877005, 43.384321860365702 ], [ 143.063119900163002, 43.384245220140897 ], [ 143.063279900346998, 43.384001090178302 ], [ 143.063722949555, 43.383543089741998 ], [ 143.064307390174008, 43.382881509774101 ], [ 143.065035709730012, 43.382079940437102 ], [ 143.065752099780013, 43.381256159644202 ], [ 143.066411509684002, 43.381062299985302 ], [ 143.067517559788001, 43.380827350302098 ], [ 143.068814439735007, 43.380476309834002 ], [ 143.070327419574994, 43.380094990091898 ], [ 143.070932110228995, 43.379944189972498 ], [ 143.070977659991001, 43.379947520162098 ], [ 143.071096539574, 43.379956689649703 ], [ 143.071201809716001, 43.380084450037501 ], [ 143.071314010034001, 43.380467189809103 ], [ 143.071415930200999, 43.380928530327601 ], [ 143.071431469586997, 43.381207939794798 ], [ 143.071491990363, 43.382211440206 ], [ 143.07149557955799, 43.382651109761099 ], [ 143.07151194991701, 43.383121330185404 ], [ 143.071559710212995, 43.383582110426197 ], [ 143.071659130265004, 43.384017070231799 ], [ 143.071810780242998, 43.384390639616498 ], [ 143.072069349721005, 43.384950580005402 ], [ 143.072300429621009, 43.385373040133899 ], [ 143.072511790086992, 43.385739389761198 ], [ 143.072769800185995, 43.386099919875598 ], [ 143.073123079965995, 43.386497109953801 ], [ 143.073349159635995, 43.386717649799898 ], [ 143.073626069887013, 43.386952919641701 ], [ 143.073800770388999, 43.387049579674503 ], [ 143.074220730402999, 43.3872434600178 ], [ 143.074869549889996, 43.387430129597 ], [ 143.075218410400993, 43.387504570079997 ], [ 143.075656429701013, 43.387537639950303 ], [ 143.075824200027, 43.387538200227901 ], [ 143.076193340250995, 43.387477659666402 ], [ 143.07649001040599, 43.3873605904191 ], [ 143.076682209915987, 43.3872088100387 ], [ 143.076794439911993, 43.3870441001053 ], [ 143.076911390448004, 43.386802179777 ], [ 143.076963349679005, 43.386440549791701 ], [ 143.077034469864998, 43.3863247297027 ], [ 143.077128910370988, 43.386231680447899 ], [ 143.077260300423006, 43.386169750433801 ], [ 143.077517500233, 43.386116980014798 ], [ 143.077662489831994, 43.386117259704001 ], [ 143.077881640225996, 43.386163099947296 ], [ 143.078233269750001, 43.386325039968803 ], [ 143.078675440318989, 43.386610859803497 ], [ 143.079371469718012, 43.387071669721898 ], [ 143.079622830229994, 43.387186659736699 ], [ 143.079662549686986, 43.3872149901798 ], [ 143.079690600441012, 43.387234990202799 ], [ 143.08024473031, 43.387140570381199 ], [ 143.080548880126997, 43.387021140413502 ], [ 143.080953870025013, 43.386805339994602 ], [ 143.081236640258993, 43.386508989997999 ], [ 143.081476650426993, 43.386114860312702 ], [ 143.081473060333991, 43.385779620033603 ], [ 143.08151418003601, 43.385448270221701 ], [ 143.081493070248996, 43.384990269785298 ], [ 143.081451699636006, 43.384319520329797 ], [ 143.081424210058998, 43.383940680018597 ], [ 143.081358389578014, 43.383254929871299 ], [ 143.081229520325991, 43.382994120182701 ], [ 143.082564689809004, 43.383025820385498 ], [ 143.083671550202013, 43.383027240414997 ], [ 143.084022349652003, 43.383694110195201 ], [ 143.084411749802996, 43.384612889973099 ], [ 143.084534240163009, 43.384938410379497 ], [ 143.084918929665008, 43.385771640349098 ], [ 143.085147229760992, 43.385993850236197 ], [ 143.085405810030011, 43.386187449990999 ], [ 143.085891309935988, 43.386412159993398 ], [ 143.086117129701989, 43.386504659762402 ], [ 143.086343769649005, 43.386546599646003 ], [ 143.086590420411994, 43.386577989582698 ], [ 143.087689829921999, 43.386012510269303 ], [ 143.089207809993013, 43.385274290076602 ], [ 143.090416069845986, 43.384688270247601 ], [ 143.09160044010801, 43.384072820104699 ], [ 143.092580100392013, 43.383801480254199 ], [ 143.092420399681998, 43.383601780398003 ], [ 143.092087369935996, 43.383176550357703 ], [ 143.091796280073993, 43.382867140406297 ], [ 143.09150824970601, 43.382662430426997 ], [ 143.091273270344999, 43.382544669601003 ], [ 143.091447419562996, 43.382485229809703 ], [ 143.091813789875005, 43.382463569638197 ], [ 143.092326809935003, 43.382540799818202 ], [ 143.092897320056011, 43.3827232803553 ], [ 143.09359756997199, 43.382056430360102 ], [ 143.093520630272991, 43.381943669764702 ], [ 143.093440079796011, 43.381752019740098 ], [ 143.093432309653991, 43.3816436999969 ], [ 143.093462579933998, 43.381470389846797 ], [ 143.09394312007899, 43.381050449618698 ], [ 143.094965009828002, 43.380116140347802 ], [ 143.095699969978, 43.379449560149197 ], [ 143.095812190081006, 43.379332630296801 ], [ 143.095958300235992, 43.379058230053403 ], [ 143.096076630331993, 43.378817979766097 ], [ 143.096222450005996, 43.378426360088604 ], [ 143.096384120230994, 43.377862270227801 ], [ 143.096495789948989, 43.377253170197797 ], [ 143.096591629800002, 43.376897109714001 ], [ 143.096765520013008, 43.376329390189397 ], [ 143.098418460444009, 43.375761989924101 ], [ 143.098862319939997, 43.375556750244002 ], [ 143.09916425022999, 43.375417049557399 ], [ 143.099388960233, 43.375274290276401 ], [ 143.099370069972991, 43.375254290253501 ], [ 143.099002050304989, 43.375171790046203 ], [ 143.098706800179002, 43.3751345698047 ], [ 143.09814434978199, 43.3750359600417 ], [ 143.097707159658, 43.3749187397082 ], [ 143.097246089835011, 43.374823739823903 ], [ 143.096765859957003, 43.374709019605703 ], [ 143.096203690148002, 43.374601520044301 ], [ 143.095893989715989, 43.374548190246998 ], [ 143.095545960177986, 43.374442910212302 ], [ 143.095340699813988, 43.374375700278499 ], [ 143.095257370431, 43.374298759680201 ], [ 143.095204600012011, 43.374210160270799 ], [ 143.095199609674012, 43.374111279811899 ], [ 143.095246000303007, 43.373970460368596 ], [ 143.09538210999699, 43.373839090102102 ], [ 143.095562930385, 43.373749940307697 ], [ 143.095835960062004, 43.373652960116203 ], [ 143.096551750262989, 43.373508590149498 ], [ 143.097116990356994, 43.3733558403 ], [ 143.097600570210005, 43.373188089758699 ], [ 143.098107759964989, 43.373012009696701 ], [ 143.098936040066008, 43.372737059967498 ], [ 143.099614889716008, 43.372557090337601 ], [ 143.100469000143988, 43.372364630023803 ], [ 143.100960080344009, 43.372208260403099 ], [ 143.100760949758012, 43.371669980185601 ], [ 143.100529330265005, 43.371029769908098 ], [ 143.100346310134, 43.370503709678601 ], [ 143.100186059939006, 43.3700206999955 ], [ 143.100307720225004, 43.369976539685801 ], [ 143.100627990389995, 43.369772960154101 ], [ 143.100862699954007, 43.369582710373898 ], [ 143.100983249577013, 43.369428560279999 ], [ 143.101069650144012, 43.369251079973502 ], [ 143.101152980426008, 43.369019720384003 ], [ 143.101205490040996, 43.368756690269201 ], [ 143.101234940141012, 43.368490609654103 ], [ 143.101237169559994, 43.368224250249099 ], [ 143.101220239821998, 43.367920950291797 ], [ 143.101218860262009, 43.367640430161899 ], [ 143.101217479803012, 43.367354069834597 ], [ 143.101212500256992, 43.3670535496817 ], [ 143.10121916962899, 43.366750249724397 ], [ 143.101220849562992, 43.366492500428699 ], [ 143.101198919594992, 43.366271420090101 ], [ 143.101208359778013, 43.366175039746501 ], [ 143.101251699905987, 43.366095330135501 ], [ 143.101320579880991, 43.3660631101246 ], [ 143.101476960294008, 43.366042000338197 ], [ 143.101738609948995, 43.366068110355201 ], [ 143.102093020176994, 43.366128950390902 ], [ 143.10269575030901, 43.366258110123901 ], [ 143.103255699691005, 43.3663750498689 ], [ 143.103722330022009, 43.3664769898214 ], [ 143.104154240225995, 43.366556149946497 ], [ 143.104606149554002, 43.366620869657602 ], [ 143.105057780093006, 43.366696980181601 ], [ 143.105521359922989, 43.366765039974801 ], [ 143.106058540269999, 43.366853369587503 ], [ 143.106556270055989, 43.366952810324101 ], [ 143.106832920403008, 43.367021700191501 ], [ 143.107046789978, 43.367095580396899 ], [ 143.107425650073992, 43.367261400093703 ], [ 143.107601189642992, 43.367306400370197 ], [ 143.107811169650006, 43.367328340230898 ], [ 143.107994490153999, 43.367313069742501 ], [ 143.108206150093991, 43.367255579681398 ], [ 143.108438630238993, 43.367167810346402 ], [ 143.108746110244994, 43.366986179668601 ], [ 143.109071080266006, 43.366748719977601 ], [ 143.109408840446008, 43.366457089623196 ], [ 143.109726030432, 43.366211019822899 ], [ 143.11003600965401, 43.365942170195197 ], [ 143.110365430419989, 43.365670549756302 ], [ 143.110726789709986, 43.365379209882803 ], [ 143.111037330109014, 43.365079250007597 ], [ 143.111355360061992, 43.364787630444901 ], [ 143.111606740359008, 43.364523780148502 ], [ 143.11172784036799, 43.364355189640399 ], [ 143.111814230143011, 43.364160769703901 ], [ 143.111897010039002, 43.363949130448198 ], [ 143.111948950384004, 43.3637288801838 ], [ 143.11194617957301, 43.363521949778303 ], [ 143.111916469569991, 43.363283919917102 ], [ 143.11182898981599, 43.362999510219403 ], [ 143.111687069602993, 43.362726199954402 ], [ 143.111544590010993, 43.362475389827502 ], [ 143.111422110441993, 43.362204870158799 ], [ 143.111296020095011, 43.361911839559902 ], [ 143.111134939826002, 43.361626869584498 ], [ 143.110782490119988, 43.360824169799699 ], [ 143.110698899934988, 43.360559750232397 ], [ 143.110615309748994, 43.360275620223902 ], [ 143.110577829602988, 43.360051469599803 ], [ 143.110560339588005, 43.3597851101948 ], [ 143.110539520282998, 43.359487369846399 ], [ 143.110515100091988, 43.359025190260503 ], [ 143.110510949721004, 43.358679400034497 ], [ 143.110523460189995, 43.358469970412997 ], [ 143.110583749840004, 43.3582183401045 ], [ 143.110665419973003, 43.358026139694701 ], [ 143.110784310348009, 43.357766439769499 ], [ 143.110915140121989, 43.3574786998823 ], [ 143.111050700329997, 43.357157069943 ], [ 143.111202370092997, 43.356809609675899 ], [ 143.111325429725014, 43.356524649593098 ], [ 143.111440989909994, 43.356239679617701 ], [ 143.11154517007401, 43.355934439822697 ], [ 143.111629340321997, 43.355651969962601 ], [ 143.111674630180005, 43.355368939824899 ], [ 143.111720189835012, 43.355052040319499 ], [ 143.111765479692991, 43.354769010181798 ], [ 143.11181132982901, 43.354460430304798 ], [ 143.111864389830004, 43.354169079639497 ], [ 143.111933570177996, 43.353866609756402 ], [ 143.112002190249001, 43.353572480186003 ], [ 143.112098579585989, 43.353261679882799 ], [ 143.112223029569009, 43.352914219615698 ], [ 143.112287209686997, 43.352653970204798 ], [ 143.112305000075992, 43.352390670293303 ], [ 143.112280019606999, 43.352104309966101 ], [ 143.112161710195011, 43.351810999678001 ], [ 143.112008130270993, 43.351540470116802 ], [ 143.111837039648009, 43.351360489694997 ], [ 143.111277950018007, 43.3509416295527 ], [ 143.110929100297994, 43.350685810202201 ], [ 143.11064274986299, 43.350422219809801 ], [ 143.110371960397998, 43.350164740310703 ], [ 143.110088659564013, 43.349958089594303 ], [ 143.109715090179009, 43.349770320144302 ], [ 143.10925237010099, 43.349576160111901 ], [ 143.108653820017992, 43.3493406195741 ], [ 143.108237760365, 43.349135629905597 ], [ 143.107888069778994, 43.348925370209798 ], [ 143.107472289815007, 43.348708729824203 ], [ 143.107336740398011, 43.3486362300781 ], [ 143.107316750268012, 43.3486256801312 ], [ 143.107115939749008, 43.348473469874897 ], [ 143.106561280178994, 43.348102110124401 ], [ 143.105957460068993, 43.3477346498344 ], [ 143.105435849684994, 43.347408290360498 ], [ 143.105289469733009, 43.3473288496469 ], [ 143.104569830434002, 43.346864730223302 ], [ 143.104153769881009, 43.346559479636397 ], [ 143.104355149670994, 43.346421439997599 ], [ 143.104635980067002, 43.346220630377999 ], [ 143.105149570296987, 43.345877889752998 ], [ 143.105593439686004, 43.3455709799169 ], [ 143.106060370389997, 43.345251299707897 ], [ 143.106439250270995, 43.344984110228701 ], [ 143.106882839971007, 43.344687750339602 ], [ 143.10731727007601, 43.344390840065401 ], [ 143.107746699950013, 43.344107540131098 ], [ 143.108199460037014, 43.343817849614297 ], [ 143.108237239657001, 43.343771190088503 ], [ 143.107532869945999, 43.343199029711599 ], [ 143.107139859916998, 43.342874069582798 ], [ 143.106774059775006, 43.342586050006403 ], [ 143.106358279810991, 43.342257470106297 ], [ 143.105996930413994, 43.3419561198792 ], [ 143.105667520439994, 43.341681980439198 ], [ 143.105315339631005, 43.341390899570499 ], [ 143.105117860201005, 43.341205370331799 ], [ 143.105369530079997, 43.340843189961397 ], [ 143.10561618983499, 43.340494340241797 ], [ 143.105803409799989, 43.340202709887301 ], [ 143.106098970191994, 43.339774709935099 ], [ 143.106350079792009, 43.339432519695201 ], [ 143.10653118976299, 43.339163390378303 ], [ 143.106753959927005, 43.3388614798736 ], [ 143.106981740214991, 43.338552630199899 ], [ 143.107181459857003, 43.338256829689101 ], [ 143.107404790299, 43.337944639933397 ], [ 143.107632280106003, 43.337646059618102 ], [ 143.108059219756996, 43.337061690045097 ], [ 143.108291719687003, 43.3367495002894 ], [ 143.108496159869986, 43.3364470402988 ], [ 143.108709770439987, 43.336151520376497 ], [ 143.108909759878003, 43.335855999554902 ], [ 143.109113930263987, 43.335560209835997 ], [ 143.109153930309986, 43.335488280260101 ], [ 143.109176430448002, 43.335454120411498 ], [ 143.109281709583001, 43.335381639551201 ], [ 143.109445030063995, 43.335255829792899 ], [ 143.109643919630997, 43.335105580058702 ], [ 143.109828910175992, 43.334951990242303 ], [ 143.11000224011201, 43.334818410341498 ], [ 143.110173620316004, 43.334666209977797 ], [ 143.110369999876013, 43.334517630284601 ], [ 143.110534170215999, 43.334377100422998 ], [ 143.110718880171987, 43.334233510168502 ], [ 143.110878320078996, 43.334099649679303 ], [ 143.111074710429989, 43.3339544001756 ], [ 143.111252760007005, 43.333812479962099 ], [ 143.111444419923998, 43.333672229789698 ], [ 143.111613300014, 43.3335333600767 ], [ 143.111809679573014, 43.333383390031599 ], [ 143.111999399653001, 43.333231189667899 ], [ 143.112170230371987, 43.333094269684999 ], [ 143.112359939659996, 43.332945689991803 ], [ 143.112490770333011, 43.332851539966804 ], [ 143.112519929950992, 43.332864039643901 ], [ 143.11260186988099, 43.332909869994701 ], [ 143.112777690038996, 43.332980140321403 ], [ 143.112955719831007, 43.333058189783799 ], [ 143.112797119891013, 43.333189829847001 ], [ 143.112620449873987, 43.333360079604198 ], [ 143.112531290187007, 43.333446730182601 ], [ 143.112369069576999, 43.333627529886797 ], [ 143.112194350188986, 43.3338016701111 ], [ 143.11200768960299, 43.333968860374803 ], [ 143.111836849891006, 43.334159389844203 ], [ 143.111626859991986, 43.334366299565303 ], [ 143.111581859714988, 43.334402960428498 ], [ 143.111959319567006, 43.334600439858598 ], [ 143.112577859780998, 43.334907640175601 ], [ 143.11300531024699, 43.335136229853298 ], [ 143.112850589982997, 43.335298980163998 ], [ 143.112393100361004, 43.335728070094497 ], [ 143.111987009692996, 43.336107180202397 ], [ 143.111622849914994, 43.336469900165902 ], [ 143.11122120009901, 43.336852350355898 ], [ 143.110820099768006, 43.337211460440699 ], [ 143.110437619900011, 43.337567520025203 ], [ 143.11007346012201, 43.337926909799201 ], [ 143.109840409806992, 43.338153539854098 ], [ 143.109855670402993, 43.338620709778098 ], [ 143.109863429754, 43.339014000395998 ], [ 143.109874520192989, 43.339457560418197 ], [ 143.109885330043994, 43.339921400152697 ], [ 143.109871969716011, 43.340529939904997 ], [ 143.109856120063995, 43.340943219754003 ], [ 143.109844990054, 43.3413465099337 ], [ 143.109807189750001, 43.341709249682303 ], [ 143.109809689866012, 43.341887839752196 ], [ 143.109715789852004, 43.342290010275903 ], [ 143.10970162013399, 43.342371389927798 ], [ 143.109644399869012, 43.342488040091197 ], [ 143.109638559671993, 43.342558590106997 ], [ 143.110232380219998, 43.342833570413099 ], [ 143.11088119970799, 43.343119119551901 ], [ 143.111087280253997, 43.343229389924502 ], [ 143.11149306965001, 43.343417990348101 ], [ 143.111931349752012, 43.343641030309499 ], [ 143.111185569858009, 43.343996800312297 ], [ 143.110625050305998, 43.344270369581999 ], [ 143.109994819804996, 43.344580320025898 ], [ 143.109859800089993, 43.344985550043198 ], [ 143.109678690120006, 43.345387170181901 ], [ 143.109535349877007, 43.345742129895498 ], [ 143.109377279638011, 43.346130410390302 ], [ 143.10922921975299, 43.346492040375601 ], [ 143.109076159636999, 43.346856999651003 ], [ 143.10894670043001, 43.347208620181803 ], [ 143.108831970318988, 43.3474999798403 ], [ 143.108945849670988, 43.347551639596603 ], [ 143.109157210136999, 43.347631639688601 ], [ 143.109565219958995, 43.347757190442202 ], [ 143.110050450068002, 43.347954130279 ], [ 143.110590390433998, 43.348161629955399 ], [ 143.111199209875991, 43.348379669686203 ], [ 143.111662769920997, 43.3485468896274 ], [ 143.111837470423012, 43.348619939758599 ], [ 143.111936070294007, 43.348682160253603 ], [ 143.112254090354014, 43.348881870002501 ], [ 143.112699309626009, 43.349198239807102 ], [ 143.113198689667996, 43.349534880330602 ], [ 143.113610859754004, 43.349846800289797 ], [ 143.113845269844006, 43.350062619594397 ], [ 143.114062180025996, 43.350277050345802 ], [ 143.114252160008988, 43.3504856400004 ], [ 143.114422690355013, 43.350699790163297 ], [ 143.114581269609999, 43.350913659737799 ], [ 143.114751520266992, 43.351133359617002 ], [ 143.114910110314014, 43.3513558402 ], [ 143.11502563992201, 43.351589150419102 ], [ 143.115083399778996, 43.351779410091901 ], [ 143.115090609644, 43.351960779966198 ], [ 143.115038660305999, 43.352201030253497 ], [ 143.114958650321995, 43.352457939582401 ], [ 143.114815599660005, 43.352759850087203 ], [ 143.114735870264013, 43.353022599613404 ], [ 143.114671969835996, 43.353271180320903 ], [ 143.114576129985011, 43.353542260267297 ], [ 143.114460850388014, 43.353821679627004 ], [ 143.114376399550991, 43.354112749703802 ], [ 143.114264450143992, 43.354426329811403 ], [ 143.114171939583997, 43.354745740223898 ], [ 143.114128329658996, 43.354937660045202 ], [ 143.114103590208998, 43.355224569858201 ], [ 143.114108590439002, 43.3553117897075 ], [ 143.114136630400992, 43.355439270406201 ], [ 143.114199959761009, 43.355530100134203 ], [ 143.114311050314996, 43.355642029755998 ], [ 143.114410490152011, 43.3556878699994 ], [ 143.114530750194007, 43.3557145304014 ], [ 143.114659069959998, 43.355730089572099 ], [ 143.114912390094986, 43.3557270399711 ], [ 143.115348179975001, 43.355704830313798 ], [ 143.115699820291013, 43.355657339814599 ], [ 143.116011740250002, 43.355591530125203 ], [ 143.116270059715987, 43.355531539948799 ], [ 143.116597529851987, 43.355468769967899 ], [ 143.117186649643997, 43.355374350146299 ], [ 143.117780220181004, 43.355254660274497 ], [ 143.118261569715997, 43.355151349755097 ], [ 143.118526830148994, 43.355082199983698 ], [ 143.118738759886014, 43.354990540181497 ], [ 143.119044850439991, 43.354819460350001 ], [ 143.119182899971008, 43.354744189792697 ], [ 143.119521769914002, 43.3544853397268 ], [ 143.119702600195012, 43.354387849619698 ], [ 143.119948970368995, 43.354344809865303 ], [ 143.12013201028401, 43.354346759595401 ], [ 143.120298099778012, 43.354384530221999 ], [ 143.120735559698005, 43.354525079868701 ], [ 143.120939150021997, 43.3545914696208 ], [ 143.12116439961801, 43.354682300248101 ], [ 143.121332710436008, 43.3548572903318 ], [ 143.121447689658993, 43.355015609682802 ], [ 143.121541559994995, 43.3552558599701 ], [ 143.121661259760003, 43.355581660065802 ], [ 143.121755120203005, 43.355827469961902 ], [ 143.121834270434988, 43.356115780019401 ], [ 143.121007690053005, 43.355789399861102 ], [ 143.120771879719001, 43.355725510224303 ], [ 143.12056468041601, 43.355588020071302 ], [ 143.120438859865999, 43.355526359853798 ], [ 143.120269989668003, 43.355499689559203 ], [ 143.120013070446987, 43.355492190112699 ], [ 143.119753369622003, 43.355486349915303 ], [ 143.119611159827002, 43.355548840207 ], [ 143.119446719691013, 43.355634100433598 ], [ 143.119235620028007, 43.355763809652302 ], [ 143.118969249830997, 43.355842129810597 ], [ 143.118244860311989, 43.356040420429203 ], [ 143.117255220251991, 43.356198159717501 ], [ 143.116351120107993, 43.356289240356297 ], [ 143.115624510163002, 43.356352819727 ], [ 143.114784019967004, 43.356656660176903 ], [ 143.114063799705008, 43.356584149638898 ], [ 143.113849940022988, 43.3565322101935 ], [ 143.113679950169995, 43.356487209916999 ], [ 143.113443030072006, 43.356534970212898 ], [ 143.113013340294003, 43.356650509713397 ], [ 143.112721420356991, 43.356643830448597 ], [ 143.112629200278008, 43.356704100314097 ], [ 143.112404769964002, 43.356865189577 ], [ 143.112001170418011, 43.357377349884899 ], [ 143.111872279582002, 43.357615930131303 ], [ 143.11154922961299, 43.358009770234901 ], [ 143.111487279814014, 43.358209470091097 ], [ 143.111627809676008, 43.3585602704403 ], [ 143.111744990439007, 43.359259639920602 ], [ 143.111709669566011, 43.360060389975203 ], [ 143.112062649872001, 43.361176939664198 ], [ 143.112836430156989, 43.362124079562797 ], [ 143.113041120351994, 43.362590979690097 ], [ 143.113229690198011, 43.363065099574797 ], [ 143.113158859593995, 43.363224240006801 ], [ 143.113149690106013, 43.363245079996602 ], [ 143.113041620374986, 43.3638719497309 ], [ 143.113320459671996, 43.364618819603002 ], [ 143.113591529724999, 43.364970450026398 ], [ 143.11383176022801, 43.3653851400124 ], [ 143.114021449729989, 43.365855370329299 ], [ 143.114192790364996, 43.3665189198124 ], [ 143.114270249871993, 43.3672882799303 ], [ 143.114169390005003, 43.368175399974902 ], [ 143.114005219664989, 43.368727000051202 ], [ 143.113827719574005, 43.3692027800844 ], [ 143.113626060094987, 43.3695027399597 ], [ 143.112831410142007, 43.369811290159099 ], [ 143.111949820028002, 43.370127890190098 ], [ 143.111608729658997, 43.370316190240104 ], [ 143.111461790329002, 43.370475620253799 ], [ 143.111371240290993, 43.370682819556599 ], [ 143.111318450086998, 43.370980559905099 ], [ 143.111331490255992, 43.371208600096999 ], [ 143.111425630388993, 43.371488020355997 ], [ 143.111655579840999, 43.372056300158299 ], [ 143.111810259636002, 43.372405159770501 ], [ 143.112058000377004, 43.372704029667403 ], [ 143.112379890220012, 43.373134000034199 ], [ 143.112509030168013, 43.373381200282303 ], [ 143.112596789609995, 43.373604510040302 ], [ 143.112729810133004, 43.374045310043201 ], [ 143.112825050135996, 43.374402500075497 ], [ 143.112868089891009, 43.374746630152998 ], [ 143.112875569551989, 43.375058270422997 ], [ 143.112794719600998, 43.375451560141499 ], [ 143.112743340433013, 43.375565710189598 ], [ 143.112599730392986, 43.375684579879596 ], [ 143.112572230024995, 43.3756937502665 ], [ 143.112258370228005, 43.375796780197398 ], [ 143.11173897037699, 43.3758753701524 ], [ 143.111547330245003, 43.375868969677398 ], [ 143.111097650336006, 43.375895350390302 ], [ 143.110774059875013, 43.376011159687401 ], [ 143.110253540369001, 43.3762550099609 ], [ 143.109679709950996, 43.3763069296213 ], [ 143.109380840054001, 43.3764366298468 ], [ 143.108985859609987, 43.376730750424002 ], [ 143.108351440066997, 43.377359559995902 ], [ 143.107638130195994, 43.377984759689099 ], [ 143.107020660176005, 43.378360269810699 ], [ 143.106406249649012, 43.3786624402196 ], [ 143.105964320097002, 43.379146270084398 ], [ 143.105637660250011, 43.379594000263097 ], [ 143.105283209552994, 43.380265870273902 ], [ 143.104958500334988, 43.380706090214098 ], [ 143.104615190439006, 43.381000770169599 ], [ 143.104031609570995, 43.381445990340403 ], [ 143.103813009562998, 43.381720389684403 ], [ 143.103661339799004, 43.3821178495593 ], [ 143.10365688006101, 43.382353939582799 ], [ 143.103795470085004, 43.3826564103652 ], [ 143.10414430002001, 43.383116380316899 ], [ 143.104590889858002, 43.383661060110001 ], [ 143.105012480341998, 43.384260180363199 ], [ 143.105288250253011, 43.384825969942703 ], [ 143.105554570088003, 43.385489809907 ], [ 143.10565065005801, 43.385839219904298 ], [ 143.105661459908987, 43.386209739687899 ], [ 143.10560311998799, 43.386472769802701 ], [ 143.105408119988994, 43.3867588504407 ], [ 143.105131189952999, 43.3870829697034 ], [ 143.104835650245008, 43.387349320115199 ], [ 143.104054580054992, 43.387996730365003 ], [ 143.103952849644003, 43.388989689822502 ], [ 143.104542189770001, 43.3896999303077 ], [ 143.104992099906013, 43.390267669617401 ], [ 143.105503399561997, 43.390936790400701 ], [ 143.105729159973009, 43.391648950039198 ], [ 143.105947990207994, 43.392315290118702 ], [ 143.106209850303998, 43.393212430409498 ], [ 143.106557860056995, 43.393519629827203 ], [ 143.107051950287001, 43.393939329936302 ], [ 143.107219150443996, 43.394190419752199 ], [ 143.107579089702995, 43.394719540374602 ], [ 143.108090970321996, 43.395356979840898 ], [ 143.108631450280996, 43.395951650248598 ], [ 143.109001950280003, 43.396529940404598 ], [ 143.109440760083004, 43.397278760006898 ], [ 143.109749039587001, 43.3976001300421 ], [ 143.110328679625013, 43.398212589939199 ], [ 143.110704179853997, 43.398642550413498 ], [ 143.111136869771002, 43.399603299752599 ], [ 143.111149329878003, 43.400313499768302 ], [ 143.111124579635998, 43.4011695203573 ], [ 143.11111428959299, 43.401551699851197 ], [ 143.11109091981001, 43.402267460375199 ] ] } },
{ "type": "Feature", "properties": { "NAME": "大雪山", "ZONE": "特別保護地区" }, "geometry": { "type": "LineString", "coordinates": [ [ 143.074235849805007, 43.671548900261698 ], [ 143.073927830205008, 43.671351130350601 ], [ 143.073562330436999, 43.671150860324097 ], [ 143.073421820361006, 43.670516750148103 ], [ 143.073357140219997, 43.669881809897802 ], [ 143.073419080126996, 43.669883479938797 ], [ 143.073477679950997, 43.669867370383002 ], [ 143.073674060410013, 43.669787659872803 ], [ 143.074019310143001, 43.669638240212798 ], [ 143.074250120247001, 43.6695538100604 ], [ 143.074349560083988, 43.669482150281198 ], [ 143.074577600276001, 43.669279960202203 ], [ 143.074723980227986, 43.669176920378703 ], [ 143.074934530403993, 43.669068320047103 ], [ 143.075104790054013, 43.6690116600602 ], [ 143.075230060219013, 43.668987499773401 ], [ 143.075354770106998, 43.668978619867602 ], [ 143.075598349683986, 43.6689863999026 ], [ 143.075689729797006, 43.6689700196508 ], [ 143.075842780019997, 43.668924749577698 ], [ 143.076023870206001, 43.668856980265602 ], [ 143.076380790440993, 43.668714509666998 ], [ 143.076528549952997, 43.668684789771397 ], [ 143.076596320163986, 43.668676739939798 ], [ 143.076762700139, 43.668705070382899 ], [ 143.076889900249, 43.668741740239298 ], [ 143.077023220245991, 43.668754519605599 ], [ 143.077403459902001, 43.668756749924199 ], [ 143.077454009895007, 43.668770919642398 ], [ 143.077860909952989, 43.668815370433201 ], [ 143.078117279688996, 43.668805379864601 ], [ 143.078236990244989, 43.6687837098006 ], [ 143.078395309596004, 43.668738449619902 ], [ 143.078441419635993, 43.668720390333903 ], [ 143.078497799934013, 43.668681509943902 ], [ 143.078700279593988, 43.668596520413203 ], [ 143.078808330440012, 43.668553200070299 ], [ 143.079081360116987, 43.668543210400998 ], [ 143.079462990124995, 43.668561829964602 ], [ 143.079745180295987, 43.668569049722002 ], [ 143.079855170080009, 43.668513789979599 ], [ 143.080120159817994, 43.668367419920699 ], [ 143.080465969828992, 43.668136340020197 ], [ 143.080607899934989, 43.668011630132803 ], [ 143.080782890019009, 43.667825820305602 ], [ 143.080877889903007, 43.6677177802515 ], [ 143.081013440217987, 43.667555860015099 ], [ 143.081154550142998, 43.6673258898781 ], [ 143.081192050073014, 43.667265340323397 ], [ 143.081322600157989, 43.667024810346902 ], [ 143.081416490278997, 43.666968430049202 ], [ 143.081519530102014, 43.666925099813703 ], [ 143.081788119826001, 43.666912059643998 ], [ 143.081966160409991, 43.666890119783403 ], [ 143.08219946973, 43.666841800109196 ], [ 143.082269740057001, 43.666811250139197 ], [ 143.082353070338002, 43.666767640214601 ], [ 143.082789710077009, 43.6664954603974 ], [ 143.083028300216, 43.666351589554402 ], [ 143.083181899924995, 43.6662596599555 ], [ 143.083288279829986, 43.666196339589597 ], [ 143.08350910026499, 43.666088580123997 ], [ 143.083794349929008, 43.665965269581697 ], [ 143.084047109786013, 43.665843899776299 ], [ 143.083950179956986, 43.665694470223798 ], [ 143.083875760158008, 43.665552530225298 ], [ 143.083846870336998, 43.665501980232399 ], [ 143.083798270073999, 43.665327560318801 ], [ 143.083800500393011, 43.6652461797676 ], [ 143.08383272040399, 43.665205630235803 ], [ 143.084035770235005, 43.664963709907497 ], [ 143.084254649932006, 43.664679579898902 ], [ 143.084429360326993, 43.6645048802961 ], [ 143.084572689778014, 43.664366849650499 ], [ 143.084823779593989, 43.664195480237403 ], [ 143.085200420163005, 43.663940240050202 ], [ 143.085290419816999, 43.663882199603997 ], [ 143.085451519872009, 43.663778319813801 ], [ 143.085649840168003, 43.663628900153803 ], [ 143.086052029578013, 43.663369770398702 ], [ 143.086612540136997, 43.663040929695299 ], [ 143.086761139614993, 43.662951779900901 ], [ 143.086827249678009, 43.662869570174699 ], [ 143.086852529621012, 43.662767360425498 ], [ 143.086928650037009, 43.662520719555701 ], [ 143.087003929588008, 43.662265470375303 ], [ 143.087052269947009, 43.662103819935503 ], [ 143.087133940079013, 43.661895509970002 ], [ 143.087233100227991, 43.661724150449302 ], [ 143.087412819846008, 43.661456120103999 ], [ 143.087638920199993, 43.661160049796599 ], [ 143.087731970354014, 43.661045899748601 ], [ 143.087780590401991, 43.660926190091701 ], [ 143.08789946998499, 43.660689269994002 ], [ 143.088018919738005, 43.660414029783801 ], [ 143.088117249811006, 43.660212669779099 ], [ 143.08821280008101, 43.660030750418997 ], [ 143.088277240102997, 43.659887709650299 ], [ 143.088353079931011, 43.6596907895984 ], [ 143.088418359920013, 43.659509429616698 ], [ 143.088459469729003, 43.6593772202826 ], [ 143.088499750363013, 43.659202240091503 ], [ 143.088348380073995, 43.659108639552201 ], [ 143.088231180424998, 43.658992260084901 ], [ 143.088146189995001, 43.658863659730301 ], [ 143.088039540293011, 43.658643959850998 ], [ 143.087962329898005, 43.658520640315501 ], [ 143.087836799829006, 43.658346490198497 ], [ 143.087720709943, 43.658159840404501 ], [ 143.087609339700009, 43.658000410390798 ], [ 143.087553509787, 43.657936519854701 ], [ 143.087479359784993, 43.657876810266799 ], [ 143.087421590035007, 43.657796259789698 ], [ 143.08733355000399, 43.657714319860098 ], [ 143.087364930048011, 43.6576721002874 ], [ 143.08745214989699, 43.657535729790297 ], [ 143.087511870277012, 43.657428250013901 ], [ 143.087543819592014, 43.657354369808502 ], [ 143.087583539949009, 43.657240489557097 ], [ 143.087610759728989, 43.657131339739699 ], [ 143.087672150150013, 43.656958029589603 ], [ 143.087775760142989, 43.6567511099759 ], [ 143.087825200373004, 43.656671680054203 ], [ 143.087883259704995, 43.656608349795597 ], [ 143.08800157990899, 43.6565080897767 ], [ 143.08826210990901, 43.656350060007398 ], [ 143.088406550022, 43.656243689994497 ], [ 143.088581260416987, 43.656122879567398 ], [ 143.08863874957899, 43.656047049631802 ], [ 143.088691529890013, 43.655969010061902 ], [ 143.088714030028996, 43.6558940200931 ], [ 143.088720979989006, 43.655822919692199 ], [ 143.088736540058989, 43.655675709666397 ], [ 143.088740710216001, 43.655570999802002 ], [ 143.088702939589012, 43.655368250344601 ], [ 143.088688779763999, 43.6552049298638 ], [ 143.088693240401, 43.654993570297201 ], [ 143.088680460135009, 43.654918570435797 ], [ 143.088666579999, 43.654731929634998 ], [ 143.08865380962601, 43.654564449789703 ], [ 143.088658260371005, 43.654492510321198 ], [ 143.088709369741991, 43.654357809865203 ], [ 143.088782980150995, 43.654237270134097 ], [ 143.088858810086009, 43.654134230310703 ], [ 143.088983519973993, 43.653994529624001 ], [ 143.089101289793007, 43.653839269766699 ], [ 143.089235170067013, 43.653688740343298 ], [ 143.089299340292996, 43.653621249821001 ], [ 143.089414330306994, 43.653485989986599 ], [ 143.089549879722995, 43.653283239629999 ], [ 143.089642929878011, 43.653173810123398 ], [ 143.089775140110987, 43.653054110359101 ], [ 143.089841529863008, 43.652994950256897 ], [ 143.090013449661001, 43.652921070051498 ], [ 143.090382589884996, 43.652786660076501 ], [ 143.090540349857008, 43.652748330071503 ], [ 143.090726999650997, 43.652709730269997 ], [ 143.091047800415993, 43.652648089837697 ], [ 143.09115084023901, 43.652609480143603 ], [ 143.092589570253011, 43.652797840448201 ], [ 143.09404996043699, 43.653022869709801 ], [ 143.094120780249995, 43.653045090158997 ], [ 143.094011619641009, 43.653144520103702 ], [ 143.093974959677013, 43.653202010164797 ], [ 143.093944399814006, 43.6532714504173 ], [ 143.093880520070002, 43.6533622702527 ], [ 143.093800250181999, 43.653440590411101 ], [ 143.093768579656, 43.653485859584897 ], [ 143.093716919900004, 43.653578069772301 ], [ 143.093643029801996, 43.653754989801101 ], [ 143.093561089872992, 43.6538821899113 ], [ 143.093553870114988, 43.653931079755701 ], [ 143.09356525013601, 43.653986629979201 ], [ 143.093576079771992, 43.654046069770502 ], [ 143.093569139703988, 43.6540902300802 ], [ 143.093521359622997, 43.654192709626003 ], [ 143.093511639751, 43.654237709902503 ], [ 143.093517190365986, 43.654310199756097 ], [ 143.09352051965601, 43.654405740133001 ], [ 143.093506070248992, 43.654474350311197 ], [ 143.093464960440002, 43.654582390365199 ], [ 143.093431070387993, 43.654647379872898 ], [ 143.093380520394987, 43.654721809564002 ], [ 143.09326357975101, 43.654862350217499 ], [ 143.093243579728011, 43.6549017899858 ], [ 143.093197469687993, 43.655040930394797 ], [ 143.093161080420003, 43.655109539673703 ], [ 143.093087479903005, 43.655207859854997 ], [ 143.093048309931987, 43.655277569904101 ], [ 143.093008040088989, 43.655327279930198 ], [ 143.092993040296989, 43.655403939940001 ], [ 143.093101889741007, 43.656079140140399 ], [ 143.093443759822009, 43.656909059705498 ], [ 143.094420900204994, 43.656527189578298 ], [ 143.095653820368, 43.656568609653803 ], [ 143.097224489918005, 43.656505620238399 ], [ 143.098568780324996, 43.656599819726097 ], [ 143.099582849569003, 43.656324330403699 ], [ 143.100778839972008, 43.6561946598558 ], [ 143.101605940161988, 43.656983480403497 ], [ 143.101915340221012, 43.657310119566503 ], [ 143.103242709883006, 43.657080469588202 ], [ 143.105060280207994, 43.657400770329403 ], [ 143.105655490208989, 43.657492440024299 ], [ 143.10679872008501, 43.656891440187998 ], [ 143.107290349770011, 43.656328469983102 ], [ 143.108535540282986, 43.655203929817702 ], [ 143.108727190308002, 43.655091449810797 ], [ 143.109003560065986, 43.654923139891103 ], [ 143.109563499556003, 43.655099800015897 ], [ 143.109787089902994, 43.655011759984902 ], [ 143.109602120042013, 43.654652909804099 ], [ 143.110370949560007, 43.654237979699197 ], [ 143.111030050097014, 43.654310769926298 ], [ 143.112990430064002, 43.654115289689102 ], [ 143.112973199952989, 43.654324159932202 ], [ 143.112798750362003, 43.655013510065601 ], [ 143.112632079907002, 43.655448450086098 ], [ 143.112201249788001, 43.6567105100821 ], [ 143.112168470399013, 43.656810219716 ], [ 143.112031519839007, 43.657175169998297 ], [ 143.111741260050991, 43.657559839714999 ], [ 143.111712089641003, 43.657830639972197 ], [ 143.111627629811011, 43.6584599999292 ], [ 143.111590119987994, 43.658799680161302 ], [ 143.111645379730987, 43.659182410040302 ], [ 143.111688409593, 43.659778170426399 ], [ 143.111733380190998, 43.660416430074299 ], [ 143.111802250273996, 43.660801109683597 ], [ 143.111872779604994, 43.661339930393602 ], [ 143.111917760096986, 43.6616701704422 ], [ 143.111989409983011, 43.661990140232902 ], [ 143.112004130087001, 43.662144839812697 ], [ 143.11205994021401, 43.662409260279297 ], [ 143.112167699679986, 43.662837270124101 ], [ 143.112302109654991, 43.663216950402102 ], [ 143.112345990275003, 43.663492470301399 ], [ 143.112444580252998, 43.663764109626101 ], [ 143.112681209870004, 43.664174060184898 ], [ 143.11290089985701, 43.664474309641797 ], [ 143.11315059032799, 43.664746510143502 ], [ 143.11344805008801, 43.665012040373497 ], [ 143.113662470046989, 43.665208689729397 ], [ 143.11375772983601, 43.665378390000903 ], [ 143.113660790114011, 43.665455050010699 ], [ 143.113458859938987, 43.665589749567502 ], [ 143.113275820023006, 43.665673900030598 ], [ 143.113101660013996, 43.665783049848002 ], [ 143.113075549997006, 43.665799439992298 ], [ 143.112781129945006, 43.665975799743499 ], [ 143.112713910118998, 43.666012740295898 ], [ 143.112413659763007, 43.666176600370001 ], [ 143.112074230442005, 43.666362400304699 ], [ 143.11184258037099, 43.6664548901812 ], [ 143.111732870276001, 43.666518490236299 ], [ 143.111494000448005, 43.666608470104997 ], [ 143.111330400278007, 43.666643739717003 ], [ 143.111116810393014, 43.666701229778099 ], [ 143.110985139753012, 43.667053409687298 ], [ 143.110914579844007, 43.667203109935798 ], [ 143.110746250140011, 43.667455019933399 ], [ 143.110589599929995, 43.6675275097869 ], [ 143.110431830065011, 43.6675805598951 ], [ 143.110262680179005, 43.667648879592299 ], [ 143.110082969554014, 43.667736360245001 ], [ 143.109817710019001, 43.667892450176602 ], [ 143.109701049964002, 43.667953550116401 ], [ 143.109439400307991, 43.6681740701774 ], [ 143.109234690329004, 43.6683237704258 ], [ 143.109363010094995, 43.668345999868201 ], [ 143.109519379716005, 43.668467379566103 ], [ 143.109763239882, 43.668600419873698 ], [ 143.109867670057014, 43.668697079906501 ], [ 143.10993848986999, 43.668775679753999 ], [ 143.10997348968499, 43.668872620375303 ], [ 143.110032090408993, 43.668938439957202 ], [ 143.110406220071013, 43.6691412100989 ], [ 143.110650080237008, 43.669284529657503 ], [ 143.11073923003201, 43.669377020433302 ], [ 143.110849500403987, 43.6695278403377 ], [ 143.110899769809009, 43.669638099918501 ], [ 143.110927539974, 43.669772810267098 ], [ 143.110946420341008, 43.669979169603202 ], [ 143.110895019590004, 43.670248590300403 ], [ 143.110796130137004, 43.670589659984998 ], [ 143.110743910103992, 43.670778520312602 ], [ 143.110698339657006, 43.671355400331599 ], [ 143.110880820194012, 43.671410119581502 ], [ 143.111145509558014, 43.671494000248103 ], [ 143.108134650393993, 43.671969159749104 ], [ 143.108115770027013, 43.671971929660998 ], [ 143.107776640179992, 43.671840830090403 ], [ 143.107619429692988, 43.671794999739603 ], [ 143.106586769664005, 43.6714150199874 ], [ 143.105855469754005, 43.671154470202801 ], [ 143.105268590174006, 43.670945320270498 ], [ 143.104564500152009, 43.670699219893301 ], [ 143.104388679994003, 43.670782530389701 ], [ 143.104310910220988, 43.670805589906202 ], [ 143.104205089693011, 43.670833909557501 ], [ 143.104068989891999, 43.670871680184099 ], [ 143.103913450345999, 43.670898620275302 ], [ 143.10372207011801, 43.670957220099801 ], [ 143.103658190373011, 43.670984990265303 ], [ 143.103492090087997, 43.671057200429601 ], [ 143.103389320061012, 43.671120799585402 ], [ 143.103120459642014, 43.671270780422297 ], [ 143.102976020427008, 43.671356879716399 ], [ 143.102767709561988, 43.671487689705302 ], [ 143.102713820387009, 43.671521849553898 ], [ 143.102334960289994, 43.671675719958699 ], [ 143.102089150393994, 43.671789309729 ], [ 143.101999159733992, 43.671833470038798 ], [ 143.101902499700998, 43.671860679926603 ], [ 143.101709460223987, 43.671915400075797 ], [ 143.101430600241997, 43.671997599909503 ], [ 143.10120450977999, 43.672045649787101 ], [ 143.10093341994201, 43.672058689956799 ], [ 143.100754550183012, 43.672092849805303 ], [ 143.100607059568006, 43.672138399567601 ], [ 143.100327370412003, 43.672208109616697 ], [ 143.100226819911995, 43.672241430397897 ], [ 143.100302639955004, 43.672339200194102 ], [ 143.10040900996799, 43.6725028003641 ], [ 143.100426789565006, 43.672561679877802 ], [ 143.100425949597991, 43.672686389765303 ], [ 143.100437059823008, 43.672738330110001 ], [ 143.100492600154013, 43.672904979881103 ], [ 143.100537589638009, 43.673012740246001 ], [ 143.100618689600992, 43.673128840024098 ], [ 143.100363159832, 43.673232709921798 ], [ 143.100181229680004, 43.6733076998906 ], [ 143.099920689788007, 43.673452679597602 ], [ 143.099752649664993, 43.673557109773 ], [ 143.099665990093996, 43.673624879984402 ], [ 143.099619880054007, 43.673651540386501 ], [ 143.099362959932989, 43.673792070247998 ], [ 143.099112700191, 43.673915110094399 ], [ 143.098945209553989, 43.673964820120503 ], [ 143.098628019567997, 43.674042029616103 ], [ 143.098448590429996, 43.674090350189701 ], [ 143.098337210294005, 43.6741217302338 ], [ 143.098171949976006, 43.674137839789601 ], [ 143.098059739765006, 43.674172280226699 ], [ 143.09762421968199, 43.674300310411198 ], [ 143.097358130074014, 43.674399729564001 ], [ 143.097126480002999, 43.6744936097924 ], [ 143.09682955983601, 43.674689129599798 ], [ 143.096632350203009, 43.6748252303003 ], [ 143.096547080084008, 43.674863830101899 ], [ 143.096400700131994, 43.674955210214897 ], [ 143.09617460967101, 43.675094630313097 ], [ 143.096101279849989, 43.675152950448499 ], [ 143.096053509661999, 43.6751818402699 ], [ 143.096052120209009, 43.675203500441299 ], [ 143.096033220056995, 43.6755176399273 ], [ 143.096020160102995, 43.675680669927097 ], [ 143.096006819558994, 43.675825660426 ], [ 143.095977099663997, 43.675957859867502 ], [ 143.095945699834004, 43.676101739703697 ], [ 143.095899589793987, 43.676204780426403 ], [ 143.095839599617989, 43.6762647697036 ], [ 143.095755159573002, 43.676302820019302 ], [ 143.095652670134996, 43.6763316999482 ], [ 143.095557399554991, 43.676363359681503 ], [ 143.095496289722007, 43.676395579692397 ], [ 143.095417129596996, 43.676443629570002 ], [ 143.095296579972995, 43.676527780033197 ], [ 143.095282699837014, 43.676557499928798 ], [ 143.095253249737993, 43.676594999859503 ], [ 143.095189649682993, 43.676624989551797 ], [ 143.095110209868011, 43.676646379926602 ], [ 143.095060769638991, 43.676645270163199 ], [ 143.094876350163986, 43.6766077702326 ], [ 143.094723579629999, 43.6765805396603 ], [ 143.094595820140995, 43.676553040190797 ], [ 143.094332790025987, 43.676467209794097 ], [ 143.094126429791004, 43.676384720378699 ], [ 143.094005610370999, 43.676339159824501 ], [ 143.093718419969008, 43.676295829589002 ], [ 143.093584260005997, 43.6762902699801 ], [ 143.093504550395011, 43.676298600400202 ], [ 143.093363730052005, 43.676339149931998 ], [ 143.093254289753986, 43.676371920328101 ], [ 143.093090419786989, 43.676412739656399 ], [ 143.09299653955901, 43.676422460428398 ], [ 143.092909879986991, 43.6764257897186 ], [ 143.092765170077001, 43.6764482898569 ], [ 143.092682120384012, 43.676463009960102 ], [ 143.092625740085992, 43.676489110084503 ], [ 143.092572969667003, 43.676516609554 ], [ 143.092496580352986, 43.676591319833697 ], [ 143.092463530267992, 43.6766415901374 ], [ 143.092408810118997, 43.676743250400897 ], [ 143.092359920273992, 43.676796299609698 ], [ 143.092274089877009, 43.676851839940603 ], [ 143.092107160416987, 43.676915719684899 ], [ 143.091987730450001, 43.676962659799102 ], [ 143.091917460123, 43.677002929641702 ], [ 143.091759969946992, 43.677115690237102 ], [ 143.091682749658986, 43.677175409717599 ], [ 143.091632750052014, 43.677237060042401 ], [ 143.091530259714006, 43.677357050287803 ], [ 143.091416929848009, 43.677463149604797 ], [ 143.091236110358011, 43.677565630049997 ], [ 143.091167510073006, 43.6775867398363 ], [ 143.091091119858987, 43.6775909001001 ], [ 143.090990580150986, 43.677577289760301 ], [ 143.09091225009999, 43.677559789852602 ], [ 143.090791429781007, 43.677535070187503 ], [ 143.090627840402988, 43.677508120203797 ], [ 143.090392860142998, 43.677488679559097 ], [ 143.090105669741007, 43.677458119696603 ], [ 143.08990013958001, 43.677431169712897 ], [ 143.089829030185996, 43.677417560272403 ], [ 143.089720710443004, 43.677374230036797 ], [ 143.089605170043001, 43.677319509887603 ], [ 143.089425470208994, 43.677226740321998 ], [ 143.089264930431995, 43.677132299815902 ], [ 143.089090509620007, 43.677037030134997 ], [ 143.088916089706004, 43.676958420395003 ], [ 143.088857200299998, 43.6769434197032 ], [ 143.088804429881009, 43.676929249985101 ], [ 143.088524739825004, 43.676920639875803 ], [ 143.088386969982992, 43.676931740207799 ], [ 143.088323369927991, 43.676939799932001 ], [ 143.088256429790988, 43.676962020381097 ], [ 143.088147830357997, 43.677038389909903 ], [ 143.087981450384007, 43.677144769815399 ], [ 143.087772849937011, 43.677271969925599 ], [ 143.087578140418998, 43.6773847296217 ], [ 143.087374550096001, 43.677501660373501 ], [ 143.087169010042004, 43.677598029925299 ], [ 143.086921250415998, 43.677716629818804 ], [ 143.086703209784986, 43.6778193899531 ], [ 143.086453510321007, 43.677936589602098 ], [ 143.086240749610994, 43.678031579593899 ], [ 143.086184370213005, 43.678048799812402 ], [ 143.086143540092991, 43.6780465703931 ], [ 143.086090210294998, 43.6780301901413 ], [ 143.086056599931993, 43.678009350151598 ], [ 143.085915509793011, 43.677889359906203 ], [ 143.085790530108994, 43.677796039955503 ], [ 143.085672479701003, 43.677726320013797 ], [ 143.085531949840004, 43.677649939693097 ], [ 143.085323079597003, 43.677566329722502 ], [ 143.085046170244993, 43.677451060018598 ], [ 143.084868129661004, 43.6773735600419 ], [ 143.084707880364988, 43.6772716200894 ], [ 143.084634549644989, 43.677203570188802 ], [ 143.084576789787008, 43.677090529904198 ], [ 143.084530960335996, 43.676959430333604 ], [ 143.084510140130988, 43.676819160376098 ], [ 143.08446987028799, 43.6767075104434 ], [ 143.084430429620994, 43.676675570121603 ], [ 143.084336279595988, 43.676621959735797 ], [ 143.084204900336005, 43.676575019621602 ], [ 143.083973820436, 43.676503070260701 ], [ 143.083771339875994, 43.676433630008198 ], [ 143.083507760275012, 43.676370299749699 ], [ 143.083321390169999, 43.6763230799464 ], [ 143.083204460318001, 43.676293629847301 ], [ 143.08311225013, 43.6763005798081 ], [ 143.082916980335, 43.676342509799198 ], [ 143.08265034034099, 43.676420279572397 ], [ 143.082266759703003, 43.676522760017498 ], [ 143.081919009855, 43.676583019990602 ], [ 143.081184359969996, 43.676581340056899 ], [ 143.080771359810996, 43.676335520268204 ], [ 143.080420009975995, 43.676129150140397 ], [ 143.080130330250995, 43.6759463800216 ], [ 143.07998395029901, 43.675854720219299 ], [ 143.079862579594987, 43.675782219573897 ], [ 143.079679549572006, 43.675703340037302 ], [ 143.079532620135012, 43.675657509686502 ], [ 143.079328199737006, 43.675567789721903 ], [ 143.07929153977301, 43.675560009686897 ], [ 143.079222380109002, 43.675535850299397 ], [ 143.07913654971199, 43.675482519602802 ], [ 143.07901046026501, 43.6753853001916 ], [ 143.078984629936997, 43.675379190197603 ], [ 143.078961020034995, 43.675371410162597 ], [ 143.078911579806004, 43.675384190428197 ], [ 143.078673270254995, 43.675420290114502 ], [ 143.078412740255999, 43.675476110134497 ], [ 143.078225809873004, 43.675491379723603 ], [ 143.07798083005099, 43.675505820137602 ], [ 143.077485319792004, 43.675527199720598 ], [ 143.07720811995901, 43.675548019925401 ], [ 143.076959259561988, 43.6755841304035 ], [ 143.07670178006299, 43.6756357802672 ], [ 143.076513179639988, 43.675677720150802 ], [ 143.076252100154989, 43.675703820275302 ], [ 143.076179050023001, 43.675710760343499 ], [ 143.07613682955099, 43.675714929600503 ], [ 143.076023780273005, 43.675818800397501 ], [ 143.075436350307996, 43.675517430385298 ], [ 143.075391090126999, 43.675364110365599 ], [ 143.075389140396993, 43.675354949871199 ], [ 143.075372760145001, 43.6753479999105 ], [ 143.075307490048999, 43.675321059819197 ], [ 143.075169450409987, 43.675280500394898 ], [ 143.074715049959991, 43.6751730098267 ], [ 143.075115340000991, 43.6743147598185 ], [ 143.07584475043501, 43.673475689651497 ], [ 143.076065849658988, 43.673288219675797 ], [ 143.076751910073, 43.673071590082003 ], [ 143.077077710167998, 43.673049929910498 ], [ 143.076943300192994, 43.672778009997302 ], [ 143.076548079629987, 43.672356379943203 ], [ 143.076010929861013, 43.671987229827003 ], [ 143.075421560057009, 43.671685300436401 ], [ 143.074235849805007, 43.671548900261698 ] ] } },
{ "type": "Feature", "properties": { "NAME": "大雪山", "ZONE": "特別保護地区" }, "geometry": { "type": "LineString", "coordinates": [ [ 143.136137189880003, 43.754157709610801 ], [ 143.134506420435002, 43.754832860348401 ], [ 143.132454029929988, 43.755219710021798 ], [ 143.131592689851004, 43.7552269099941 ], [ 143.131256870408009, 43.755336059811498 ], [ 143.129738920015001, 43.755126040234799 ], [ 143.12959203014799, 43.754353879627999 ], [ 143.12998424967401, 43.754000589955403 ], [ 143.131003099713013, 43.753568429739403 ], [ 143.132592240440005, 43.752512729978697 ], [ 143.132578360303, 43.752326920151397 ], [ 143.132530310426006, 43.751897789751403 ], [ 143.131331249737997, 43.7504579104044 ], [ 143.131535709704991, 43.749423850130803 ], [ 143.131640430362012, 43.748870019735797 ], [ 143.131303539827002, 43.747476540010503 ], [ 143.130548610229994, 43.746461629900502 ], [ 143.129655899999989, 43.745283670005499 ], [ 143.1292117797, 43.744666219770401 ], [ 143.128840439735001, 43.743708250235699 ], [ 143.128676299971005, 43.743246340446397 ], [ 143.128497459890013, 43.7424169496826 ], [ 143.128310009698993, 43.741600349976402 ], [ 143.12825058969301, 43.7412187100756 ], [ 143.127886199688987, 43.740460149916103 ], [ 143.127336570027012, 43.739391329946102 ], [ 143.126981339617004, 43.738790250070203 ], [ 143.126502789672003, 43.738330829604301 ], [ 143.124951530189009, 43.7378169399 ], [ 143.123386119873999, 43.737303870377502 ], [ 143.122285380265993, 43.736964690168499 ], [ 143.121301030018998, 43.736643019759697 ], [ 143.121389370423003, 43.736356930128402 ], [ 143.121341879923989, 43.736332209563997 ], [ 143.121516889793014, 43.7360136301251 ], [ 143.121650490377988, 43.736028080431701 ], [ 143.121783269882002, 43.735811149565102 ], [ 143.121985760335008, 43.735531179820299 ], [ 143.124091709965001, 43.735766789605798 ], [ 143.124995530419994, 43.735873749574097 ], [ 143.125855740051009, 43.735883500023597 ], [ 143.127147859886009, 43.736046860074701 ], [ 143.128201400373996, 43.735796919592403 ], [ 143.129310209598998, 43.735509200389501 ], [ 143.129580470262994, 43.735385329569503 ], [ 143.129878230396002, 43.735256189621602 ], [ 143.130409860127003, 43.7351623300776 ], [ 143.131046480310999, 43.735192339554999 ], [ 143.131572830121996, 43.735338740190898 ], [ 143.131870020086012, 43.735480119911799 ], [ 143.132171099617011, 43.7358817598355 ], [ 143.132551330279995, 43.736413949844099 ], [ 143.132489379580988, 43.736749760293399 ], [ 143.132292990129997, 43.737292760152897 ], [ 143.13206352990801, 43.737935480438203 ], [ 143.131903519832008, 43.7386276400537 ], [ 143.131743779552011, 43.739332570042201 ], [ 143.131648490086008, 43.7397372595671 ], [ 143.131799280313004, 43.740470809580401 ], [ 143.131794260296999, 43.740972710422398 ], [ 143.131804800351006, 43.741475730021101 ], [ 143.131818120209999, 43.741869580017301 ], [ 143.131868379721993, 43.742138169740898 ], [ 143.131928360005986, 43.7424878702192 ], [ 143.131961959577012, 43.7427753502024 ], [ 143.131974450260998, 43.743119209584002 ], [ 143.131969440137993, 43.743441399800901 ], [ 143.131960810242987, 43.743810260335401 ], [ 143.131972739750012, 43.744107460191302 ], [ 143.131991630009992, 43.744292160255199 ], [ 143.132132999838007, 43.7446037996258 ], [ 143.132248259649998, 43.744903219907798 ], [ 143.13232741977501, 43.745077920409898 ], [ 143.132537399781, 43.7453767903068 ], [ 143.133054310308012, 43.745753980362103 ], [ 143.133362339799987, 43.745973969822998 ], [ 143.133887310050994, 43.7463139504287 ], [ 143.134398099793003, 43.746541440235397 ], [ 143.135068059643004, 43.7467711603609 ], [ 143.135673569580007, 43.747029219922801 ], [ 143.136486289611014, 43.747307550203502 ], [ 143.137185689668001, 43.747480610342102 ], [ 143.138039800097005, 43.747652569710503 ], [ 143.138466710070986, 43.747743689919503 ], [ 143.138594750148002, 43.7480431102015 ], [ 143.139297189914004, 43.748418929689997 ], [ 143.139842980368996, 43.748705590390799 ], [ 143.14020573001099, 43.748885030320103 ], [ 143.140378770364009, 43.748970580128301 ], [ 143.140635970174003, 43.749151959895201 ], [ 143.141370350262008, 43.749669439693001 ], [ 143.141605049932991, 43.749848039655497 ], [ 143.141837250388988, 43.749986930052998 ], [ 143.142116940444993, 43.750216089900803 ], [ 143.142444409682014, 43.750444130092703 ], [ 143.142320529869011, 43.750570510021198 ], [ 143.142109969799009, 43.750874909849401 ], [ 143.141703030170987, 43.751445679874401 ], [ 143.141625249605994, 43.751588440054597 ], [ 143.141558299575991, 43.751822309651999 ], [ 143.141589130134008, 43.7519961800798 ], [ 143.141706890060988, 43.752265599877703 ], [ 143.141906580024994, 43.752623909565997 ], [ 143.142127389667991, 43.753001099621201 ], [ 143.142355410074003, 43.753356630404298 ], [ 143.142561780201987, 43.753653830260198 ], [ 143.142745919987988, 43.753960470299603 ], [ 143.142930620051999, 43.754310990060297 ], [ 143.143062260114988, 43.7546454101577 ], [ 143.143222520203011, 43.754985100282298 ], [ 143.143378889823992, 43.7553314597792 ], [ 143.143563589888004, 43.755690040163401 ], [ 143.14365580007501, 43.755852519778202 ], [ 143.14381716992699, 43.756124439691298 ], [ 143.144410709887012, 43.757014360224701 ], [ 143.145133420370996, 43.758108989838099 ], [ 143.146374170032004, 43.758581189670302 ], [ 143.147246310068994, 43.758917449780697 ], [ 143.147602420016, 43.759054789746898 ], [ 143.148970660267992, 43.7595870004399 ], [ 143.149173710099006, 43.759331760252699 ], [ 143.150296459714014, 43.757973339697998 ], [ 143.150685879650013, 43.7579058599677 ], [ 143.150993370447992, 43.757574520048301 ], [ 143.15129752026499, 43.757398439986197 ], [ 143.151249509957012, 43.755793070094299 ], [ 143.151283409901993, 43.755123979887898 ], [ 143.151745329583008, 43.755039289831501 ], [ 143.152662780163013, 43.754873499812298 ], [ 143.154008540061994, 43.754641079922102 ], [ 143.155435409816988, 43.754391160124101 ], [ 143.155910660149004, 43.754307860419601 ], [ 143.155949269843006, 43.754305639993397 ], [ 143.157013620182994, 43.7557146698963 ], [ 143.15704334007799, 43.755747169596397 ], [ 143.157457739583009, 43.756202130324198 ], [ 143.158316000382996, 43.7573031397283 ], [ 143.159035930164009, 43.758204999661203 ], [ 143.159745050093989, 43.757802019747601 ], [ 143.160707769847988, 43.757263510203003 ], [ 143.161793540240012, 43.756652230216403 ], [ 143.163457060295002, 43.755696019755597 ], [ 143.163661770275013, 43.755586039863999 ], [ 143.164238959659997, 43.7552841500437 ], [ 143.164808379802992, 43.754980869871403 ], [ 143.165724449923999, 43.754490959690202 ], [ 143.165790280296989, 43.754427079945998 ], [ 143.166121940375007, 43.7540699096987 ], [ 143.166738029935999, 43.753425559841901 ], [ 143.167088299684991, 43.753053120005603 ], [ 143.167665239959007, 43.752444309557397 ], [ 143.167984129664006, 43.752106310158197 ], [ 143.168327450351995, 43.751750249674402 ], [ 143.168663009889997, 43.751391689974703 ], [ 143.169212449794998, 43.750817050166901 ], [ 143.169533280237005, 43.750483210132202 ], [ 143.170113830388999, 43.749872740434803 ], [ 143.170451319872996, 43.749529179628098 ], [ 143.171048539857992, 43.748888990034999 ], [ 143.1716624, 43.748240200225197 ], [ 143.171962660248994, 43.747913300258702 ], [ 143.172604300448, 43.747238400432003 ], [ 143.172779590006002, 43.7465415400602 ], [ 143.172930159899011, 43.745933279996997 ], [ 143.17303183994801, 43.745534439662798 ], [ 143.173137399670992, 43.745123380240003 ], [ 143.173285750037991, 43.744519280440599 ], [ 143.173426320369003, 43.743871860298299 ], [ 143.173568010356007, 43.743188600373799 ], [ 143.173720809667998, 43.742508399942899 ], [ 143.173924720150012, 43.741539900246401 ], [ 143.17410586969001, 43.740549740378398 ], [ 143.174267010215004, 43.739659559940897 ], [ 143.17175787023001, 43.739522550025796 ], [ 143.169567180180991, 43.739394699705798 ], [ 143.169430590249988, 43.738149820358103 ], [ 143.16780677975899, 43.737863389883699 ], [ 143.165974090031995, 43.737555560041201 ], [ 143.164202219657, 43.737246900124497 ], [ 143.164122230357009, 43.737233000202998 ], [ 143.164049739603996, 43.7370496895917 ], [ 143.163784769652011, 43.736299190055703 ], [ 143.16350840978501, 43.735546190404499 ], [ 143.163115930356014, 43.734446809672697 ], [ 143.162692339779994, 43.733277149620903 ], [ 143.162400970228987, 43.732532189908802 ], [ 143.161904059725003, 43.731229750352803 ], [ 143.161565750058998, 43.730277860235198 ], [ 143.161281879954998, 43.729598729997598 ], [ 143.161428539595988, 43.729476520225397 ], [ 143.162632089699002, 43.728698860264302 ], [ 143.164240320335011, 43.727651240012896 ], [ 143.164594739556009, 43.727436269668303 ], [ 143.165404120403991, 43.726934410195 ], [ 143.166014080185988, 43.726529469759399 ], [ 143.166695970442987, 43.726055929937402 ], [ 143.166692900156988, 43.725355140427602 ], [ 143.166698180076992, 43.7252920898582 ], [ 143.166697590121998, 43.723669429600598 ], [ 143.166669519582996, 43.722396459928902 ], [ 143.165938459791988, 43.722349199656001 ], [ 143.164562169709001, 43.722263850396502 ], [ 143.163405869985013, 43.722184350327701 ], [ 143.16226290001299, 43.722110679664297 ], [ 143.160903830147987, 43.722028940283501 ], [ 143.161124090305009, 43.721202340116101 ], [ 143.161266579788986, 43.720679600183601 ], [ 143.161431840108008, 43.720044380244097 ], [ 143.162986710369012, 43.719847540232003 ], [ 143.163882749889012, 43.719747880060801 ], [ 143.165168480042013, 43.719577130280499 ], [ 143.166029240058009, 43.719467189958998 ], [ 143.166855840224997, 43.719365300368501 ], [ 143.166887779646999, 43.718862830255603 ], [ 143.166928609768007, 43.718046780035003 ], [ 143.166967209569009, 43.717299879585902 ], [ 143.166991930134003, 43.716717150376397 ], [ 143.167033309739992, 43.716114129763497 ], [ 143.167052199999006, 43.715747770243603 ], [ 143.167086910232996, 43.715063090289597 ], [ 143.167118300169989, 43.714423130023597 ], [ 143.167154130059004, 43.713814559694399 ], [ 143.167186070381007, 43.713698739605299 ], [ 143.167369380092993, 43.713517650319503 ], [ 143.167573529794993, 43.713279070073199 ], [ 143.167644909885013, 43.713157419679398 ], [ 143.167717129941991, 43.7130290999132 ], [ 143.167777960085004, 43.7128502202616 ], [ 143.167847119749013, 43.7124741399697 ], [ 143.167891559748, 43.712194719710702 ], [ 143.167900999930993, 43.711952509800703 ], [ 143.167867939953993, 43.711756970208199 ], [ 143.167814340359996, 43.711683640387797 ], [ 143.167765179819014, 43.711654190288797 ], [ 143.167632410208, 43.711690569664199 ], [ 143.166887199585005, 43.711960779966198 ], [ 143.166328910351012, 43.7121637803344 ], [ 143.165616749813012, 43.712003459991898 ], [ 143.164371300294988, 43.711741170019103 ], [ 143.163428049965006, 43.711522230066997 ], [ 143.161943180234005, 43.711169089681903 ], [ 143.161487099850007, 43.711055730138 ], [ 143.16058746034301, 43.711120660290398 ], [ 143.160379420173996, 43.711137320231302 ], [ 143.159260630273991, 43.711411670112597 ], [ 143.158905100390001, 43.711498860284301 ], [ 143.158866770385004, 43.711504689689797 ], [ 143.158405140284998, 43.711283010402802 ], [ 143.158104889929007, 43.711099959695602 ], [ 143.157941010070004, 43.710955800170197 ], [ 143.157632139712007, 43.710642470074099 ], [ 143.157394939925013, 43.710355820165098 ], [ 143.157292449587004, 43.710159160017398 ], [ 143.157180789762009, 43.709849730281 ], [ 143.157090800000987, 43.709612519702198 ], [ 143.157016079827997, 43.709512239898103 ], [ 143.156697770186014, 43.709200589735602 ], [ 143.156348360189014, 43.708944759593102 ], [ 143.156083380344, 43.708808100413599 ], [ 143.155360929762992, 43.708721150361001 ], [ 143.155172609928002, 43.708675030428502 ], [ 143.155044489812013, 43.708665199939198 ], [ 143.154661259909005, 43.708269500037503 ], [ 143.154494879934987, 43.708099500291901 ], [ 143.154276850097006, 43.707800070117301 ], [ 143.15400826037299, 43.707419819669099 ], [ 143.153653289868004, 43.7069273401248 ], [ 143.153313870439007, 43.706445420420003 ], [ 143.153169719906998, 43.706229049830903 ], [ 143.153430810184005, 43.705746300051899 ], [ 143.153551640395989, 43.705527700043497 ], [ 143.153365549980009, 43.704896349886802 ], [ 143.153240840092991, 43.704463320026399 ], [ 143.153154179621993, 43.704202780134402 ], [ 143.152847539582012, 43.703668929977297 ], [ 143.152724220046991, 43.703467280390797 ], [ 143.152394519592008, 43.703013969918999 ], [ 143.152239810118999, 43.702830099929301 ], [ 143.15189233996, 43.702442340142099 ], [ 143.151718189842995, 43.702236819873498 ], [ 143.151328220420993, 43.701895750188903 ], [ 143.151197119951007, 43.701784649742002 ], [ 143.150781330093992, 43.701467189958997 ], [ 143.150446630308011, 43.701166950394601 ], [ 143.15020248955301, 43.700975589951703 ], [ 143.149670029747995, 43.700532580314501 ], [ 143.149340619773994, 43.7002595596311 ], [ 143.149187020065, 43.700180959783602 ], [ 143.148850660129995, 43.699860989992899 ], [ 143.148547639861988, 43.699622960131599 ], [ 143.148124900043996, 43.699169959925896 ], [ 143.147751050071008, 43.698735279809497 ], [ 143.147405810229998, 43.6982581103237 ], [ 143.14704418024499, 43.697778990208398 ], [ 143.146828930211001, 43.6973476402815 ], [ 143.146761990073998, 43.697207380216597 ], [ 143.146707279817008, 43.697052400048399 ], [ 143.146604790379001, 43.696862689861398 ], [ 143.146535360018987, 43.696656600322001 ], [ 143.146483139985008, 43.696581329764697 ], [ 143.146400090291991, 43.696423850380498 ], [ 143.146255390274007, 43.696228309888703 ], [ 143.146074579778002, 43.6959780600396 ], [ 143.145933760334998, 43.695806130348799 ], [ 143.145748769790004, 43.695618090202899 ], [ 143.145561010232996, 43.6954547796146 ], [ 143.145311040073011, 43.695236739883804 ], [ 143.145041620275009, 43.695016760315397 ], [ 143.144778590160001, 43.694810390187499 ], [ 143.144563330234007, 43.694628469928098 ], [ 143.144365859797006, 43.694511749617703 ], [ 143.144036430037005, 43.694360439582802 ], [ 143.143580909930989, 43.6941499001979 ], [ 143.143280379885994, 43.694008530369601 ], [ 143.142874860287009, 43.6937777202658 ], [ 143.142499889758, 43.693546629573497 ], [ 143.142141039578007, 43.693290830008003 ], [ 143.141863839745014, 43.693090569874101 ], [ 143.14176634963701, 43.692968369994396 ], [ 143.141603860130004, 43.692754219831599 ], [ 143.141447209921012, 43.692496750224997 ], [ 143.141312499571995, 43.692194569923601 ], [ 143.141188070272989, 43.691945150148698 ], [ 143.141052529851009, 43.6917537897058 ], [ 143.140948380264007, 43.691496589895799 ], [ 143.140821729638986, 43.691183579958398 ], [ 143.140658410057995, 43.690708079614403 ], [ 143.140499820011001, 43.6903725596461 ], [ 143.140326509861012, 43.689995660071801 ], [ 143.140130689680007, 43.689716249705299 ], [ 143.139954050238998, 43.689331009818403 ], [ 143.140279579639014, 43.689364350384601 ], [ 143.140560390249988, 43.689369630304398 ], [ 143.140921750438991, 43.689402130004503 ], [ 143.141126449626, 43.689403520356301 ], [ 143.141260609590006, 43.689392970409401 ], [ 143.14154309024201, 43.689344919632497 ], [ 143.141822790189991, 43.6892777096987 ], [ 143.142357189833007, 43.689145229668803 ], [ 143.142893540105007, 43.689031090412598 ], [ 143.14311323998399, 43.689003599936399 ], [ 143.143216010011002, 43.688999990057702 ], [ 143.14338099963399, 43.689008039889302 ], [ 143.143532100127004, 43.68904553982 ], [ 143.143685139557988, 43.689103039773599 ], [ 143.143823180096007, 43.689206909671299 ], [ 143.143937859845011, 43.689305479864203 ], [ 143.144009829889995, 43.689396059580602 ], [ 143.144198430313992, 43.689562429662502 ], [ 143.144332580384003, 43.689722689750504 ], [ 143.144455620231014, 43.689829620041102 ], [ 143.144602000182005, 43.689974329951603 ], [ 143.144638660146001, 43.690010710226296 ], [ 143.144921969973012, 43.690185970106597 ], [ 143.145077239723008, 43.690276239557001 ], [ 143.145241109690005, 43.690364839865701 ], [ 143.14547387042299, 43.690445109754201 ], [ 143.14570396017001, 43.690508510159802 ], [ 143.14590967019501, 43.690553710085801 ], [ 143.14609936958999, 43.690581490143799 ], [ 143.146170200195002, 43.690602599930202 ], [ 143.146377959775009, 43.690642039698602 ], [ 143.146494059552992, 43.690677040413298 ], [ 143.146762919973014, 43.690750649922698 ], [ 143.147001510112005, 43.690836199731002 ], [ 143.147183710060006, 43.690933420041503 ], [ 143.147254820353993, 43.691102290238703 ], [ 143.147372029894996, 43.691300320053898 ], [ 143.147750870207005, 43.691747769644003 ], [ 143.148099729818995, 43.691975530146699 ], [ 143.147978350121008, 43.692128559685401 ], [ 143.148605780133011, 43.693080959718699 ], [ 143.15007397013801, 43.694883540143501 ], [ 143.150355609923992, 43.695101859563401 ], [ 143.150597239771002, 43.695634299583404 ], [ 143.150681400127013, 43.695812889653297 ], [ 143.151321890092987, 43.697170790399802 ], [ 143.151631120180014, 43.697287710359703 ], [ 143.151940719887989, 43.697435479763698 ], [ 143.15222485979001, 43.697549920292801 ], [ 143.15402526025801, 43.698233739595601 ], [ 143.154964350325002, 43.699015860194002 ], [ 143.15552152979501, 43.6994177501292 ], [ 143.15665226988699, 43.700832559974899 ], [ 143.157424989871998, 43.702396490006201 ], [ 143.158773210316014, 43.703429230075102 ], [ 143.159713679942996, 43.704874240054302 ], [ 143.160115860359014, 43.705554800214003 ], [ 143.160490089846007, 43.705728729997098 ], [ 143.162339550130014, 43.706724089745101 ], [ 143.164091059854997, 43.706983939857103 ], [ 143.166037279996999, 43.7069704895966 ], [ 143.166157540038995, 43.706908840171003 ], [ 143.166932199861009, 43.706932790016403 ], [ 143.169481970317008, 43.706761630145301 ], [ 143.170205799558005, 43.706887510050699 ], [ 143.171555670257987, 43.7069001203445 ], [ 143.171542610302993, 43.7071015001343 ], [ 143.171288200189991, 43.707630320383103 ], [ 143.170907679945998, 43.708089409898498 ], [ 143.17075519, 43.708354100161799 ], [ 143.17090212033699, 43.708704920296 ], [ 143.170903230100009, 43.709233760329901 ], [ 143.170842409849996, 43.709492630180897 ], [ 143.170893510228012, 43.709660670303798 ], [ 143.170783800132, 43.709946750042697 ], [ 143.17042354970701, 43.7106105603293 ], [ 143.170276899958992, 43.710916919780203 ], [ 143.170102470153012, 43.711143000349402 ], [ 143.169780830321002, 43.711428789607098 ], [ 143.169607520171013, 43.711850139972199 ], [ 143.169430340237994, 43.712399380227403 ], [ 143.169464480301997, 43.712600629615501 ], [ 143.169358659775014, 43.7128817199156 ], [ 143.169328379601012, 43.713140310077399 ], [ 143.169401710321011, 43.713505569726401 ], [ 143.169554200265992, 43.713893610102197 ], [ 143.169668079617992, 43.714287200194299 ], [ 143.169458939578988, 43.714465229986601 ], [ 143.169172570258013, 43.714689920203803 ], [ 143.168982869963997, 43.714966000380798 ], [ 143.168735940411011, 43.7152548500314 ], [ 143.168431250102003, 43.7157386897889 ], [ 143.168278490359995, 43.716038379867499 ], [ 143.168134609625014, 43.716342519791603 ], [ 143.16845402992999, 43.716753619683999 ], [ 143.168611240416993, 43.716933619890803 ], [ 143.168637350434011, 43.717379980401901 ], [ 143.168585410089008, 43.7176921800502 ], [ 143.168504310125996, 43.7182510295615 ], [ 143.168604310240994, 43.718456020129402 ], [ 143.168824570397987, 43.718664910157699 ], [ 143.169029550174002, 43.7189932301536 ], [ 143.168814300140014, 43.719439300183801 ], [ 143.168710149654004, 43.719704270136099 ], [ 143.168640159916009, 43.719932310327998 ], [ 143.168707379741988, 43.720175630001499 ], [ 143.168806539889999, 43.720442000198297 ], [ 143.168890149860999, 43.7206364399199 ], [ 143.168940150368002, 43.720835309701997 ], [ 143.169002100167006, 43.721081410079201 ], [ 143.169247089880997, 43.721500840391599 ], [ 143.169261249707006, 43.721519729751897 ], [ 143.169475960147992, 43.7216211202187 ], [ 143.169717330091004, 43.721685300336503 ], [ 143.170442910312005, 43.721887410375899 ], [ 143.171408040248991, 43.7222870196304 ], [ 143.172021029847002, 43.722559540290703 ], [ 143.172569309625999, 43.723075930110298 ], [ 143.172944270262008, 43.723346760045096 ], [ 143.173000659552997, 43.723666190242596 ], [ 143.173105370316989, 43.7237845203395 ], [ 143.173439220244006, 43.724084789581497 ], [ 143.173387029888005, 43.725286079688999 ], [ 143.173833119703005, 43.726636839818497 ], [ 143.173890339966988, 43.726754329948598 ], [ 143.174417519852994, 43.727904820051499 ], [ 143.174520029976009, 43.728645320025699 ], [ 143.174356740072, 43.729448019810398 ], [ 143.174395640247013, 43.7299815902783 ], [ 143.17432594009, 43.7303462797572 ], [ 143.174275399989995, 43.730664580406298 ], [ 143.174577320386987, 43.731069279823501 ], [ 143.175263360115991, 43.7318542395817 ], [ 143.175399190120999, 43.7322050498233 ], [ 143.176522679877991, 43.732950300016498 ], [ 143.176638779656002, 43.733003080327997 ], [ 143.177254270269003, 43.733264749768601 ], [ 143.177927529731988, 43.733649450062202 ], [ 143.178815499635988, 43.7343971895788 ], [ 143.179252949664004, 43.734794939934702 ], [ 143.179532639720009, 43.734925210330303 ], [ 143.179739009847992, 43.735048260069298 ], [ 143.179221309716013, 43.735493480240102 ], [ 143.179104940141002, 43.735769000139399 ], [ 143.178636930250008, 43.7361614498911 ], [ 143.178161119640009, 43.736954130329003 ], [ 143.178037200256995, 43.737791540347501 ], [ 143.177681110094994, 43.738272590407902 ], [ 143.177749120426, 43.739119999988198 ], [ 143.177688280389987, 43.7394007998072 ], [ 143.177077500426009, 43.7397476899041 ], [ 143.176484500060013, 43.740034030446303 ], [ 143.176113699687988, 43.740213449691097 ], [ 143.175837060132011, 43.740508959720898 ], [ 143.175490400261992, 43.741148330031599 ], [ 143.17528485031599, 43.741524949916702 ], [ 143.174945420095014, 43.7418965596787 ], [ 143.174662659754006, 43.742175409767498 ], [ 143.174537949866988, 43.742287340288698 ], [ 143.174483770210003, 43.742603419612301 ], [ 143.174255720126013, 43.743001419979699 ], [ 143.174014600193999, 43.743601909900399 ], [ 143.173716560370991, 43.743944639733499 ], [ 143.173615439700995, 43.744432080376399 ], [ 143.173692640203001, 43.744592069768402 ], [ 143.173731519694002, 43.744672610352801 ], [ 143.173944239934997, 43.7454786403272 ], [ 143.174258910020995, 43.745842780320203 ], [ 143.174306119931998, 43.745976649802699 ], [ 143.173896149587989, 43.746249389897599 ], [ 143.173459220267006, 43.746984850070902 ], [ 143.173401140251002, 43.747405630265803 ], [ 143.17335697004799, 43.747697540309403 ], [ 143.17329529993799, 43.747819189803899 ], [ 143.172922539942988, 43.748216629893697 ], [ 143.172230089847005, 43.748728770416598 ], [ 143.17194454970101, 43.749176770391799 ], [ 143.171257099835003, 43.749532820083701 ], [ 143.171027660297995, 43.749947480392102 ], [ 143.170807939734999, 43.750155790357603 ], [ 143.170574869635004, 43.750609340049202 ], [ 143.170418199640011, 43.750908190160999 ], [ 143.170354860389011, 43.7510803896485 ], [ 143.169998750442005, 43.751453950039902 ], [ 143.170048449675988, 43.751807239712498 ], [ 143.170031769949986, 43.752138319727898 ], [ 143.170003429615008, 43.752373569784602 ], [ 143.169944530316002, 43.752620479551602 ], [ 143.169695630348997, 43.753102919964 ], [ 143.169590069726013, 43.753310389962699 ], [ 143.169370059581013, 43.753913370106098 ], [ 143.168869460058005, 43.755397639989297 ], [ 143.168705580199003, 43.755531780167701 ], [ 143.168614190193011, 43.755616490009203 ], [ 143.167606720174007, 43.756440250117599 ], [ 143.166105710310006, 43.756810990235202 ], [ 143.166000709965004, 43.757029010180801 ], [ 143.165541849776986, 43.757129539996399 ], [ 143.165259920409, 43.757216189675603 ], [ 143.164303039954007, 43.757550279721798 ], [ 143.163938059993995, 43.757694409569503 ], [ 143.16330920995199, 43.757958529662602 ], [ 143.163226430056, 43.7581668297356 ], [ 143.162443689825011, 43.759108630359201 ], [ 143.162091210440991, 43.759276100311901 ], [ 143.161498729882993, 43.7600565400774 ], [ 143.161348460363001, 43.760254839689303 ], [ 143.161196799593, 43.760453980167199 ], [ 143.160761280408991, 43.760751980419698 ], [ 143.160472400180993, 43.760891680207102 ], [ 143.160375720362993, 43.761255529719101 ], [ 143.160419859988991, 43.761527730220699 ], [ 143.158063360135998, 43.761696229897296 ], [ 143.156633939904992, 43.762528330318297 ], [ 143.15375237986899, 43.763419830061302 ], [ 143.152337769673011, 43.763025650013901 ], [ 143.150835700406986, 43.7628647999707 ], [ 143.148494610438007, 43.762522630415198 ], [ 143.147364849707998, 43.762621340003001 ], [ 143.145537810422013, 43.762660439827599 ], [ 143.143185590443011, 43.761746340121597 ], [ 143.142546460250998, 43.7616557702978 ], [ 143.142140400160002, 43.761231360439098 ], [ 143.141992119940994, 43.7605108703805 ], [ 143.141334979926, 43.759112390424697 ], [ 143.140405910104988, 43.7581119099369 ], [ 143.140335709925012, 43.7561807102717 ], [ 143.140314049754011, 43.756171539884797 ], [ 143.137872299566993, 43.7551421201129 ], [ 143.136137189880003, 43.754157709610801 ] ] } },
{ "type": "Feature", "properties": { "NAME": "大雪山", "ZONE": "特別保護地区" }, "geometry": { "type": "LineString", "coordinates": [ [ 143.072212670178999, 43.743490599911397 ], [ 143.071942690102986, 43.743487529626002 ], [ 143.071637440415998, 43.743474189982102 ], [ 143.071395510195003, 43.743445300160701 ], [ 143.071198299662001, 43.743546669943001 ], [ 143.070988319654987, 43.7434222298522 ], [ 143.070580030143987, 43.7431580800815 ], [ 143.069851490253996, 43.742808369710602 ], [ 143.069415419785997, 43.742585329749303 ], [ 143.068938520096992, 43.742415890281301 ], [ 143.06893602987401, 43.7423009002665 ], [ 143.068924380055989, 43.741961759627699 ], [ 143.068864690253008, 43.741494310014602 ], [ 143.068882489635001, 43.741237110204601 ], [ 143.06875890030301, 43.741032119636799 ], [ 143.068525590083993, 43.740825750408199 ], [ 143.068101200011, 43.740417440212902 ], [ 143.067613479677988, 43.7400430200695 ], [ 143.067169630075, 43.739773590379102 ], [ 143.066834110105987, 43.739619430392601 ], [ 143.066245830280991, 43.739412769783698 ], [ 143.065262849701014, 43.739154999803603 ], [ 143.064342929583006, 43.738847779701402 ], [ 143.063967969846004, 43.738594189770197 ], [ 143.063811039948007, 43.7385336402155 ], [ 143.06331301968001, 43.738454739994403 ], [ 143.062771119692002, 43.7382633597664 ], [ 143.062285060406992, 43.738009769835202 ], [ 143.061654290312987, 43.737541189774298 ], [ 143.06120380011501, 43.736979559559202 ], [ 143.061004659638002, 43.7367334699738 ], [ 143.060743310356003, 43.736308790318603 ], [ 143.060480860304011, 43.735806609787403 ], [ 143.06003401955499, 43.734766130152899 ], [ 143.059350749738002, 43.734606409658198 ], [ 143.058673859711007, 43.734421130431002 ], [ 143.05804615001, 43.734178639932502 ], [ 143.057645359946008, 43.733934769873898 ], [ 143.057430389600995, 43.733771720089003 ], [ 143.057169599697005, 43.733382860430801 ], [ 143.057021590174003, 43.732921230330703 ], [ 143.05707717996799, 43.732494600045897 ], [ 143.056321680201989, 43.732393490167603 ], [ 143.055398980278994, 43.732253210317602 ], [ 143.054376839620005, 43.732106260195899 ], [ 143.053144159574998, 43.731932090293903 ], [ 143.052764179822987, 43.731884310212898 ], [ 143.050522970358998, 43.7315881904428 ], [ 143.049757749820998, 43.731487069772598 ], [ 143.048228430198009, 43.731269569635103 ], [ 143.047787630194989, 43.731221509865001 ], [ 143.046286099624012, 43.730892629591303 ], [ 143.045502829691998, 43.730705129938002 ], [ 143.045132040112009, 43.7305587499865 ], [ 143.044347690094014, 43.730008790273601 ], [ 143.044675199800992, 43.729580499840402 ], [ 143.044921599652014, 43.729258309623397 ], [ 143.045176599720008, 43.728988059751302 ], [ 143.046023010153988, 43.728061769735099 ], [ 143.046326650054993, 43.727406830361097 ], [ 143.046966950264988, 43.726009780327303 ], [ 143.047046669768008, 43.725857570071 ], [ 143.046502849727005, 43.725177089950897 ], [ 143.047069259838992, 43.7238058603523 ], [ 143.047532610341989, 43.722373250225502 ], [ 143.047666510401001, 43.721979689811 ], [ 143.047983470161, 43.721000919856699 ], [ 143.047323869601001, 43.719416639966099 ], [ 143.046932269709004, 43.718487019760303 ], [ 143.046671489698014, 43.717572959624498 ], [ 143.046196859897009, 43.716031470376201 ], [ 143.046495180308995, 43.715779830175201 ], [ 143.048041489923008, 43.7144297400407 ], [ 143.049163109989991, 43.713406539979999 ], [ 143.049751139802993, 43.712834390395003 ], [ 143.050251679971012, 43.712326959621599 ], [ 143.050784969851009, 43.712410569592301 ], [ 143.051736559595014, 43.712491409651001 ], [ 143.052241789726992, 43.712606119976599 ], [ 143.052657309787008, 43.712640570306199 ], [ 143.053100609904988, 43.712625850202997 ], [ 143.053876109695011, 43.712532819833903 ], [ 143.054399960289999, 43.712451999560301 ], [ 143.054541900288996, 43.712471450097503 ], [ 143.054834369710989, 43.712587829564796 ], [ 143.055798719935012, 43.713079729945797 ], [ 143.056345059877003, 43.713343039749603 ], [ 143.056700579867993, 43.7134099897794 ], [ 143.056871399795, 43.713444709905602 ], [ 143.057078320307994, 43.713546089580497 ], [ 143.057221919556014, 43.713653019871103 ], [ 143.057395229706003, 43.713893549847597 ], [ 143.057591030102003, 43.7142160197537 ], [ 143.057721019908996, 43.714369339773398 ], [ 143.058000430275996, 43.7145729300968 ], [ 143.058186249995998, 43.714674590360197 ], [ 143.058322339904009, 43.714715419581097 ], [ 143.05823095979099, 43.714768750277798 ], [ 143.058153740402986, 43.714830959981001 ], [ 143.058069300358, 43.714893169684203 ], [ 143.057998750341994, 43.714924559620897 ], [ 143.057787100295002, 43.714992880217402 ], [ 143.057727100226003, 43.715024270154103 ], [ 143.057578220159002, 43.715032870370898 ], [ 143.057475450131989, 43.715041479580798 ], [ 143.057401450317002, 43.715065079589898 ], [ 143.057292410217002, 43.715153130412801 ], [ 143.057244350447007, 43.715255070365302 ], [ 143.05720656992699, 43.715371160251003 ], [ 143.057172130390001, 43.715433100157597 ], [ 143.057119910355993, 43.715502810206701 ], [ 143.057049630135992, 43.715562249998001 ], [ 143.056864920180004, 43.715667789936703 ], [ 143.056720759754995, 43.715771669726998 ], [ 143.056664929843009, 43.715841379776002 ], [ 143.056532709717004, 43.716033859874898 ], [ 143.056447989983013, 43.716178559892803 ], [ 143.056367710202011, 43.716279380189398 ], [ 143.056173550169007, 43.7164901902702 ], [ 143.056216320126993, 43.716693500005199 ], [ 143.056288530291994, 43.716806269593903 ], [ 143.05639657034601, 43.716908199653901 ], [ 143.056789309679004, 43.717095690313997 ], [ 143.057730329690997, 43.717448999771698 ], [ 143.058241390127989, 43.717730639557502 ], [ 143.058412760441001, 43.717791190011603 ], [ 143.058583029982998, 43.717795079579403 ], [ 143.059182140344006, 43.717775379930004 ], [ 143.060359250379008, 43.717725980170002 ], [ 143.061713570025006, 43.717685470208401 ], [ 143.06321344044801, 43.717569970278099 ], [ 143.064004199934004, 43.717536109903698 ], [ 143.064416379911989, 43.717584720058902 ], [ 143.065331010217989, 43.717822220219396 ], [ 143.065990660240999, 43.7180616602176 ], [ 143.066819179562003, 43.718467199601697 ], [ 143.067422450186001, 43.718743019874601 ], [ 143.067927960008006, 43.7188680202431 ], [ 143.068424849827011, 43.718900250146604 ], [ 143.068823149668987, 43.718961639668102 ], [ 143.06910089988699, 43.719041920348502 ], [ 143.070473810317992, 43.719574679628003 ], [ 143.071108190291, 43.719796340029198 ], [ 143.071723969586003, 43.719941059832202 ], [ 143.072429740439986, 43.720177440336798 ], [ 143.072708050036994, 43.720301599839097 ], [ 143.073051629729008, 43.720520189955003 ], [ 143.073349090388007, 43.720746839794998 ], [ 143.073649339844991, 43.7208987802547 ], [ 143.074412879551005, 43.7212198697014 ], [ 143.074853669660996, 43.721532629627298 ], [ 143.075189749906997, 43.721725670003799 ], [ 143.075517770429002, 43.721851780135701 ], [ 143.075880799759005, 43.721931499639098 ], [ 143.076278259633995, 43.721949280135298 ], [ 143.076562410327, 43.721977900160098 ], [ 143.076775439935005, 43.7220415101078 ], [ 143.077191229791993, 43.722297330357698 ], [ 143.077612299567988, 43.722484540429399 ], [ 143.078373060368989, 43.722843969773599 ], [ 143.07874414042999, 43.7229956296447 ], [ 143.079221319807999, 43.723115629782697 ], [ 143.07981626001299, 43.723306459625597 ], [ 143.080279550260997, 43.723462560348999 ], [ 143.080792830224993, 43.723628389938398 ], [ 143.081266399724996, 43.723758670226601 ], [ 143.081231950294011, 43.7240880802009 ], [ 143.081078880285986, 43.724819110313803 ], [ 143.080973309770997, 43.725390720305697 ], [ 143.080973850263007, 43.725694020262999 ], [ 143.081145760168994, 43.7263095198686 ], [ 143.081234630273997, 43.726586709808998 ], [ 143.081358769990999, 43.727104999896 ], [ 143.081370700397997, 43.7274338495927 ], [ 143.081471240105998, 43.727787980131303 ], [ 143.081574830313997, 43.728095729934203 ], [ 143.081631769989997, 43.728352370365798 ], [ 143.081713700026995, 43.7286345704292 ], [ 143.081625089825991, 43.728902589982702 ], [ 143.081454810390994, 43.729318649636099 ], [ 143.08112537973301, 43.730022180279498 ], [ 143.081079230123009, 43.731305090157903 ], [ 143.081081169959987, 43.731443969763603 ], [ 143.083190990271987, 43.7318578701448 ], [ 143.083628729882008, 43.731949820427999 ], [ 143.084094239657986, 43.731990110055698 ], [ 143.084643639992009, 43.732037339751599 ], [ 143.085755200242005, 43.732239859881801 ], [ 143.086408750163997, 43.732373759941296 ], [ 143.086375420389999, 43.732458469782699 ], [ 143.085972950392005, 43.732697600414099 ], [ 143.085887680272009, 43.7327700902676 ], [ 143.085752409646005, 43.7328184099418 ], [ 143.086246800249995, 43.733225050096202 ], [ 143.086480950435998, 43.733335600158 ], [ 143.086826190277009, 43.733531149642999 ], [ 143.08713615960599, 43.733683369791798 ], [ 143.087545000402002, 43.733983069762999 ], [ 143.086830610444991, 43.734167750041799 ], [ 143.085335740251992, 43.734570149892598 ], [ 143.084186389590002, 43.7349009097493 ], [ 143.084135280218987, 43.734925070036098 ], [ 143.083722530070986, 43.735118650005901 ], [ 143.083200069827996, 43.735323049719099 ], [ 143.082819260001003, 43.735485249644697 ], [ 143.082302909752002, 43.735744650095697 ], [ 143.081563210174011, 43.736262909605799 ], [ 143.081163500195998, 43.736620650023198 ], [ 143.080827949650001, 43.736988100420703 ], [ 143.080656559553006, 43.737283630235503 ], [ 143.080623770270989, 43.737627209928 ], [ 143.080641250393995, 43.737848019570599 ], [ 143.080701790055997, 43.738135499553799 ], [ 143.080781210085007, 43.738322980321499 ], [ 143.080651779655994, 43.7382902000329 ], [ 143.079606039887011, 43.738114080400599 ], [ 143.078311669947993, 43.738510950320297 ], [ 143.07638016001701, 43.7384220100679 ], [ 143.074430050307001, 43.738084200425703 ], [ 143.073853959893, 43.738566370142102 ], [ 143.074088080400998, 43.738955229800197 ], [ 143.074359139662988, 43.739580729866901 ], [ 143.074570449767009, 43.740502050229601 ], [ 143.074325120108, 43.7417452604356 ], [ 143.074423979882994, 43.7421121802331 ], [ 143.074326469991007, 43.742357150162498 ], [ 143.074367550121991, 43.742762950349999 ], [ 143.07433586970501, 43.743045979588402 ], [ 143.074004220418999, 43.743202619905198 ], [ 143.073740889930008, 43.743394820314798 ], [ 143.073152049827002, 43.743419520194898 ], [ 143.072212670178999, 43.743490599911397 ] ] } }
]
}
